query_id,source,pergunta,rank_final,doc_id,rank_rag,rank_graphrag,rrf_rag,rrf_graphrag,score_final_rrf,origem,qrel_score,julgado,relevante_binario
1,search log,técnica e preço,1,20506,3.0,1.0,0.015873015873015872,0.01639344262295082,0.032266458495966696,ambos,3.0,True,True
1,search log,técnica e preço,2,20584,1.0,5.0,0.01639344262295082,0.015384615384615385,0.03177805800756621,ambos,,False,False
1,search log,técnica e preço,3,33887,2.0,4.0,0.016129032258064516,0.015625,0.031754032258064516,ambos,,False,False
1,search log,técnica e preço,4,20970,5.0,2.0,0.015384615384615385,0.016129032258064516,0.0315136476426799,ambos,,False,False
1,search log,técnica e preço,5,21207,7.0,3.0,0.014925373134328358,0.015873015873015872,0.030798389007344232,ambos,,False,False
1,search log,técnica e preço,6,31526,6.0,6.0,0.015151515151515152,0.015151515151515152,0.030303030303030304,ambos,,False,False
1,search log,técnica e preço,7,21064,8.0,7.0,0.014705882352941176,0.014925373134328358,0.029631255487269532,ambos,3.0,True,True
1,search log,técnica e preço,8,21285,9.0,8.0,0.014492753623188406,0.014705882352941176,0.02919863597612958,ambos,,False,False
1,search log,técnica e preço,9,18324,4.0,,0.015625,0.0,0.015625,rag,,False,False
1,search log,técnica e preço,10,31594,,9.0,0.0,0.014492753623188406,0.014492753623188406,graphrag,,False,False
2,search log,restos a pagar,1,17289,1.0,2.0,0.01639344262295082,0.016129032258064516,0.03252247488101534,ambos,2.0,True,True
2,search log,restos a pagar,2,32869,3.0,1.0,0.015873015873015872,0.01639344262295082,0.032266458495966696,ambos,,False,False
2,search log,restos a pagar,3,18432,2.0,4.0,0.016129032258064516,0.015625,0.031754032258064516,ambos,,False,False
2,search log,restos a pagar,4,19084,4.0,3.0,0.015625,0.015873015873015872,0.03149801587301587,ambos,,False,False
2,search log,restos a pagar,5,52046,6.0,5.0,0.015151515151515152,0.015384615384615385,0.030536130536130537,ambos,,False,False
2,search log,restos a pagar,6,43657,5.0,8.0,0.015384615384615385,0.014705882352941176,0.030090497737556562,ambos,,False,False
2,search log,restos a pagar,7,18452,10.0,6.0,0.014285714285714285,0.015151515151515152,0.029437229437229435,ambos,2.0,True,True
2,search log,restos a pagar,8,19664,8.0,9.0,0.014705882352941176,0.014492753623188406,0.02919863597612958,ambos,,False,False
2,search log,restos a pagar,9,91275,9.0,10.0,0.014492753623188406,0.014285714285714285,0.02877846790890269,ambos,,False,False
2,search log,restos a pagar,10,33443,7.0,,0.014925373134328358,0.0,0.014925373134328358,rag,,False,False
3,search log,aditivo a contrato,1,17225,1.0,1.0,0.01639344262295082,0.01639344262295082,0.03278688524590164,ambos,2.0,True,True
3,search log,aditivo a contrato,2,20512,5.0,3.0,0.015384615384615385,0.015873015873015872,0.03125763125763126,ambos,,False,False
3,search log,aditivo a contrato,3,18057,3.0,6.0,0.015873015873015872,0.015151515151515152,0.031024531024531024,ambos,,False,False
3,search log,aditivo a contrato,4,17226,8.0,2.0,0.014705882352941176,0.016129032258064516,0.030834914611005692,ambos,,False,False
3,search log,aditivo a contrato,5,31123,4.0,8.0,0.015625,0.014705882352941176,0.030330882352941176,ambos,,False,False
3,search log,aditivo a contrato,6,81554,9.0,4.0,0.014492753623188406,0.015625,0.030117753623188408,ambos,,False,False
3,search log,aditivo a contrato,7,118408,6.0,7.0,0.015151515151515152,0.014925373134328358,0.03007688828584351,ambos,,False,False
3,search log,aditivo a contrato,8,18365,2.0,,0.016129032258064516,0.0,0.016129032258064516,rag,,False,False
3,search log,aditivo a contrato,9,81314,,5.0,0.0,0.015384615384615385,0.015384615384615385,graphrag,,False,False
3,search log,aditivo a contrato,10,17210,7.0,,0.014925373134328358,0.0,0.014925373134328358,rag,,False,False
4,search log,adesão a ata de registro de preços,1,16981,2.0,1.0,0.016129032258064516,0.01639344262295082,0.03252247488101534,ambos,3.0,True,True
4,search log,adesão a ata de registro de preços,2,20840,1.0,3.0,0.01639344262295082,0.015873015873015872,0.032266458495966696,ambos,,False,False
4,search log,adesão a ata de registro de preços,3,20860,6.0,2.0,0.015151515151515152,0.016129032258064516,0.03128054740957967,ambos,,False,False
4,search log,adesão a ata de registro de preços,4,62306,3.0,7.0,0.015873015873015872,0.014925373134328358,0.030798389007344232,ambos,3.0,True,True
4,search log,adesão a ata de registro de preços,5,52275,7.0,4.0,0.014925373134328358,0.015625,0.03055037313432836,ambos,,False,False
4,search log,adesão a ata de registro de preços,6,42169,10.0,5.0,0.014285714285714285,0.015384615384615385,0.02967032967032967,ambos,,False,False
4,search log,adesão a ata de registro de preços,7,45015,8.0,8.0,0.014705882352941176,0.014705882352941176,0.029411764705882353,ambos,3.0,True,True
4,search log,adesão a ata de registro de preços,8,4230,4.0,,0.015625,0.0,0.015625,rag,,False,False
4,search log,adesão a ata de registro de preços,9,14510,5.0,,0.015384615384615385,0.0,0.015384615384615385,rag,,False,False
4,search log,adesão a ata de registro de preços,10,50537,,6.0,0.0,0.015151515151515152,0.015151515151515152,graphrag,3.0,True,True
5,search log,sobrepreço e superfaturamento,1,53003,3.0,1.0,0.015873015873015872,0.01639344262295082,0.032266458495966696,ambos,3.0,True,True
5,search log,sobrepreço e superfaturamento,2,31126,2.0,6.0,0.016129032258064516,0.015151515151515152,0.03128054740957967,ambos,,False,False
5,search log,sobrepreço e superfaturamento,3,23515,6.0,2.0,0.015151515151515152,0.016129032258064516,0.03128054740957967,ambos,,False,False
5,search log,sobrepreço e superfaturamento,4,20990,4.0,5.0,0.015625,0.015384615384615385,0.031009615384615385,ambos,,False,False
5,search log,sobrepreço e superfaturamento,5,16262,1.0,9.0,0.01639344262295082,0.014492753623188406,0.030886196246139225,ambos,,False,False
5,search log,sobrepreço e superfaturamento,6,21100,7.0,3.0,0.014925373134328358,0.015873015873015872,0.030798389007344232,ambos,,False,False
5,search log,sobrepreço e superfaturamento,7,21172,9.0,4.0,0.014492753623188406,0.015625,0.030117753623188408,ambos,3.0,True,True
5,search log,sobrepreço e superfaturamento,8,17023,5.0,,0.015384615384615385,0.0,0.015384615384615385,rag,,False,False
5,search log,sobrepreço e superfaturamento,9,32637,,7.0,0.0,0.014925373134328358,0.014925373134328358,graphrag,,False,False
5,search log,sobrepreço e superfaturamento,10,21792,8.0,,0.014705882352941176,0.0,0.014705882352941176,rag,,False,False
6,search log,restrição a competitividade,1,17372,3.0,2.0,0.015873015873015872,0.016129032258064516,0.03200204813108039,ambos,3.0,True,True
6,search log,restrição a competitividade,2,17943,6.0,1.0,0.015151515151515152,0.01639344262295082,0.031544957774465976,ambos,,False,False
6,search log,restrição a competitividade,3,17917,1.0,8.0,0.01639344262295082,0.014705882352941176,0.031099324975891997,ambos,,False,False
6,search log,restrição a competitividade,4,20853,7.0,3.0,0.014925373134328358,0.015873015873015872,0.030798389007344232,ambos,,False,False
6,search log,restrição a competitividade,5,17391,2.0,10.0,0.016129032258064516,0.014285714285714285,0.0304147465437788,ambos,,False,False
6,search log,restrição a competitividade,6,21888,8.0,4.0,0.014705882352941176,0.015625,0.030330882352941176,ambos,,False,False
6,search log,restrição a competitividade,7,28863,4.0,9.0,0.015625,0.014492753623188406,0.030117753623188408,ambos,,False,False
6,search log,restrição a competitividade,8,16409,10.0,7.0,0.014285714285714285,0.014925373134328358,0.029211087420042643,ambos,,False,False
6,search log,restrição a competitividade,9,38349,5.0,,0.015384615384615385,0.0,0.015384615384615385,rag,,False,False
6,search log,restrição a competitividade,10,18286,,5.0,0.0,0.015384615384615385,0.015384615384615385,graphrag,,False,False
7,search log,acréscimos e supressões,1,49135,1.0,1.0,0.01639344262295082,0.01639344262295082,0.03278688524590164,ambos,,False,False
7,search log,acréscimos e supressões,2,18019,2.0,2.0,0.016129032258064516,0.016129032258064516,0.03225806451612903,ambos,,False,False
7,search log,acréscimos e supressões,3,17090,8.0,3.0,0.014705882352941176,0.015873015873015872,0.03057889822595705,ambos,,False,False
7,search log,acréscimos e supressões,4,18359,7.0,5.0,0.014925373134328358,0.015384615384615385,0.030309988518943745,ambos,3.0,True,True
7,search log,acréscimos e supressões,5,18936,6.0,6.0,0.015151515151515152,0.015151515151515152,0.030303030303030304,ambos,,False,False
7,search log,acréscimos e supressões,6,11604,3.0,10.0,0.015873015873015872,0.014285714285714285,0.030158730158730156,ambos,,False,False
7,search log,acréscimos e supressões,7,17022,5.0,8.0,0.015384615384615385,0.014705882352941176,0.030090497737556562,ambos,3.0,True,True
7,search log,acréscimos e supressões,8,17249,10.0,4.0,0.014285714285714285,0.015625,0.029910714285714284,ambos,,False,False
7,search log,acréscimos e supressões,9,32639,4.0,,0.015625,0.0,0.015625,rag,3.0,True,True
7,search log,acréscimos e supressões,10,18018,,7.0,0.0,0.014925373134328358,0.014925373134328358,graphrag,,False,False
8,search log,obras e serviços de engenharia,1,31531,1.0,3.0,0.01639344262295082,0.015873015873015872,0.032266458495966696,ambos,,False,False
8,search log,obras e serviços de engenharia,2,31612,2.0,2.0,0.016129032258064516,0.016129032258064516,0.03225806451612903,ambos,,False,False
8,search log,obras e serviços de engenharia,3,31633,7.0,1.0,0.014925373134328358,0.01639344262295082,0.03131881575727918,ambos,,False,False
8,search log,obras e serviços de engenharia,4,11626,4.0,5.0,0.015625,0.015384615384615385,0.031009615384615385,ambos,,False,False
8,search log,obras e serviços de engenharia,5,189,8.0,4.0,0.014705882352941176,0.015625,0.030330882352941176,ambos,,False,False
8,search log,obras e serviços de engenharia,6,11653,6.0,10.0,0.015151515151515152,0.014285714285714285,0.029437229437229435,ambos,,False,False
8,search log,obras e serviços de engenharia,7,40157,10.0,6.0,0.014285714285714285,0.015151515151515152,0.029437229437229435,ambos,,False,False
8,search log,obras e serviços de engenharia,8,135712,9.0,7.0,0.014492753623188406,0.014925373134328358,0.029418126757516764,ambos,3.0,True,True
8,search log,obras e serviços de engenharia,9,21114,3.0,,0.015873015873015872,0.0,0.015873015873015872,rag,,False,False
8,search log,obras e serviços de engenharia,10,161,5.0,,0.015384615384615385,0.0,0.015384615384615385,rag,,False,False
9,search log,fiscalizacao de contratos,1,18375,3.0,1.0,0.015873015873015872,0.01639344262295082,0.032266458495966696,ambos,,False,False
9,search log,fiscalizacao de contratos,2,32641,4.0,3.0,0.015625,0.015873015873015872,0.03149801587301587,ambos,,False,False
9,search log,fiscalizacao de contratos,3,21114,2.0,6.0,0.016129032258064516,0.015151515151515152,0.03128054740957967,ambos,,False,False
9,search log,fiscalizacao de contratos,4,53626,6.0,2.0,0.015151515151515152,0.016129032258064516,0.03128054740957967,ambos,,False,False
9,search log,fiscalizacao de contratos,5,18341,1.0,8.0,0.01639344262295082,0.014705882352941176,0.031099324975891997,ambos,,False,False
9,search log,fiscalizacao de contratos,6,33812,5.0,4.0,0.015384615384615385,0.015625,0.031009615384615385,ambos,,False,False
9,search log,fiscalizacao de contratos,7,21109,9.0,5.0,0.014492753623188406,0.015384615384615385,0.029877369007803793,ambos,,False,False
9,search log,fiscalizacao de contratos,8,53417,8.0,7.0,0.014705882352941176,0.014925373134328358,0.029631255487269532,ambos,,False,False
9,search log,fiscalizacao de contratos,9,83623,7.0,9.0,0.014925373134328358,0.014492753623188406,0.029418126757516764,ambos,,False,False
9,search log,fiscalizacao de contratos,10,19355,10.0,,0.014285714285714285,0.0,0.014285714285714285,rag,3.0,True,True
10,search log,diarias e passagens,1,32385,1.0,2.0,0.01639344262295082,0.016129032258064516,0.03252247488101534,ambos,3.0,True,True
10,search log,diarias e passagens,2,30086,3.0,1.0,0.015873015873015872,0.01639344262295082,0.032266458495966696,ambos,3.0,True,True
10,search log,diarias e passagens,3,30890,2.0,4.0,0.016129032258064516,0.015625,0.031754032258064516,ambos,,False,False
10,search log,diarias e passagens,4,30370,8.0,3.0,0.014705882352941176,0.015873015873015872,0.03057889822595705,ambos,,False,False
10,search log,diarias e passagens,5,30881,4.0,8.0,0.015625,0.014705882352941176,0.030330882352941176,ambos,,False,False
10,search log,diarias e passagens,6,14250,5.0,7.0,0.015384615384615385,0.014925373134328358,0.030309988518943745,ambos,,False,False
10,search log,diarias e passagens,7,30369,7.0,5.0,0.014925373134328358,0.015384615384615385,0.030309988518943745,ambos,,False,False
10,search log,diarias e passagens,8,30371,10.0,6.0,0.014285714285714285,0.015151515151515152,0.029437229437229435,ambos,,False,False
10,search log,diarias e passagens,9,46900,6.0,,0.015151515151515152,0.0,0.015151515151515152,rag,,False,False
10,search log,diarias e passagens,10,34050,9.0,,0.014492753623188406,0.0,0.014492753623188406,rag,,False,False
11,search log,bens e serviços comuns,1,18827,4.0,2.0,0.015625,0.016129032258064516,0.031754032258064516,ambos,,False,False
11,search log,bens e serviços comuns,2,34287,6.0,1.0,0.015151515151515152,0.01639344262295082,0.031544957774465976,ambos,,False,False
11,search log,bens e serviços comuns,3,18871,3.0,4.0,0.015873015873015872,0.015625,0.03149801587301587,ambos,,False,False
11,search log,bens e serviços comuns,4,114574,2.0,7.0,0.016129032258064516,0.014925373134328358,0.031054405392392875,ambos,,False,False
11,search log,bens e serviços comuns,5,33912,1.0,9.0,0.01639344262295082,0.014492753623188406,0.030886196246139225,ambos,,False,False
11,search log,bens e serviços comuns,6,18274,7.0,3.0,0.014925373134328358,0.015873015873015872,0.030798389007344232,ambos,,False,False
11,search log,bens e serviços comuns,7,17906,9.0,5.0,0.014492753623188406,0.015384615384615385,0.029877369007803793,ambos,,False,False
11,search log,bens e serviços comuns,8,31280,10.0,10.0,0.014285714285714285,0.014285714285714285,0.02857142857142857,ambos,,False,False
11,search log,bens e serviços comuns,9,15071,5.0,,0.015384615384615385,0.0,0.015384615384615385,rag,,False,False
11,search log,bens e serviços comuns,10,17902,,6.0,0.0,0.015151515151515152,0.015151515151515152,graphrag,,False,False
12,search log,parcelas de maior relevância e valor significativo,1,29536,4.0,1.0,0.015625,0.01639344262295082,0.032018442622950824,ambos,,False,False
12,search log,parcelas de maior relevância e valor significativo,2,34276,1.0,5.0,0.01639344262295082,0.015384615384615385,0.03177805800756621,ambos,,False,False
12,search log,parcelas de maior relevância e valor significativo,3,34027,3.0,4.0,0.015873015873015872,0.015625,0.03149801587301587,ambos,,False,False
12,search log,parcelas de maior relevância e valor significativo,4,29523,6.0,2.0,0.015151515151515152,0.016129032258064516,0.03128054740957967,ambos,,False,False
12,search log,parcelas de maior relevância e valor significativo,5,25999,2.0,9.0,0.016129032258064516,0.014492753623188406,0.030621785881252923,ambos,,False,False
12,search log,parcelas de maior relevância e valor significativo,6,25971,10.0,3.0,0.014285714285714285,0.015873015873015872,0.030158730158730156,ambos,,False,False
12,search log,parcelas de maior relevância e valor significativo,7,19664,5.0,8.0,0.015384615384615385,0.014705882352941176,0.030090497737556562,ambos,,False,False
12,search log,parcelas de maior relevância e valor significativo,8,34294,9.0,6.0,0.014492753623188406,0.015151515151515152,0.02964426877470356,ambos,,False,False
12,search log,parcelas de maior relevância e valor significativo,9,33077,8.0,7.0,0.014705882352941176,0.014925373134328358,0.029631255487269532,ambos,3.0,True,True
12,search log,parcelas de maior relevância e valor significativo,10,33874,7.0,10.0,0.014925373134328358,0.014285714285714285,0.029211087420042643,ambos,,False,False
13,search log,despesa sem cobertura contratual,1,18112,2.0,1.0,0.016129032258064516,0.01639344262295082,0.03252247488101534,ambos,,False,False
13,search log,despesa sem cobertura contratual,2,18924,1.0,3.0,0.01639344262295082,0.015873015873015872,0.032266458495966696,ambos,3.0,True,True
13,search log,despesa sem cobertura contratual,3,18106,4.0,2.0,0.015625,0.016129032258064516,0.031754032258064516,ambos,,False,False
13,search log,despesa sem cobertura contratual,4,18454,5.0,4.0,0.015384615384615385,0.015625,0.031009615384615385,ambos,,False,False
13,search log,despesa sem cobertura contratual,5,34114,3.0,8.0,0.015873015873015872,0.014705882352941176,0.03057889822595705,ambos,,False,False
13,search log,despesa sem cobertura contratual,6,17122,8.0,5.0,0.014705882352941176,0.015384615384615385,0.030090497737556562,ambos,,False,False
13,search log,despesa sem cobertura contratual,7,30326,6.0,7.0,0.015151515151515152,0.014925373134328358,0.03007688828584351,ambos,,False,False
13,search log,despesa sem cobertura contratual,8,11601,10.0,6.0,0.014285714285714285,0.015151515151515152,0.029437229437229435,ambos,,False,False
13,search log,despesa sem cobertura contratual,9,31111,7.0,10.0,0.014925373134328358,0.014285714285714285,0.029211087420042643,ambos,,False,False
13,search log,despesa sem cobertura contratual,10,17258,9.0,9.0,0.014492753623188406,0.014492753623188406,0.028985507246376812,ambos,,False,False
14,search log,decreto-lei 4.657/1942,1,24260,1.0,2.0,0.01639344262295082,0.016129032258064516,0.03252247488101534,ambos,,False,False
14,search log,decreto-lei 4.657/1942,2,25436,2.0,1.0,0.016129032258064516,0.01639344262295082,0.03252247488101534,ambos,,False,False
14,search log,decreto-lei 4.657/1942,3,35551,7.0,4.0,0.014925373134328358,0.015625,0.03055037313432836,ambos,,False,False
14,search log,decreto-lei 4.657/1942,4,134978,5.0,6.0,0.015384615384615385,0.015151515151515152,0.030536130536130537,ambos,,False,False
14,search log,decreto-lei 4.657/1942,5,31897,9.0,3.0,0.014492753623188406,0.015873015873015872,0.03036576949620428,ambos,,False,False
14,search log,decreto-lei 4.657/1942,6,11614,4.0,8.0,0.015625,0.014705882352941176,0.030330882352941176,ambos,,False,False
14,search log,decreto-lei 4.657/1942,7,32493,3.0,10.0,0.015873015873015872,0.014285714285714285,0.030158730158730156,ambos,,False,False
14,search log,decreto-lei 4.657/1942,8,16278,8.0,5.0,0.014705882352941176,0.015384615384615385,0.030090497737556562,ambos,,False,False
14,search log,decreto-lei 4.657/1942,9,92532,6.0,9.0,0.015151515151515152,0.014492753623188406,0.02964426877470356,ambos,,False,False
14,search log,decreto-lei 4.657/1942,10,18404,10.0,7.0,0.014285714285714285,0.014925373134328358,0.029211087420042643,ambos,,False,False
15,search log,contas e materialidade,1,35441,2.0,1.0,0.016129032258064516,0.01639344262295082,0.03252247488101534,ambos,,False,False
15,search log,contas e materialidade,2,31430,1.0,6.0,0.01639344262295082,0.015151515151515152,0.031544957774465976,ambos,,False,False
15,search log,contas e materialidade,3,17289,3.0,8.0,0.015873015873015872,0.014705882352941176,0.03057889822595705,ambos,,False,False
15,search log,contas e materialidade,4,31558,4.0,7.0,0.015625,0.014925373134328358,0.03055037313432836,ambos,,False,False
15,search log,contas e materialidade,5,32440,10.0,2.0,0.014285714285714285,0.016129032258064516,0.0304147465437788,ambos,,False,False
15,search log,contas e materialidade,6,19368,9.0,3.0,0.014492753623188406,0.015873015873015872,0.03036576949620428,ambos,,False,False
15,search log,contas e materialidade,7,32737,8.0,5.0,0.014705882352941176,0.015384615384615385,0.030090497737556562,ambos,3.0,True,True
15,search log,contas e materialidade,8,18437,,4.0,0.0,0.015625,0.015625,graphrag,,False,False
15,search log,contas e materialidade,9,9790,5.0,,0.015384615384615385,0.0,0.015384615384615385,rag,,False,False
15,search log,contas e materialidade,10,59541,6.0,,0.015151515151515152,0.0,0.015151515151515152,rag,,False,False
16,search log,inexequibilidade e comprovação,1,32920,1.0,5.0,0.01639344262295082,0.015384615384615385,0.03177805800756621,ambos,,False,False
16,search log,inexequibilidade e comprovação,2,32964,5.0,1.0,0.015384615384615385,0.01639344262295082,0.03177805800756621,ambos,,False,False
16,search log,inexequibilidade e comprovação,3,19404,4.0,2.0,0.015625,0.016129032258064516,0.031754032258064516,ambos,3.0,True,True
16,search log,inexequibilidade e comprovação,4,39572,2.0,6.0,0.016129032258064516,0.015151515151515152,0.03128054740957967,ambos,,False,False
16,search log,inexequibilidade e comprovação,5,31583,7.0,3.0,0.014925373134328358,0.015873015873015872,0.030798389007344232,ambos,,False,False
16,search log,inexequibilidade e comprovação,6,27097,3.0,9.0,0.015873015873015872,0.014492753623188406,0.03036576949620428,ambos,,False,False
16,search log,inexequibilidade e comprovação,7,18215,6.0,7.0,0.015151515151515152,0.014925373134328358,0.03007688828584351,ambos,,False,False
16,search log,inexequibilidade e comprovação,8,17234,9.0,8.0,0.014492753623188406,0.014705882352941176,0.02919863597612958,ambos,1.0,True,True
16,search log,inexequibilidade e comprovação,9,18886,,4.0,0.0,0.015625,0.015625,graphrag,,False,False
16,search log,inexequibilidade e comprovação,10,25585,8.0,,0.014705882352941176,0.0,0.014705882352941176,rag,,False,False
17,search log,impedimento de licitar e contratar,1,32963,1.0,3.0,0.01639344262295082,0.015873015873015872,0.032266458495966696,ambos,,False,False
17,search log,impedimento de licitar e contratar,2,106479,3.0,1.0,0.015873015873015872,0.01639344262295082,0.032266458495966696,ambos,,False,False
17,search log,impedimento de licitar e contratar,3,21869,2.0,4.0,0.016129032258064516,0.015625,0.031754032258064516,ambos,,False,False
17,search log,impedimento de licitar e contratar,4,18884,6.0,2.0,0.015151515151515152,0.016129032258064516,0.03128054740957967,ambos,,False,False
17,search log,impedimento de licitar e contratar,5,40299,4.0,8.0,0.015625,0.014705882352941176,0.030330882352941176,ambos,,False,False
17,search log,impedimento de licitar e contratar,6,21908,7.0,5.0,0.014925373134328358,0.015384615384615385,0.030309988518943745,ambos,,False,False
17,search log,impedimento de licitar e contratar,7,18848,8.0,7.0,0.014705882352941176,0.014925373134328358,0.029631255487269532,ambos,,False,False
17,search log,impedimento de licitar e contratar,8,9718,9.0,9.0,0.014492753623188406,0.014492753623188406,0.028985507246376812,ambos,,False,False
17,search log,impedimento de licitar e contratar,9,25267,5.0,,0.015384615384615385,0.0,0.015384615384615385,rag,,False,False
17,search log,impedimento de licitar e contratar,10,17953,,6.0,0.0,0.015151515151515152,0.015151515151515152,graphrag,,False,False
18,search log,aditivo e obra,1,17225,1.0,2.0,0.01639344262295082,0.016129032258064516,0.03252247488101534,ambos,,False,False
18,search log,aditivo e obra,2,81314,2.0,1.0,0.016129032258064516,0.01639344262295082,0.03252247488101534,ambos,3.0,True,True
18,search log,aditivo e obra,3,81554,3.0,3.0,0.015873015873015872,0.015873015873015872,0.031746031746031744,ambos,,False,False
18,search log,aditivo e obra,4,18057,6.0,6.0,0.015151515151515152,0.015151515151515152,0.030303030303030304,ambos,,False,False
18,search log,aditivo e obra,5,17219,8.0,5.0,0.014705882352941176,0.015384615384615385,0.030090497737556562,ambos,,False,False
18,search log,aditivo e obra,6,20511,10.0,4.0,0.014285714285714285,0.015625,0.029910714285714284,ambos,,False,False
18,search log,aditivo e obra,7,18018,7.0,8.0,0.014925373134328358,0.014705882352941176,0.029631255487269532,ambos,,False,False
18,search log,aditivo e obra,8,32643,4.0,,0.015625,0.0,0.015625,rag,3.0,True,True
18,search log,aditivo e obra,9,18380,5.0,,0.015384615384615385,0.0,0.015384615384615385,rag,,False,False
18,search log,aditivo e obra,10,20512,,7.0,0.0,0.014925373134328358,0.014925373134328358,graphrag,,False,False
19,search log,fraude a licitacao,1,35186,2.0,3.0,0.016129032258064516,0.015873015873015872,0.03200204813108039,ambos,3.0,True,True
19,search log,fraude a licitacao,2,35539,1.0,5.0,0.01639344262295082,0.015384615384615385,0.03177805800756621,ambos,,False,False
19,search log,fraude a licitacao,3,34701,3.0,4.0,0.015873015873015872,0.015625,0.03149801587301587,ambos,,False,False
19,search log,fraude a licitacao,4,67158,7.0,1.0,0.014925373134328358,0.01639344262295082,0.03131881575727918,ambos,,False,False
19,search log,fraude a licitacao,5,35283,4.0,7.0,0.015625,0.014925373134328358,0.03055037313432836,ambos,,False,False
19,search log,fraude a licitacao,6,104486,10.0,2.0,0.014285714285714285,0.016129032258064516,0.0304147465437788,ambos,,False,False
19,search log,fraude a licitacao,7,35375,9.0,10.0,0.014492753623188406,0.014285714285714285,0.02877846790890269,ambos,,False,False
19,search log,fraude a licitacao,8,18877,5.0,,0.015384615384615385,0.0,0.015384615384615385,rag,,False,False
19,search log,fraude a licitacao,9,34698,6.0,,0.015151515151515152,0.0,0.015151515151515152,rag,,False,False
19,search log,fraude a licitacao,10,131055,,6.0,0.0,0.015151515151515152,0.015151515151515152,graphrag,3.0,True,True
20,search log,auditoria interna,1,55315,2.0,1.0,0.016129032258064516,0.01639344262295082,0.03252247488101534,ambos,3.0,True,True
20,search log,auditoria interna,2,50987,1.0,3.0,0.01639344262295082,0.015873015873015872,0.032266458495966696,ambos,3.0,True,True
20,search log,auditoria interna,3,28961,3.0,2.0,0.015873015873015872,0.016129032258064516,0.03200204813108039,ambos,2.0,True,True
20,search log,auditoria interna,4,39237,5.0,4.0,0.015384615384615385,0.015625,0.031009615384615385,ambos,,False,False
20,search log,auditoria interna,5,75365,4.0,8.0,0.015625,0.014705882352941176,0.030330882352941176,ambos,,False,False
20,search log,auditoria interna,6,34284,8.0,6.0,0.014705882352941176,0.015151515151515152,0.029857397504456328,ambos,,False,False
20,search log,auditoria interna,7,18113,10.0,5.0,0.014285714285714285,0.015384615384615385,0.02967032967032967,ambos,,False,False
20,search log,auditoria interna,8,17700,6.0,10.0,0.015151515151515152,0.014285714285714285,0.029437229437229435,ambos,,False,False
20,search log,auditoria interna,9,31260,7.0,9.0,0.014925373134328358,0.014492753623188406,0.029418126757516764,ambos,,False,False
20,search log,auditoria interna,10,23577,9.0,7.0,0.014492753623188406,0.014925373134328358,0.029418126757516764,ambos,,False,False
21,search log,fracionamento de despesas,1,21122,1.0,1.0,0.01639344262295082,0.01639344262295082,0.03278688524590164,ambos,,False,False
21,search log,fracionamento de despesas,2,33031,2.0,3.0,0.016129032258064516,0.015873015873015872,0.03200204813108039,ambos,,False,False
21,search log,fracionamento de despesas,3,21081,5.0,2.0,0.015384615384615385,0.016129032258064516,0.0315136476426799,ambos,,False,False
21,search log,fracionamento de despesas,4,31620,3.0,6.0,0.015873015873015872,0.015151515151515152,0.031024531024531024,ambos,,False,False
21,search log,fracionamento de despesas,5,32883,4.0,10.0,0.015625,0.014285714285714285,0.029910714285714284,ambos,,False,False
21,search log,fracionamento de despesas,6,31638,7.0,7.0,0.014925373134328358,0.014925373134328358,0.029850746268656716,ambos,,False,False
21,search log,fracionamento de despesas,7,31590,,4.0,0.0,0.015625,0.015625,graphrag,,False,False
21,search log,fracionamento de despesas,8,31640,,5.0,0.0,0.015384615384615385,0.015384615384615385,graphrag,,False,False
21,search log,fracionamento de despesas,9,31428,6.0,,0.015151515151515152,0.0,0.015151515151515152,rag,,False,False
21,search log,fracionamento de despesas,10,31621,8.0,,0.014705882352941176,0.0,0.014705882352941176,rag,,False,False
22,search log,novo e improrrogável prazo,1,27062,2.0,1.0,0.016129032258064516,0.01639344262295082,0.03252247488101534,ambos,,False,False
22,search log,novo e improrrogável prazo,2,27773,6.0,2.0,0.015151515151515152,0.016129032258064516,0.03128054740957967,ambos,,False,False
22,search log,novo e improrrogável prazo,3,37248,7.0,3.0,0.014925373134328358,0.015873015873015872,0.030798389007344232,ambos,,False,False
22,search log,novo e improrrogável prazo,4,15202,5.0,5.0,0.015384615384615385,0.015384615384615385,0.03076923076923077,ambos,,False,False
22,search log,novo e improrrogável prazo,5,32795,3.0,8.0,0.015873015873015872,0.014705882352941176,0.03057889822595705,ambos,,False,False
22,search log,novo e improrrogável prazo,6,32812,8.0,4.0,0.014705882352941176,0.015625,0.030330882352941176,ambos,,False,False
22,search log,novo e improrrogável prazo,7,27141,10.0,6.0,0.014285714285714285,0.015151515151515152,0.029437229437229435,ambos,,False,False
22,search log,novo e improrrogável prazo,8,27044,1.0,,0.01639344262295082,0.0,0.01639344262295082,rag,,False,False
22,search log,novo e improrrogável prazo,9,16121,4.0,,0.015625,0.0,0.015625,rag,,False,False
22,search log,novo e improrrogável prazo,10,117487,,7.0,0.0,0.014925373134328358,0.014925373134328358,graphrag,,False,False
23,search log,inidoneidade de licitante,1,35515,1.0,2.0,0.01639344262295082,0.016129032258064516,0.03252247488101534,ambos,,False,False
23,search log,inidoneidade de licitante,2,1650,5.0,1.0,0.015384615384615385,0.01639344262295082,0.03177805800756621,ambos,,False,False
23,search log,inidoneidade de licitante,3,51278,4.0,3.0,0.015625,0.015873015873015872,0.03149801587301587,ambos,,False,False
23,search log,inidoneidade de licitante,4,2625,6.0,5.0,0.015151515151515152,0.015384615384615385,0.030536130536130537,ambos,,False,False
23,search log,inidoneidade de licitante,5,35215,3.0,9.0,0.015873015873015872,0.014492753623188406,0.03036576949620428,ambos,,False,False
23,search log,inidoneidade de licitante,6,34723,8.0,4.0,0.014705882352941176,0.015625,0.030330882352941176,ambos,,False,False
23,search log,inidoneidade de licitante,7,15244,9.0,6.0,0.014492753623188406,0.015151515151515152,0.02964426877470356,ambos,,False,False
23,search log,inidoneidade de licitante,8,35537,10.0,7.0,0.014285714285714285,0.014925373134328358,0.029211087420042643,ambos,,False,False
23,search log,inidoneidade de licitante,9,35356,2.0,,0.016129032258064516,0.0,0.016129032258064516,rag,,False,False
23,search log,inidoneidade de licitante,10,35301,7.0,,0.014925373134328358,0.0,0.014925373134328358,rag,,False,False
24,search log,licitações e contratos,1,116897,1.0,3.0,0.01639344262295082,0.015873015873015872,0.032266458495966696,ambos,,False,False
24,search log,licitações e contratos,2,122181,3.0,1.0,0.015873015873015872,0.01639344262295082,0.032266458495966696,ambos,,False,False
24,search log,licitações e contratos,3,31531,5.0,2.0,0.015384615384615385,0.016129032258064516,0.0315136476426799,ambos,,False,False
24,search log,licitações e contratos,4,31074,2.0,6.0,0.016129032258064516,0.015151515151515152,0.03128054740957967,ambos,,False,False
24,search log,licitações e contratos,5,19405,6.0,5.0,0.015151515151515152,0.015384615384615385,0.030536130536130537,ambos,,False,False
24,search log,licitações e contratos,6,34338,10.0,4.0,0.014285714285714285,0.015625,0.029910714285714284,ambos,,False,False
24,search log,licitações e contratos,7,22163,7.0,8.0,0.014925373134328358,0.014705882352941176,0.029631255487269532,ambos,,False,False
24,search log,licitações e contratos,8,67014,9.0,7.0,0.014492753623188406,0.014925373134328358,0.029418126757516764,ambos,,False,False
24,search log,licitações e contratos,9,17842,8.0,9.0,0.014705882352941176,0.014492753623188406,0.02919863597612958,ambos,,False,False
24,search log,licitações e contratos,10,18364,4.0,,0.015625,0.0,0.015625,rag,,False,False
25,search log,exigência de atestado de capacidade,1,33938,1.0,1.0,0.01639344262295082,0.01639344262295082,0.03278688524590164,ambos,,False,False
25,search log,exigência de atestado de capacidade,2,17967,3.0,4.0,0.015873015873015872,0.015625,0.03149801587301587,ambos,,False,False
25,search log,exigência de atestado de capacidade,3,17952,7.0,2.0,0.014925373134328358,0.016129032258064516,0.031054405392392875,ambos,,False,False
25,search log,exigência de atestado de capacidade,4,21934,4.0,9.0,0.015625,0.014492753623188406,0.030117753623188408,ambos,,False,False
25,search log,exigência de atestado de capacidade,5,21831,10.0,5.0,0.014285714285714285,0.015384615384615385,0.02967032967032967,ambos,,False,False
25,search log,exigência de atestado de capacidade,6,71125,9.0,6.0,0.014492753623188406,0.015151515151515152,0.02964426877470356,ambos,,False,False
25,search log,exigência de atestado de capacidade,7,21823,2.0,,0.016129032258064516,0.0,0.016129032258064516,rag,,False,False
25,search log,exigência de atestado de capacidade,8,22796,,3.0,0.0,0.015873015873015872,0.015873015873015872,graphrag,,False,False
25,search log,exigência de atestado de capacidade,9,31667,5.0,,0.015384615384615385,0.0,0.015384615384615385,rag,,False,False
25,search log,exigência de atestado de capacidade,10,22805,6.0,,0.015151515151515152,0.0,0.015151515151515152,rag,,False,False
26,search log,contrato com a administração pública,1,32613,4.0,1.0,0.015625,0.01639344262295082,0.032018442622950824,ambos,,False,False
26,search log,contrato com a administração pública,2,18063,2.0,3.0,0.016129032258064516,0.015873015873015872,0.03200204813108039,ambos,,False,False
26,search log,contrato com a administração pública,3,32600,3.0,2.0,0.015873015873015872,0.016129032258064516,0.03200204813108039,ambos,,False,False
26,search log,contrato com a administração pública,4,34280,1.0,9.0,0.01639344262295082,0.014492753623188406,0.030886196246139225,ambos,,False,False
26,search log,contrato com a administração pública,5,32614,7.0,4.0,0.014925373134328358,0.015625,0.03055037313432836,ambos,,False,False
26,search log,contrato com a administração pública,6,34338,6.0,5.0,0.015151515151515152,0.015384615384615385,0.030536130536130537,ambos,,False,False
26,search log,contrato com a administração pública,7,21117,5.0,10.0,0.015384615384615385,0.014285714285714285,0.02967032967032967,ambos,,False,False
26,search log,contrato com a administração pública,8,99153,9.0,6.0,0.014492753623188406,0.015151515151515152,0.02964426877470356,ambos,,False,False
26,search log,contrato com a administração pública,9,18044,,7.0,0.0,0.014925373134328358,0.014925373134328358,graphrag,,False,False
26,search log,contrato com a administração pública,10,9712,8.0,,0.014705882352941176,0.0,0.014705882352941176,rag,,False,False
27,search log,inexigibilidade e singularidade,1,33906,2.0,3.0,0.016129032258064516,0.015873015873015872,0.03200204813108039,ambos,,False,False
27,search log,inexigibilidade e singularidade,2,31508,4.0,2.0,0.015625,0.016129032258064516,0.031754032258064516,ambos,,False,False
27,search log,inexigibilidade e singularidade,3,18818,7.0,1.0,0.014925373134328358,0.01639344262295082,0.03131881575727918,ambos,3.0,True,True
27,search log,inexigibilidade e singularidade,4,39572,3.0,5.0,0.015873015873015872,0.015384615384615385,0.03125763125763126,ambos,,False,False
27,search log,inexigibilidade e singularidade,5,19385,8.0,4.0,0.014705882352941176,0.015625,0.030330882352941176,ambos,3.0,True,True
27,search log,inexigibilidade e singularidade,6,18194,5.0,7.0,0.015384615384615385,0.014925373134328358,0.030309988518943745,ambos,,False,False
27,search log,inexigibilidade e singularidade,7,32936,9.0,8.0,0.014492753623188406,0.014705882352941176,0.02919863597612958,ambos,3.0,True,True
27,search log,inexigibilidade e singularidade,8,34258,1.0,,0.01639344262295082,0.0,0.01639344262295082,rag,,False,False
27,search log,inexigibilidade e singularidade,9,52046,6.0,,0.015151515151515152,0.0,0.015151515151515152,rag,,False,False
27,search log,inexigibilidade e singularidade,10,18842,,6.0,0.0,0.015151515151515152,0.015151515151515152,graphrag,3.0,True,True
28,search log,mera participação e epp,1,34979,1.0,1.0,0.01639344262295082,0.01639344262295082,0.03278688524590164,ambos,,False,False
28,search log,mera participação e epp,2,35284,2.0,3.0,0.016129032258064516,0.015873015873015872,0.03200204813108039,ambos,2.0,True,True
28,search log,mera participação e epp,3,35299,4.0,2.0,0.015625,0.016129032258064516,0.031754032258064516,ambos,2.0,True,True
28,search log,mera participação e epp,4,14516,3.0,9.0,0.015873015873015872,0.014492753623188406,0.03036576949620428,ambos,,False,False
28,search log,mera participação e epp,5,35285,10.0,6.0,0.014285714285714285,0.015151515151515152,0.029437229437229435,ambos,,False,False
28,search log,mera participação e epp,6,35286,,4.0,0.0,0.015625,0.015625,graphrag,3.0,True,True
28,search log,mera participação e epp,7,41779,5.0,,0.015384615384615385,0.0,0.015384615384615385,rag,,False,False
28,search log,mera participação e epp,8,35182,,5.0,0.0,0.015384615384615385,0.015384615384615385,graphrag,,False,False
28,search log,mera participação e epp,9,31766,6.0,,0.015151515151515152,0.0,0.015151515151515152,rag,,False,False
28,search log,mera participação e epp,10,52275,7.0,,0.014925373134328358,0.0,0.014925373134328358,rag,,False,False
29,search log,decisão judicial,1,78174,1.0,2.0,0.01639344262295082,0.016129032258064516,0.03252247488101534,ambos,,False,False
29,search log,decisão judicial,2,29897,2.0,1.0,0.016129032258064516,0.01639344262295082,0.03252247488101534,ambos,,False,False
29,search log,decisão judicial,3,135731,3.0,3.0,0.015873015873015872,0.015873015873015872,0.031746031746031744,ambos,,False,False
29,search log,decisão judicial,4,8214,6.0,4.0,0.015151515151515152,0.015625,0.030776515151515152,ambos,,False,False
29,search log,decisão judicial,5,39847,5.0,5.0,0.015384615384615385,0.015384615384615385,0.03076923076923077,ambos,,False,False
29,search log,decisão judicial,6,27972,4.0,9.0,0.015625,0.014492753623188406,0.030117753623188408,ambos,,False,False
29,search log,decisão judicial,7,33778,7.0,6.0,0.014925373134328358,0.015151515151515152,0.03007688828584351,ambos,,False,False
29,search log,decisão judicial,8,25598,10.0,7.0,0.014285714285714285,0.014925373134328358,0.029211087420042643,ambos,,False,False
29,search log,decisão judicial,9,19628,9.0,8.0,0.014492753623188406,0.014705882352941176,0.02919863597612958,ambos,,False,False
29,search log,decisão judicial,10,27797,8.0,10.0,0.014705882352941176,0.014285714285714285,0.028991596638655463,ambos,,False,False
30,search log,fiscal de contrato,1,18341,1.0,2.0,0.01639344262295082,0.016129032258064516,0.03252247488101534,ambos,,False,False
30,search log,fiscal de contrato,2,34663,3.0,1.0,0.015873015873015872,0.01639344262295082,0.032266458495966696,ambos,,False,False
30,search log,fiscal de contrato,3,11598,2.0,7.0,0.016129032258064516,0.014925373134328358,0.031054405392392875,ambos,,False,False
30,search log,fiscal de contrato,4,32622,4.0,5.0,0.015625,0.015384615384615385,0.031009615384615385,ambos,,False,False
30,search log,fiscal de contrato,5,32598,6.0,4.0,0.015151515151515152,0.015625,0.030776515151515152,ambos,,False,False
30,search log,fiscal de contrato,6,31065,10.0,3.0,0.014285714285714285,0.015873015873015872,0.030158730158730156,ambos,,False,False
30,search log,fiscal de contrato,7,31103,7.0,9.0,0.014925373134328358,0.014492753623188406,0.029418126757516764,ambos,,False,False
30,search log,fiscal de contrato,8,34199,5.0,,0.015384615384615385,0.0,0.015384615384615385,rag,,False,False
30,search log,fiscal de contrato,9,18947,,6.0,0.0,0.015151515151515152,0.015151515151515152,graphrag,,False,False
30,search log,fiscal de contrato,10,18946,8.0,,0.014705882352941176,0.0,0.014705882352941176,rag,,False,False
31,search log,medida cautelar,1,34105,1.0,8.0,0.01639344262295082,0.014705882352941176,0.031099324975891997,ambos,,False,False
31,search log,medida cautelar,2,61882,8.0,1.0,0.014705882352941176,0.01639344262295082,0.031099324975891997,ambos,,False,False
31,search log,medida cautelar,3,102455,2.0,7.0,0.016129032258064516,0.014925373134328358,0.031054405392392875,ambos,3.0,True,True
31,search log,medida cautelar,4,26458,7.0,2.0,0.014925373134328358,0.016129032258064516,0.031054405392392875,ambos,,False,False
31,search log,medida cautelar,5,33899,5.0,4.0,0.015384615384615385,0.015625,0.031009615384615385,ambos,3.0,True,True
31,search log,medida cautelar,6,27031,4.0,6.0,0.015625,0.015151515151515152,0.030776515151515152,ambos,,False,False
31,search log,medida cautelar,7,32811,9.0,3.0,0.014492753623188406,0.015873015873015872,0.03036576949620428,ambos,,False,False
31,search log,medida cautelar,8,32838,3.0,10.0,0.015873015873015872,0.014285714285714285,0.030158730158730156,ambos,,False,False
31,search log,medida cautelar,9,31394,10.0,5.0,0.014285714285714285,0.015384615384615385,0.02967032967032967,ambos,,False,False
31,search log,medida cautelar,10,16966,6.0,,0.015151515151515152,0.0,0.015151515151515152,rag,,False,False
32,search log,é possível a aplicação concomitante,1,60727,4.0,1.0,0.015625,0.01639344262295082,0.032018442622950824,ambos,,False,False
32,search log,é possível a aplicação concomitante,2,97899,2.0,3.0,0.016129032258064516,0.015873015873015872,0.03200204813108039,ambos,,False,False
32,search log,é possível a aplicação concomitante,3,21117,1.0,5.0,0.01639344262295082,0.015384615384615385,0.03177805800756621,ambos,,False,False
32,search log,é possível a aplicação concomitante,4,118408,7.0,2.0,0.014925373134328358,0.016129032258064516,0.031054405392392875,ambos,,False,False
32,search log,é possível a aplicação concomitante,5,17839,6.0,4.0,0.015151515151515152,0.015625,0.030776515151515152,ambos,,False,False
32,search log,é possível a aplicação concomitante,6,31856,3.0,9.0,0.015873015873015872,0.014492753623188406,0.03036576949620428,ambos,,False,False
32,search log,é possível a aplicação concomitante,7,20477,5.0,7.0,0.015384615384615385,0.014925373134328358,0.030309988518943745,ambos,,False,False
32,search log,é possível a aplicação concomitante,8,15078,9.0,6.0,0.014492753623188406,0.015151515151515152,0.02964426877470356,ambos,,False,False
32,search log,é possível a aplicação concomitante,9,18282,8.0,8.0,0.014705882352941176,0.014705882352941176,0.029411764705882353,ambos,,False,False
32,search log,é possível a aplicação concomitante,10,34106,10.0,,0.014285714285714285,0.0,0.014285714285714285,rag,,False,False
33,search log,reajuste de contrato,1,31108,3.0,1.0,0.015873015873015872,0.01639344262295082,0.032266458495966696,ambos,3.0,True,True
33,search log,reajuste de contrato,2,83622,2.0,2.0,0.016129032258064516,0.016129032258064516,0.03225806451612903,ambos,3.0,True,True
33,search log,reajuste de contrato,3,17821,4.0,5.0,0.015625,0.015384615384615385,0.031009615384615385,ambos,3.0,True,True
33,search log,reajuste de contrato,4,32604,1.0,9.0,0.01639344262295082,0.014492753623188406,0.030886196246139225,ambos,,False,False
33,search log,reajuste de contrato,5,19353,5.0,7.0,0.015384615384615385,0.014925373134328358,0.030309988518943745,ambos,,False,False
33,search log,reajuste de contrato,6,17262,10.0,3.0,0.014285714285714285,0.015873015873015872,0.030158730158730156,ambos,,False,False
33,search log,reajuste de contrato,7,34213,9.0,4.0,0.014492753623188406,0.015625,0.030117753623188408,ambos,,False,False
33,search log,reajuste de contrato,8,33788,7.0,6.0,0.014925373134328358,0.015151515151515152,0.03007688828584351,ambos,,False,False
33,search log,reajuste de contrato,9,34098,6.0,10.0,0.015151515151515152,0.014285714285714285,0.029437229437229435,ambos,,False,False
33,search log,reajuste de contrato,10,31082,8.0,8.0,0.014705882352941176,0.014705882352941176,0.029411764705882353,ambos,,False,False
34,search log,publicidade e concurso público,1,150303,1.0,2.0,0.01639344262295082,0.016129032258064516,0.03252247488101534,ambos,,False,False
34,search log,publicidade e concurso público,2,33815,2.0,1.0,0.016129032258064516,0.01639344262295082,0.03252247488101534,ambos,,False,False
34,search log,publicidade e concurso público,3,28888,3.0,3.0,0.015873015873015872,0.015873015873015872,0.031746031746031744,ambos,,False,False
34,search log,publicidade e concurso público,4,8319,6.0,4.0,0.015151515151515152,0.015625,0.030776515151515152,ambos,,False,False
34,search log,publicidade e concurso público,5,19482,4.0,8.0,0.015625,0.014705882352941176,0.030330882352941176,ambos,,False,False
34,search log,publicidade e concurso público,6,29378,5.0,7.0,0.015384615384615385,0.014925373134328358,0.030309988518943745,ambos,,False,False
34,search log,publicidade e concurso público,7,75314,10.0,5.0,0.014285714285714285,0.015384615384615385,0.02967032967032967,ambos,,False,False
34,search log,publicidade e concurso público,8,34280,9.0,6.0,0.014492753623188406,0.015151515151515152,0.02964426877470356,ambos,,False,False
34,search log,publicidade e concurso público,9,17183,7.0,9.0,0.014925373134328358,0.014492753623188406,0.029418126757516764,ambos,,False,False
34,search log,publicidade e concurso público,10,33125,8.0,,0.014705882352941176,0.0,0.014705882352941176,rag,,False,False
35,search log,falecimento e multa,1,14815,1.0,1.0,0.01639344262295082,0.01639344262295082,0.03278688524590164,ambos,3.0,True,True
35,search log,falecimento e multa,2,23168,3.0,3.0,0.015873015873015872,0.015873015873015872,0.031746031746031744,ambos,,False,False
35,search log,falecimento e multa,3,23232,2.0,6.0,0.016129032258064516,0.015151515151515152,0.03128054740957967,ambos,,False,False
35,search log,falecimento e multa,4,40931,4.0,4.0,0.015625,0.015625,0.03125,ambos,,False,False
35,search log,falecimento e multa,5,23083,10.0,2.0,0.014285714285714285,0.016129032258064516,0.0304147465437788,ambos,,False,False
35,search log,falecimento e multa,6,35357,7.0,5.0,0.014925373134328358,0.015384615384615385,0.030309988518943745,ambos,,False,False
35,search log,falecimento e multa,7,16864,5.0,8.0,0.015384615384615385,0.014705882352941176,0.030090497737556562,ambos,3.0,True,True
35,search log,falecimento e multa,8,26237,6.0,7.0,0.015151515151515152,0.014925373134328358,0.03007688828584351,ambos,3.0,True,True
35,search log,falecimento e multa,9,25484,8.0,,0.014705882352941176,0.0,0.014705882352941176,rag,,False,False
35,search log,falecimento e multa,10,22997,9.0,,0.014492753623188406,0.0,0.014492753623188406,rag,,False,False
36,search log,independência das instâncias,1,27935,3.0,1.0,0.015873015873015872,0.01639344262295082,0.032266458495966696,ambos,3.0,True,True
36,search log,independência das instâncias,2,24,1.0,4.0,0.01639344262295082,0.015625,0.032018442622950824,ambos,,False,False
36,search log,independência das instâncias,3,17015,2.0,5.0,0.016129032258064516,0.015384615384615385,0.0315136476426799,ambos,,False,False
36,search log,independência das instâncias,4,27867,7.0,2.0,0.014925373134328358,0.016129032258064516,0.031054405392392875,ambos,3.0,True,True
36,search log,independência das instâncias,5,133284,6.0,3.0,0.015151515151515152,0.015873015873015872,0.031024531024531024,ambos,,False,False
36,search log,independência das instâncias,6,27954,5.0,9.0,0.015384615384615385,0.014492753623188406,0.029877369007803793,ambos,,False,False
36,search log,independência das instâncias,7,27835,9.0,6.0,0.014492753623188406,0.015151515151515152,0.02964426877470356,ambos,,False,False
36,search log,independência das instâncias,8,25859,8.0,10.0,0.014705882352941176,0.014285714285714285,0.028991596638655463,ambos,,False,False
36,search log,independência das instâncias,9,70993,4.0,,0.015625,0.0,0.015625,rag,,False,False
36,search log,independência das instâncias,10,31402,,7.0,0.0,0.014925373134328358,0.014925373134328358,graphrag,3.0,True,True
37,search log,planejamento estratégico,1,28909,1.0,1.0,0.01639344262295082,0.01639344262295082,0.03278688524590164,ambos,2.0,True,True
37,search log,planejamento estratégico,2,31481,2.0,3.0,0.016129032258064516,0.015873015873015872,0.03200204813108039,ambos,1.0,True,True
37,search log,planejamento estratégico,3,28964,3.0,6.0,0.015873015873015872,0.015151515151515152,0.031024531024531024,ambos,,False,False
37,search log,planejamento estratégico,4,28974,8.0,2.0,0.014705882352941176,0.016129032258064516,0.030834914611005692,ambos,2.0,True,True
37,search log,planejamento estratégico,5,28898,5.0,5.0,0.015384615384615385,0.015384615384615385,0.03076923076923077,ambos,1.0,True,True
37,search log,planejamento estratégico,6,28975,7.0,4.0,0.014925373134328358,0.015625,0.03055037313432836,ambos,,False,False
37,search log,planejamento estratégico,7,18459,6.0,7.0,0.015151515151515152,0.014925373134328358,0.03007688828584351,ambos,,False,False
37,search log,planejamento estratégico,8,29395,10.0,10.0,0.014285714285714285,0.014285714285714285,0.02857142857142857,ambos,,False,False
37,search log,planejamento estratégico,9,32896,4.0,,0.015625,0.0,0.015625,rag,,False,False
37,search log,planejamento estratégico,10,29382,,8.0,0.0,0.014705882352941176,0.014705882352941176,graphrag,,False,False
38,search log,sistema s e licitação,1,38337,1.0,1.0,0.01639344262295082,0.01639344262295082,0.03278688524590164,ambos,,False,False
38,search log,sistema s e licitação,2,115433,2.0,3.0,0.016129032258064516,0.015873015873015872,0.03200204813108039,ambos,,False,False
38,search log,sistema s e licitação,3,58033,3.0,4.0,0.015873015873015872,0.015625,0.03149801587301587,ambos,,False,False
38,search log,sistema s e licitação,4,20845,7.0,2.0,0.014925373134328358,0.016129032258064516,0.031054405392392875,ambos,,False,False
38,search log,sistema s e licitação,5,31571,4.0,7.0,0.015625,0.014925373134328358,0.03055037313432836,ambos,,False,False
38,search log,sistema s e licitação,6,21063,6.0,5.0,0.015151515151515152,0.015384615384615385,0.030536130536130537,ambos,3.0,True,True
38,search log,sistema s e licitação,7,30628,5.0,10.0,0.015384615384615385,0.014285714285714285,0.02967032967032967,ambos,,False,False
38,search log,sistema s e licitação,8,150960,10.0,8.0,0.014285714285714285,0.014705882352941176,0.028991596638655463,ambos,,False,False
38,search log,sistema s e licitação,9,33921,,6.0,0.0,0.015151515151515152,0.015151515151515152,graphrag,,False,False
38,search log,sistema s e licitação,10,31594,8.0,,0.014705882352941176,0.0,0.014705882352941176,rag,,False,False
39,search log,citação e validade,1,32813,1.0,2.0,0.01639344262295082,0.016129032258064516,0.03252247488101534,ambos,3.0,True,True
39,search log,citação e validade,2,26236,2.0,7.0,0.016129032258064516,0.014925373134328358,0.031054405392392875,ambos,3.0,True,True
39,search log,citação e validade,3,26261,6.0,3.0,0.015151515151515152,0.015873015873015872,0.031024531024531024,ambos,,False,False
39,search log,citação e validade,4,25257,5.0,4.0,0.015384615384615385,0.015625,0.031009615384615385,ambos,,False,False
39,search log,citação e validade,5,25480,10.0,1.0,0.014285714285714285,0.01639344262295082,0.030679156908665108,ambos,,False,False
39,search log,citação e validade,6,26065,9.0,6.0,0.014492753623188406,0.015151515151515152,0.02964426877470356,ambos,,False,False
39,search log,citação e validade,7,63,3.0,,0.015873015873015872,0.0,0.015873015873015872,rag,,False,False
39,search log,citação e validade,8,61709,4.0,,0.015625,0.0,0.015625,rag,,False,False
39,search log,citação e validade,9,31302,,5.0,0.0,0.015384615384615385,0.015384615384615385,graphrag,,False,False
39,search log,citação e validade,10,25689,7.0,,0.014925373134328358,0.0,0.014925373134328358,rag,,False,False
40,search log,multa a particulares,1,32484,1.0,1.0,0.01639344262295082,0.01639344262295082,0.03278688524590164,ambos,,False,False
40,search log,multa a particulares,2,131459,2.0,5.0,0.016129032258064516,0.015384615384615385,0.0315136476426799,ambos,,False,False
40,search log,multa a particulares,3,19374,5.0,2.0,0.015384615384615385,0.016129032258064516,0.0315136476426799,ambos,,False,False
40,search log,multa a particulares,4,109147,4.0,3.0,0.015625,0.015873015873015872,0.03149801587301587,ambos,,False,False
40,search log,multa a particulares,5,54956,7.0,4.0,0.014925373134328358,0.015625,0.03055037313432836,ambos,,False,False
40,search log,multa a particulares,6,126287,3.0,9.0,0.015873015873015872,0.014492753623188406,0.03036576949620428,ambos,,False,False
40,search log,multa a particulares,7,35214,6.0,6.0,0.015151515151515152,0.015151515151515152,0.030303030303030304,ambos,,False,False
40,search log,multa a particulares,8,34964,8.0,7.0,0.014705882352941176,0.014925373134328358,0.029631255487269532,ambos,3.0,True,True
40,search log,multa a particulares,9,35180,,8.0,0.0,0.014705882352941176,0.014705882352941176,graphrag,,False,False
40,search log,multa a particulares,10,35210,9.0,,0.014492753623188406,0.0,0.014492753623188406,rag,,False,False
41,search log,licitação e preço de mercado,1,33042,1.0,1.0,0.01639344262295082,0.01639344262295082,0.03278688524590164,ambos,,False,False
41,search log,licitação e preço de mercado,2,22168,5.0,3.0,0.015384615384615385,0.015873015873015872,0.03125763125763126,ambos,,False,False
41,search log,licitação e preço de mercado,3,18287,2.0,9.0,0.016129032258064516,0.014492753623188406,0.030621785881252923,ambos,,False,False
41,search log,licitação e preço de mercado,4,34256,10.0,2.0,0.014285714285714285,0.016129032258064516,0.0304147465437788,ambos,,False,False
41,search log,licitação e preço de mercado,5,22166,7.0,5.0,0.014925373134328358,0.015384615384615385,0.030309988518943745,ambos,,False,False
41,search log,licitação e preço de mercado,6,21292,8.0,10.0,0.014705882352941176,0.014285714285714285,0.028991596638655463,ambos,,False,False
41,search log,licitação e preço de mercado,7,19405,3.0,,0.015873015873015872,0.0,0.015873015873015872,rag,,False,False
41,search log,licitação e preço de mercado,8,33887,4.0,,0.015625,0.0,0.015625,rag,,False,False
41,search log,licitação e preço de mercado,9,21043,,4.0,0.0,0.015625,0.015625,graphrag,,False,False
41,search log,licitação e preço de mercado,10,20980,6.0,,0.015151515151515152,0.0,0.015151515151515152,rag,,False,False
42,search log,edital modificação,1,21070,1.0,1.0,0.01639344262295082,0.01639344262295082,0.03278688524590164,ambos,,False,False
42,search log,edital modificação,2,32980,3.0,2.0,0.015873015873015872,0.016129032258064516,0.03200204813108039,ambos,,False,False
42,search log,edital modificação,3,83622,2.0,4.0,0.016129032258064516,0.015625,0.031754032258064516,ambos,,False,False
42,search log,edital modificação,4,17225,5.0,3.0,0.015384615384615385,0.015873015873015872,0.03125763125763126,ambos,,False,False
42,search log,edital modificação,5,21187,6.0,9.0,0.015151515151515152,0.014492753623188406,0.02964426877470356,ambos,,False,False
42,search log,edital modificação,6,19388,7.0,8.0,0.014925373134328358,0.014705882352941176,0.029631255487269532,ambos,,False,False
42,search log,edital modificação,7,18363,8.0,7.0,0.014705882352941176,0.014925373134328358,0.029631255487269532,ambos,,False,False
42,search log,edital modificação,8,18365,4.0,,0.015625,0.0,0.015625,rag,,False,False
42,search log,edital modificação,9,21162,,5.0,0.0,0.015384615384615385,0.015384615384615385,graphrag,3.0,True,True
42,search log,edital modificação,10,20856,,6.0,0.0,0.015151515151515152,0.015151515151515152,graphrag,,False,False
43,search log,padronização marca,1,21814,1.0,1.0,0.01639344262295082,0.01639344262295082,0.03278688524590164,ambos,3.0,True,True
43,search log,padronização marca,2,21815,2.0,2.0,0.016129032258064516,0.016129032258064516,0.03225806451612903,ambos,,False,False
43,search log,padronização marca,3,33055,7.0,3.0,0.014925373134328358,0.015873015873015872,0.030798389007344232,ambos,2.0,True,True
43,search log,padronização marca,4,34321,6.0,4.0,0.015151515151515152,0.015625,0.030776515151515152,ambos,3.0,True,True
43,search log,padronização marca,5,22785,4.0,7.0,0.015625,0.014925373134328358,0.03055037313432836,ambos,3.0,True,True
43,search log,padronização marca,6,21839,3.0,9.0,0.015873015873015872,0.014492753623188406,0.03036576949620428,ambos,2.0,True,True
43,search log,padronização marca,7,33054,5.0,10.0,0.015384615384615385,0.014285714285714285,0.02967032967032967,ambos,,False,False
43,search log,padronização marca,8,34258,10.0,5.0,0.014285714285714285,0.015384615384615385,0.02967032967032967,ambos,2.0,True,True
43,search log,padronização marca,9,22124,9.0,6.0,0.014492753623188406,0.015151515151515152,0.02964426877470356,ambos,3.0,True,True
43,search log,padronização marca,10,33056,8.0,8.0,0.014705882352941176,0.014705882352941176,0.029411764705882353,ambos,3.0,True,True
44,search log,interesse recíproco,1,27091,1.0,3.0,0.01639344262295082,0.015873015873015872,0.032266458495966696,ambos,,False,False
44,search log,interesse recíproco,2,39210,4.0,1.0,0.015625,0.01639344262295082,0.032018442622950824,ambos,,False,False
44,search log,interesse recíproco,3,79814,3.0,2.0,0.015873015873015872,0.016129032258064516,0.03200204813108039,ambos,,False,False
44,search log,interesse recíproco,4,29651,6.0,4.0,0.015151515151515152,0.015625,0.030776515151515152,ambos,,False,False
44,search log,interesse recíproco,5,50525,5.0,5.0,0.015384615384615385,0.015384615384615385,0.03076923076923077,ambos,,False,False
44,search log,interesse recíproco,6,15067,2.0,9.0,0.016129032258064516,0.014492753623188406,0.030621785881252923,ambos,3.0,True,True
44,search log,interesse recíproco,7,81299,7.0,8.0,0.014925373134328358,0.014705882352941176,0.029631255487269532,ambos,,False,False
44,search log,interesse recíproco,8,27024,10.0,7.0,0.014285714285714285,0.014925373134328358,0.029211087420042643,ambos,,False,False
44,search log,interesse recíproco,9,27090,9.0,10.0,0.014492753623188406,0.014285714285714285,0.02877846790890269,ambos,1.0,True,True
44,search log,interesse recíproco,10,39209,,6.0,0.0,0.015151515151515152,0.015151515151515152,graphrag,,False,False
45,search log,pesquisa de preços,1,117370,1.0,1.0,0.01639344262295082,0.01639344262295082,0.03278688524590164,ambos,3.0,True,True
45,search log,pesquisa de preços,2,139562,2.0,2.0,0.016129032258064516,0.016129032258064516,0.03225806451612903,ambos,3.0,True,True
45,search log,pesquisa de preços,3,22166,3.0,4.0,0.015873015873015872,0.015625,0.03149801587301587,ambos,,False,False
45,search log,pesquisa de preços,4,35676,4.0,9.0,0.015625,0.014492753623188406,0.030117753623188408,ambos,,False,False
45,search log,pesquisa de preços,5,22836,10.0,6.0,0.014285714285714285,0.015151515151515152,0.029437229437229435,ambos,,False,False
45,search log,pesquisa de preços,6,21789,,3.0,0.0,0.015873015873015872,0.015873015873015872,graphrag,,False,False
45,search log,pesquisa de preços,7,15253,5.0,,0.015384615384615385,0.0,0.015384615384615385,rag,,False,False
45,search log,pesquisa de preços,8,22170,,5.0,0.0,0.015384615384615385,0.015384615384615385,graphrag,,False,False
45,search log,pesquisa de preços,9,151614,6.0,,0.015151515151515152,0.0,0.015151515151515152,rag,,False,False
45,search log,pesquisa de preços,10,18894,7.0,,0.014925373134328358,0.0,0.014925373134328358,rag,,False,False
46,search log,planilha de custos e formação de preços,1,19430,2.0,3.0,0.016129032258064516,0.015873015873015872,0.03200204813108039,ambos,,False,False
46,search log,planilha de custos e formação de preços,2,29371,3.0,4.0,0.015873015873015872,0.015625,0.03149801587301587,ambos,3.0,True,True
46,search log,planilha de custos e formação de preços,3,33042,7.0,1.0,0.014925373134328358,0.01639344262295082,0.03131881575727918,ambos,,False,False
46,search log,planilha de custos e formação de preços,4,32965,6.0,2.0,0.015151515151515152,0.016129032258064516,0.03128054740957967,ambos,,False,False
46,search log,planilha de custos e formação de preços,5,34936,4.0,8.0,0.015625,0.014705882352941176,0.030330882352941176,ambos,,False,False
46,search log,planilha de custos e formação de preços,6,29349,5.0,7.0,0.015384615384615385,0.014925373134328358,0.030309988518943745,ambos,3.0,True,True
46,search log,planilha de custos e formação de preços,7,33908,8.0,5.0,0.014705882352941176,0.015384615384615385,0.030090497737556562,ambos,,False,False
46,search log,planilha de custos e formação de preços,8,98015,9.0,9.0,0.014492753623188406,0.014492753623188406,0.028985507246376812,ambos,,False,False
46,search log,planilha de custos e formação de preços,9,15253,1.0,,0.01639344262295082,0.0,0.01639344262295082,rag,,False,False
46,search log,planilha de custos e formação de preços,10,21292,,6.0,0.0,0.015151515151515152,0.015151515151515152,graphrag,,False,False
47,search log,publicidade e propaganda,1,28888,1.0,1.0,0.01639344262295082,0.01639344262295082,0.03278688524590164,ambos,,False,False
47,search log,publicidade e propaganda,2,33815,2.0,2.0,0.016129032258064516,0.016129032258064516,0.03225806451612903,ambos,3.0,True,True
47,search log,publicidade e propaganda,3,29378,3.0,3.0,0.015873015873015872,0.015873015873015872,0.031746031746031744,ambos,3.0,True,True
47,search log,publicidade e propaganda,4,33791,5.0,4.0,0.015384615384615385,0.015625,0.031009615384615385,ambos,2.0,True,True
47,search log,publicidade e propaganda,5,17183,4.0,7.0,0.015625,0.014925373134328358,0.03055037313432836,ambos,,False,False
47,search log,publicidade e propaganda,6,29358,7.0,5.0,0.014925373134328358,0.015384615384615385,0.030309988518943745,ambos,,False,False
47,search log,publicidade e propaganda,7,28860,9.0,6.0,0.014492753623188406,0.015151515151515152,0.02964426877470356,ambos,,False,False
47,search log,publicidade e propaganda,8,150303,10.0,9.0,0.014285714285714285,0.014492753623188406,0.02877846790890269,ambos,,False,False
47,search log,publicidade e propaganda,9,31031,6.0,,0.015151515151515152,0.0,0.015151515151515152,rag,,False,False
47,search log,publicidade e propaganda,10,41172,8.0,,0.014705882352941176,0.0,0.014705882352941176,rag,,False,False
48,search log,processo seletivo e sistema s,1,20257,2.0,1.0,0.016129032258064516,0.01639344262295082,0.03252247488101534,ambos,3.0,True,True
48,search log,processo seletivo e sistema s,2,19600,1.0,5.0,0.01639344262295082,0.015384615384615385,0.03177805800756621,ambos,3.0,True,True
48,search log,processo seletivo e sistema s,3,113690,4.0,2.0,0.015625,0.016129032258064516,0.031754032258064516,ambos,3.0,True,True
48,search log,processo seletivo e sistema s,4,19602,5.0,4.0,0.015384615384615385,0.015625,0.031009615384615385,ambos,,False,False
48,search log,processo seletivo e sistema s,5,19601,3.0,8.0,0.015873015873015872,0.014705882352941176,0.03057889822595705,ambos,3.0,True,True
48,search log,processo seletivo e sistema s,6,31722,8.0,3.0,0.014705882352941176,0.015873015873015872,0.03057889822595705,ambos,,False,False
48,search log,processo seletivo e sistema s,7,15793,6.0,7.0,0.015151515151515152,0.014925373134328358,0.03007688828584351,ambos,,False,False
48,search log,processo seletivo e sistema s,8,20307,10.0,6.0,0.014285714285714285,0.015151515151515152,0.029437229437229435,ambos,,False,False
48,search log,processo seletivo e sistema s,9,19572,9.0,10.0,0.014492753623188406,0.014285714285714285,0.02877846790890269,ambos,3.0,True,True
48,search log,processo seletivo e sistema s,10,20260,7.0,,0.014925373134328358,0.0,0.014925373134328358,rag,,False,False
49,search log,modalidade de licitação,1,19393,2.0,2.0,0.016129032258064516,0.016129032258064516,0.03225806451612903,ambos,,False,False
49,search log,modalidade de licitação,2,18852,1.0,4.0,0.01639344262295082,0.015625,0.032018442622950824,ambos,2.0,True,True
49,search log,modalidade de licitação,3,19394,5.0,1.0,0.015384615384615385,0.01639344262295082,0.03177805800756621,ambos,,False,False
49,search log,modalidade de licitação,4,34123,4.0,3.0,0.015625,0.015873015873015872,0.03149801587301587,ambos,,False,False
49,search log,modalidade de licitação,5,20901,3.0,5.0,0.015873015873015872,0.015384615384615385,0.03125763125763126,ambos,,False,False
49,search log,modalidade de licitação,6,18232,9.0,6.0,0.014492753623188406,0.015151515151515152,0.02964426877470356,ambos,,False,False
49,search log,modalidade de licitação,7,19399,6.0,10.0,0.015151515151515152,0.014285714285714285,0.029437229437229435,ambos,,False,False
49,search log,modalidade de licitação,8,34205,8.0,9.0,0.014705882352941176,0.014492753623188406,0.02919863597612958,ambos,,False,False
49,search log,modalidade de licitação,9,31621,7.0,,0.014925373134328358,0.0,0.014925373134328358,rag,,False,False
49,search log,modalidade de licitação,10,34292,,7.0,0.0,0.014925373134328358,0.014925373134328358,graphrag,,False,False
50,search log,antecipação de pagamento,1,17818,1.0,2.0,0.01639344262295082,0.016129032258064516,0.03252247488101534,ambos,,False,False
50,search log,antecipação de pagamento,2,18396,3.0,1.0,0.015873015873015872,0.01639344262295082,0.032266458495966696,ambos,,False,False
50,search log,antecipação de pagamento,3,71048,2.0,4.0,0.016129032258064516,0.015625,0.031754032258064516,ambos,3.0,True,True
50,search log,antecipação de pagamento,4,18953,4.0,3.0,0.015625,0.015873015873015872,0.03149801587301587,ambos,,False,False
50,search log,antecipação de pagamento,5,32601,6.0,8.0,0.015151515151515152,0.014705882352941176,0.029857397504456328,ambos,3.0,True,True
50,search log,antecipação de pagamento,6,7109,7.0,9.0,0.014925373134328358,0.014492753623188406,0.029418126757516764,ambos,,False,False
50,search log,antecipação de pagamento,7,17097,9.0,7.0,0.014492753623188406,0.014925373134328358,0.029418126757516764,ambos,3.0,True,True
50,search log,antecipação de pagamento,8,31130,5.0,,0.015384615384615385,0.0,0.015384615384615385,rag,,False,False
50,search log,antecipação de pagamento,9,17334,,5.0,0.0,0.015384615384615385,0.015384615384615385,graphrag,,False,False
50,search log,antecipação de pagamento,10,17123,,6.0,0.0,0.015151515151515152,0.015151515151515152,graphrag,3.0,True,True
51,expression from LLM question,concessão remunerada de uso de bens públicos modalidade,1,18426,1.0,1.0,0.01639344262295082,0.01639344262295082,0.03278688524590164,ambos,,False,False
51,expression from LLM question,concessão remunerada de uso de bens públicos modalidade,2,31281,2.0,3.0,0.016129032258064516,0.015873015873015872,0.03200204813108039,ambos,,False,False
51,expression from LLM question,concessão remunerada de uso de bens públicos modalidade,3,31277,4.0,2.0,0.015625,0.016129032258064516,0.031754032258064516,ambos,,False,False
51,expression from LLM question,concessão remunerada de uso de bens públicos modalidade,4,14270,5.0,5.0,0.015384615384615385,0.015384615384615385,0.03076923076923077,ambos,2.0,True,True
51,expression from LLM question,concessão remunerada de uso de bens públicos modalidade,5,17128,6.0,7.0,0.015151515151515152,0.014925373134328358,0.03007688828584351,ambos,,False,False
51,expression from LLM question,concessão remunerada de uso de bens públicos modalidade,6,14862,7.0,8.0,0.014925373134328358,0.014705882352941176,0.029631255487269532,ambos,3.0,True,True
51,expression from LLM question,concessão remunerada de uso de bens públicos modalidade,7,40888,8.0,9.0,0.014705882352941176,0.014492753623188406,0.02919863597612958,ambos,,False,False
51,expression from LLM question,concessão remunerada de uso de bens públicos modalidade,8,17360,10.0,10.0,0.014285714285714285,0.014285714285714285,0.02857142857142857,ambos,2.0,True,True
51,expression from LLM question,concessão remunerada de uso de bens públicos modalidade,9,15470,3.0,,0.015873015873015872,0.0,0.015873015873015872,rag,,False,False
51,expression from LLM question,concessão remunerada de uso de bens públicos modalidade,10,31251,,4.0,0.0,0.015625,0.015625,graphrag,2.0,True,True
52,expression from LLM question,citação válida falecimento,1,139391,1.0,2.0,0.01639344262295082,0.016129032258064516,0.03252247488101534,ambos,3.0,True,True
52,expression from LLM question,citação válida falecimento,2,26236,2.0,1.0,0.016129032258064516,0.01639344262295082,0.03252247488101534,ambos,,False,False
52,expression from LLM question,citação válida falecimento,3,24280,3.0,3.0,0.015873015873015872,0.015873015873015872,0.031746031746031744,ambos,,False,False
52,expression from LLM question,citação válida falecimento,4,40940,4.0,4.0,0.015625,0.015625,0.03125,ambos,3.0,True,True
52,expression from LLM question,citação válida falecimento,5,32813,5.0,5.0,0.015384615384615385,0.015384615384615385,0.03076923076923077,ambos,,False,False
52,expression from LLM question,citação válida falecimento,6,46654,6.0,6.0,0.015151515151515152,0.015151515151515152,0.030303030303030304,ambos,,False,False
52,expression from LLM question,citação válida falecimento,7,24244,7.0,10.0,0.014925373134328358,0.014285714285714285,0.029211087420042643,ambos,,False,False
52,expression from LLM question,citação válida falecimento,8,29837,10.0,9.0,0.014285714285714285,0.014492753623188406,0.02877846790890269,ambos,,False,False
52,expression from LLM question,citação válida falecimento,9,31302,,7.0,0.0,0.014925373134328358,0.014925373134328358,graphrag,,False,False
52,expression from LLM question,citação válida falecimento,10,14815,8.0,,0.014705882352941176,0.0,0.014705882352941176,rag,,False,False
53,expression from LLM question,garantia contratual patrimônio líquido mínimo,1,33935,4.0,1.0,0.015625,0.01639344262295082,0.032018442622950824,ambos,,False,False
53,expression from LLM question,garantia contratual patrimônio líquido mínimo,2,22789,3.0,3.0,0.015873015873015872,0.015873015873015872,0.031746031746031744,ambos,,False,False
53,expression from LLM question,garantia contratual patrimônio líquido mínimo,3,21843,1.0,6.0,0.01639344262295082,0.015151515151515152,0.031544957774465976,ambos,,False,False
53,expression from LLM question,garantia contratual patrimônio líquido mínimo,4,48357,2.0,5.0,0.016129032258064516,0.015384615384615385,0.0315136476426799,ambos,3.0,True,True
53,expression from LLM question,garantia contratual patrimônio líquido mínimo,5,26373,5.0,2.0,0.015384615384615385,0.016129032258064516,0.0315136476426799,ambos,2.0,True,True
53,expression from LLM question,garantia contratual patrimônio líquido mínimo,6,31662,9.0,4.0,0.014492753623188406,0.015625,0.030117753623188408,ambos,,False,False
53,expression from LLM question,garantia contratual patrimônio líquido mínimo,7,31524,7.0,9.0,0.014925373134328358,0.014492753623188406,0.029418126757516764,ambos,,False,False
53,expression from LLM question,garantia contratual patrimônio líquido mínimo,8,21801,8.0,8.0,0.014705882352941176,0.014705882352941176,0.029411764705882353,ambos,2.0,True,True
53,expression from LLM question,garantia contratual patrimônio líquido mínimo,9,22212,10.0,7.0,0.014285714285714285,0.014925373134328358,0.029211087420042643,ambos,2.0,True,True
53,expression from LLM question,garantia contratual patrimônio líquido mínimo,10,22136,6.0,,0.015151515151515152,0.0,0.015151515151515152,rag,,False,False
54,expression from LLM question,garantia de participação patrimônio líquido mínimo,1,22789,1.0,3.0,0.01639344262295082,0.015873015873015872,0.032266458495966696,ambos,,False,False
54,expression from LLM question,garantia de participação patrimônio líquido mínimo,2,26373,3.0,2.0,0.015873015873015872,0.016129032258064516,0.03200204813108039,ambos,2.0,True,True
54,expression from LLM question,garantia de participação patrimônio líquido mínimo,3,33935,5.0,1.0,0.015384615384615385,0.01639344262295082,0.03177805800756621,ambos,,False,False
54,expression from LLM question,garantia de participação patrimônio líquido mínimo,4,21843,2.0,6.0,0.016129032258064516,0.015151515151515152,0.03128054740957967,ambos,,False,False
54,expression from LLM question,garantia de participação patrimônio líquido mínimo,5,48357,4.0,7.0,0.015625,0.014925373134328358,0.03055037313432836,ambos,2.0,True,True
54,expression from LLM question,garantia de participação patrimônio líquido mínimo,6,22212,6.0,5.0,0.015151515151515152,0.015384615384615385,0.030536130536130537,ambos,2.0,True,True
54,expression from LLM question,garantia de participação patrimônio líquido mínimo,7,22211,9.0,4.0,0.014492753623188406,0.015625,0.030117753623188408,ambos,2.0,True,True
54,expression from LLM question,garantia de participação patrimônio líquido mínimo,8,31524,10.0,10.0,0.014285714285714285,0.014285714285714285,0.02857142857142857,ambos,,False,False
54,expression from LLM question,garantia de participação patrimônio líquido mínimo,9,22136,7.0,,0.014925373134328358,0.0,0.014925373134328358,rag,,False,False
54,expression from LLM question,garantia de participação patrimônio líquido mínimo,10,21897,8.0,,0.014705882352941176,0.0,0.014705882352941176,rag,,False,False
55,expression from LLM question,despesas sem cobertura contratual multa,1,18924,1.0,2.0,0.01639344262295082,0.016129032258064516,0.03252247488101534,ambos,2.0,True,True
55,expression from LLM question,despesas sem cobertura contratual multa,2,18112,4.0,1.0,0.015625,0.01639344262295082,0.032018442622950824,ambos,,False,False
55,expression from LLM question,despesas sem cobertura contratual multa,3,19450,2.0,5.0,0.016129032258064516,0.015384615384615385,0.0315136476426799,ambos,,False,False
55,expression from LLM question,despesas sem cobertura contratual multa,4,34734,5.0,3.0,0.015384615384615385,0.015873015873015872,0.03125763125763126,ambos,,False,False
55,expression from LLM question,despesas sem cobertura contratual multa,5,15316,3.0,7.0,0.015873015873015872,0.014925373134328358,0.030798389007344232,ambos,,False,False
55,expression from LLM question,despesas sem cobertura contratual multa,6,17815,10.0,4.0,0.014285714285714285,0.015625,0.029910714285714284,ambos,,False,False
55,expression from LLM question,despesas sem cobertura contratual multa,7,34114,6.0,8.0,0.015151515151515152,0.014705882352941176,0.029857397504456328,ambos,,False,False
55,expression from LLM question,despesas sem cobertura contratual multa,8,35446,9.0,6.0,0.014492753623188406,0.015151515151515152,0.02964426877470356,ambos,,False,False
55,expression from LLM question,despesas sem cobertura contratual multa,9,35218,8.0,9.0,0.014705882352941176,0.014492753623188406,0.02919863597612958,ambos,,False,False
55,expression from LLM question,despesas sem cobertura contratual multa,10,23133,7.0,,0.014925373134328358,0.0,0.014925373134328358,rag,,False,False
56,expression from LLM question,uso de áreas comerciais em aeroportos pregão,1,18865,1.0,3.0,0.01639344262295082,0.015873015873015872,0.032266458495966696,ambos,3.0,True,True
56,expression from LLM question,uso de áreas comerciais em aeroportos pregão,2,31249,4.0,2.0,0.015625,0.016129032258064516,0.031754032258064516,ambos,3.0,True,True
56,expression from LLM question,uso de áreas comerciais em aeroportos pregão,3,14278,7.0,1.0,0.014925373134328358,0.01639344262295082,0.03131881575727918,ambos,,False,False
56,expression from LLM question,uso de áreas comerciais em aeroportos pregão,4,17360,2.0,6.0,0.016129032258064516,0.015151515151515152,0.03128054740957967,ambos,,False,False
56,expression from LLM question,uso de áreas comerciais em aeroportos pregão,5,2845,3.0,7.0,0.015873015873015872,0.014925373134328358,0.030798389007344232,ambos,,False,False
56,expression from LLM question,uso de áreas comerciais em aeroportos pregão,6,14273,6.0,4.0,0.015151515151515152,0.015625,0.030776515151515152,ambos,2.0,True,True
56,expression from LLM question,uso de áreas comerciais em aeroportos pregão,7,31252,9.0,5.0,0.014492753623188406,0.015384615384615385,0.029877369007803793,ambos,1.0,True,True
56,expression from LLM question,uso de áreas comerciais em aeroportos pregão,8,17357,5.0,,0.015384615384615385,0.0,0.015384615384615385,rag,,False,False
56,expression from LLM question,uso de áreas comerciais em aeroportos pregão,9,18243,8.0,,0.014705882352941176,0.0,0.014705882352941176,rag,,False,False
56,expression from LLM question,uso de áreas comerciais em aeroportos pregão,10,14114,,8.0,0.0,0.014705882352941176,0.014705882352941176,graphrag,2.0,True,True
57,expression from LLM question,cessão das áreas comerciais de centrais públicas de abastecimento de gêneros alimentícios licitação,1,5714,1.0,2.0,0.01639344262295082,0.016129032258064516,0.03252247488101534,ambos,3.0,True,True
57,expression from LLM question,cessão das áreas comerciais de centrais públicas de abastecimento de gêneros alimentícios licitação,2,18426,2.0,1.0,0.016129032258064516,0.01639344262295082,0.03252247488101534,ambos,2.0,True,True
57,expression from LLM question,cessão das áreas comerciais de centrais públicas de abastecimento de gêneros alimentícios licitação,3,31251,5.0,3.0,0.015384615384615385,0.015873015873015872,0.03125763125763126,ambos,,False,False
57,expression from LLM question,cessão das áreas comerciais de centrais públicas de abastecimento de gêneros alimentícios licitação,4,18037,4.0,9.0,0.015625,0.014492753623188406,0.030117753623188408,ambos,,False,False
57,expression from LLM question,cessão das áreas comerciais de centrais públicas de abastecimento de gêneros alimentícios licitação,5,31281,9.0,4.0,0.014492753623188406,0.015625,0.030117753623188408,ambos,,False,False
57,expression from LLM question,cessão das áreas comerciais de centrais públicas de abastecimento de gêneros alimentícios licitação,6,14862,7.0,6.0,0.014925373134328358,0.015151515151515152,0.03007688828584351,ambos,,False,False
57,expression from LLM question,cessão das áreas comerciais de centrais públicas de abastecimento de gêneros alimentícios licitação,7,17360,6.0,8.0,0.015151515151515152,0.014705882352941176,0.029857397504456328,ambos,,False,False
57,expression from LLM question,cessão das áreas comerciais de centrais públicas de abastecimento de gêneros alimentícios licitação,8,31618,8.0,7.0,0.014705882352941176,0.014925373134328358,0.029631255487269532,ambos,,False,False
57,expression from LLM question,cessão das áreas comerciais de centrais públicas de abastecimento de gêneros alimentícios licitação,9,18223,10.0,10.0,0.014285714285714285,0.014285714285714285,0.02857142857142857,ambos,,False,False
57,expression from LLM question,cessão das áreas comerciais de centrais públicas de abastecimento de gêneros alimentícios licitação,10,21862,3.0,,0.015873015873015872,0.0,0.015873015873015872,rag,,False,False
58,expression from LLM question,capacidade bens pertinentes e compatíveis com o objeto da licitação comprovação,1,22144,1.0,7.0,0.01639344262295082,0.014925373134328358,0.03131881575727918,ambos,,False,False
58,expression from LLM question,capacidade bens pertinentes e compatíveis com o objeto da licitação comprovação,2,33077,7.0,1.0,0.014925373134328358,0.01639344262295082,0.03131881575727918,ambos,,False,False
58,expression from LLM question,capacidade bens pertinentes e compatíveis com o objeto da licitação comprovação,3,21923,4.0,4.0,0.015625,0.015625,0.03125,ambos,,False,False
58,expression from LLM question,capacidade bens pertinentes e compatíveis com o objeto da licitação comprovação,4,22146,6.0,5.0,0.015151515151515152,0.015384615384615385,0.030536130536130537,ambos,,False,False
58,expression from LLM question,capacidade bens pertinentes e compatíveis com o objeto da licitação comprovação,5,22780,10.0,2.0,0.014285714285714285,0.016129032258064516,0.0304147465437788,ambos,,False,False
58,expression from LLM question,capacidade bens pertinentes e compatíveis com o objeto da licitação comprovação,6,31671,3.0,9.0,0.015873015873015872,0.014492753623188406,0.03036576949620428,ambos,,False,False
58,expression from LLM question,capacidade bens pertinentes e compatíveis com o objeto da licitação comprovação,7,21939,9.0,3.0,0.014492753623188406,0.015873015873015872,0.03036576949620428,ambos,,False,False
58,expression from LLM question,capacidade bens pertinentes e compatíveis com o objeto da licitação comprovação,8,22833,5.0,8.0,0.015384615384615385,0.014705882352941176,0.030090497737556562,ambos,,False,False
58,expression from LLM question,capacidade bens pertinentes e compatíveis com o objeto da licitação comprovação,9,17967,2.0,,0.016129032258064516,0.0,0.016129032258064516,rag,2.0,True,True
58,expression from LLM question,capacidade bens pertinentes e compatíveis com o objeto da licitação comprovação,10,22773,,6.0,0.0,0.015151515151515152,0.015151515151515152,graphrag,,False,False
59,expression from LLM question,extrapolação dos limites para alterações consensuais qualitativas de contratos de obras e serviços,1,18359,1.0,1.0,0.01639344262295082,0.01639344262295082,0.03278688524590164,ambos,,False,False
59,expression from LLM question,extrapolação dos limites para alterações consensuais qualitativas de contratos de obras e serviços,2,83623,2.0,4.0,0.016129032258064516,0.015625,0.031754032258064516,ambos,,False,False
59,expression from LLM question,extrapolação dos limites para alterações consensuais qualitativas de contratos de obras e serviços,3,18018,6.0,2.0,0.015151515151515152,0.016129032258064516,0.03128054740957967,ambos,,False,False
59,expression from LLM question,extrapolação dos limites para alterações consensuais qualitativas de contratos de obras e serviços,4,17090,3.0,5.0,0.015873015873015872,0.015384615384615385,0.03125763125763126,ambos,3.0,True,True
59,expression from LLM question,extrapolação dos limites para alterações consensuais qualitativas de contratos de obras e serviços,5,122672,7.0,3.0,0.014925373134328358,0.015873015873015872,0.030798389007344232,ambos,,False,False
59,expression from LLM question,extrapolação dos limites para alterações consensuais qualitativas de contratos de obras e serviços,6,56317,9.0,8.0,0.014492753623188406,0.014705882352941176,0.02919863597612958,ambos,,False,False
59,expression from LLM question,extrapolação dos limites para alterações consensuais qualitativas de contratos de obras e serviços,7,18057,4.0,,0.015625,0.0,0.015625,rag,,False,False
59,expression from LLM question,extrapolação dos limites para alterações consensuais qualitativas de contratos de obras e serviços,8,17240,5.0,,0.015384615384615385,0.0,0.015384615384615385,rag,,False,False
59,expression from LLM question,extrapolação dos limites para alterações consensuais qualitativas de contratos de obras e serviços,9,18936,,6.0,0.0,0.015151515151515152,0.015151515151515152,graphrag,1.0,True,True
59,expression from LLM question,extrapolação dos limites para alterações consensuais qualitativas de contratos de obras e serviços,10,67219,,7.0,0.0,0.014925373134328358,0.014925373134328358,graphrag,,False,False
60,expression from LLM question,responsabilidade do gestor sucessor omissão do antecessor,1,144943,2.0,1.0,0.016129032258064516,0.01639344262295082,0.03252247488101534,ambos,,False,False
60,expression from LLM question,responsabilidade do gestor sucessor omissão do antecessor,2,35341,4.0,3.0,0.015625,0.015873015873015872,0.03149801587301587,ambos,,False,False
60,expression from LLM question,responsabilidade do gestor sucessor omissão do antecessor,3,35065,6.0,2.0,0.015151515151515152,0.016129032258064516,0.03128054740957967,ambos,,False,False
60,expression from LLM question,responsabilidade do gestor sucessor omissão do antecessor,4,35340,1.0,8.0,0.01639344262295082,0.014705882352941176,0.031099324975891997,ambos,,False,False
60,expression from LLM question,responsabilidade do gestor sucessor omissão do antecessor,5,35257,5.0,6.0,0.015384615384615385,0.015151515151515152,0.030536130536130537,ambos,,False,False
60,expression from LLM question,responsabilidade do gestor sucessor omissão do antecessor,6,34673,10.0,4.0,0.014285714285714285,0.015625,0.029910714285714284,ambos,,False,False
60,expression from LLM question,responsabilidade do gestor sucessor omissão do antecessor,7,29178,9.0,9.0,0.014492753623188406,0.014492753623188406,0.028985507246376812,ambos,,False,False
60,expression from LLM question,responsabilidade do gestor sucessor omissão do antecessor,8,35256,3.0,,0.015873015873015872,0.0,0.015873015873015872,rag,,False,False
60,expression from LLM question,responsabilidade do gestor sucessor omissão do antecessor,9,34672,,5.0,0.0,0.015384615384615385,0.015384615384615385,graphrag,3.0,True,True
60,expression from LLM question,responsabilidade do gestor sucessor omissão do antecessor,10,68489,7.0,,0.014925373134328358,0.0,0.014925373134328358,rag,,False,False
61,expression from LLM question,projeto de parceria público-privada modalidade,1,16157,2.0,1.0,0.016129032258064516,0.01639344262295082,0.03252247488101534,ambos,1.0,True,True
61,expression from LLM question,projeto de parceria público-privada modalidade,2,17128,1.0,4.0,0.01639344262295082,0.015625,0.032018442622950824,ambos,2.0,True,True
61,expression from LLM question,projeto de parceria público-privada modalidade,3,86184,4.0,2.0,0.015625,0.016129032258064516,0.031754032258064516,ambos,,False,False
61,expression from LLM question,projeto de parceria público-privada modalidade,4,38549,6.0,3.0,0.015151515151515152,0.015873015873015872,0.031024531024531024,ambos,,False,False
61,expression from LLM question,projeto de parceria público-privada modalidade,5,15071,3.0,7.0,0.015873015873015872,0.014925373134328358,0.030798389007344232,ambos,,False,False
61,expression from LLM question,projeto de parceria público-privada modalidade,6,15107,5.0,6.0,0.015384615384615385,0.015151515151515152,0.030536130536130537,ambos,,False,False
61,expression from LLM question,projeto de parceria público-privada modalidade,7,68698,7.0,5.0,0.014925373134328358,0.015384615384615385,0.030309988518943745,ambos,1.0,True,True
61,expression from LLM question,projeto de parceria público-privada modalidade,8,41779,9.0,8.0,0.014492753623188406,0.014705882352941176,0.02919863597612958,ambos,,False,False
61,expression from LLM question,projeto de parceria público-privada modalidade,9,15489,10.0,9.0,0.014285714285714285,0.014492753623188406,0.02877846790890269,ambos,,False,False
61,expression from LLM question,projeto de parceria público-privada modalidade,10,31790,8.0,,0.014705882352941176,0.0,0.014705882352941176,rag,,False,False
62,expression from LLM question,objeto do certame contrato social licitante,1,34226,1.0,1.0,0.01639344262295082,0.01639344262295082,0.03278688524590164,ambos,1.0,True,True
62,expression from LLM question,objeto do certame contrato social licitante,2,39216,2.0,2.0,0.016129032258064516,0.016129032258064516,0.03225806451612903,ambos,1.0,True,True
62,expression from LLM question,objeto do certame contrato social licitante,3,42635,6.0,3.0,0.015151515151515152,0.015873015873015872,0.031024531024531024,ambos,1.0,True,True
62,expression from LLM question,objeto do certame contrato social licitante,4,21130,5.0,4.0,0.015384615384615385,0.015625,0.031009615384615385,ambos,,False,False
62,expression from LLM question,objeto do certame contrato social licitante,5,32613,4.0,7.0,0.015625,0.014925373134328358,0.03055037313432836,ambos,,False,False
62,expression from LLM question,objeto do certame contrato social licitante,6,31563,7.0,5.0,0.014925373134328358,0.015384615384615385,0.030309988518943745,ambos,,False,False
62,expression from LLM question,objeto do certame contrato social licitante,7,13156,8.0,9.0,0.014705882352941176,0.014492753623188406,0.02919863597612958,ambos,,False,False
62,expression from LLM question,objeto do certame contrato social licitante,8,34127,10.0,10.0,0.014285714285714285,0.014285714285714285,0.02857142857142857,ambos,,False,False
62,expression from LLM question,objeto do certame contrato social licitante,9,32599,3.0,,0.015873015873015872,0.0,0.015873015873015872,rag,,False,False
62,expression from LLM question,objeto do certame contrato social licitante,10,42817,,6.0,0.0,0.015151515151515152,0.015151515151515152,graphrag,2.0,True,True
63,expression from LLM question,responsabilidade gestão dos recursos Fundo Municipal de Saúde,1,17184,1.0,3.0,0.01639344262295082,0.015873015873015872,0.032266458495966696,ambos,3.0,True,True
63,expression from LLM question,responsabilidade gestão dos recursos Fundo Municipal de Saúde,2,80730,3.0,1.0,0.015873015873015872,0.01639344262295082,0.032266458495966696,ambos,,False,False
63,expression from LLM question,responsabilidade gestão dos recursos Fundo Municipal de Saúde,3,19452,2.0,6.0,0.016129032258064516,0.015151515151515152,0.03128054740957967,ambos,,False,False
63,expression from LLM question,responsabilidade gestão dos recursos Fundo Municipal de Saúde,4,66911,6.0,2.0,0.015151515151515152,0.016129032258064516,0.03128054740957967,ambos,,False,False
63,expression from LLM question,responsabilidade gestão dos recursos Fundo Municipal de Saúde,5,34746,5.0,4.0,0.015384615384615385,0.015625,0.031009615384615385,ambos,2.0,True,True
63,expression from LLM question,responsabilidade gestão dos recursos Fundo Municipal de Saúde,6,4856,4.0,7.0,0.015625,0.014925373134328358,0.03055037313432836,ambos,2.0,True,True
63,expression from LLM question,responsabilidade gestão dos recursos Fundo Municipal de Saúde,7,13583,7.0,8.0,0.014925373134328358,0.014705882352941176,0.029631255487269532,ambos,3.0,True,True
63,expression from LLM question,responsabilidade gestão dos recursos Fundo Municipal de Saúde,8,13795,9.0,9.0,0.014492753623188406,0.014492753623188406,0.028985507246376812,ambos,,False,False
63,expression from LLM question,responsabilidade gestão dos recursos Fundo Municipal de Saúde,9,75014,,5.0,0.0,0.015384615384615385,0.015384615384615385,graphrag,3.0,True,True
63,expression from LLM question,responsabilidade gestão dos recursos Fundo Municipal de Saúde,10,32583,8.0,,0.014705882352941176,0.0,0.014705882352941176,rag,,False,False
64,expression from LLM question,pesquisa de mercado orçamento fornecedores,1,31629,1.0,2.0,0.01639344262295082,0.016129032258064516,0.03252247488101534,ambos,3.0,True,True
64,expression from LLM question,pesquisa de mercado orçamento fornecedores,2,22170,3.0,1.0,0.015873015873015872,0.01639344262295082,0.032266458495966696,ambos,,False,False
64,expression from LLM question,pesquisa de mercado orçamento fornecedores,3,22166,2.0,4.0,0.016129032258064516,0.015625,0.031754032258064516,ambos,,False,False
64,expression from LLM question,pesquisa de mercado orçamento fornecedores,4,22836,5.0,3.0,0.015384615384615385,0.015873015873015872,0.03125763125763126,ambos,,False,False
64,expression from LLM question,pesquisa de mercado orçamento fornecedores,5,117370,4.0,6.0,0.015625,0.015151515151515152,0.030776515151515152,ambos,,False,False
64,expression from LLM question,pesquisa de mercado orçamento fornecedores,6,21135,8.0,7.0,0.014705882352941176,0.014925373134328358,0.029631255487269532,ambos,,False,False
64,expression from LLM question,pesquisa de mercado orçamento fornecedores,7,54852,9.0,8.0,0.014492753623188406,0.014705882352941176,0.02919863597612958,ambos,3.0,True,True
64,expression from LLM question,pesquisa de mercado orçamento fornecedores,8,21789,,5.0,0.0,0.015384615384615385,0.015384615384615385,graphrag,,False,False
64,expression from LLM question,pesquisa de mercado orçamento fornecedores,9,151614,6.0,,0.015151515151515152,0.0,0.015151515151515152,rag,1.0,True,True
64,expression from LLM question,pesquisa de mercado orçamento fornecedores,10,15253,7.0,,0.014925373134328358,0.0,0.014925373134328358,rag,3.0,True,True
65,expression from LLM question,pesquisa de preços obrigatória em licitações,1,21864,1.0,2.0,0.01639344262295082,0.016129032258064516,0.03252247488101534,ambos,3.0,True,True
65,expression from LLM question,pesquisa de preços obrigatória em licitações,2,22166,2.0,4.0,0.016129032258064516,0.015625,0.031754032258064516,ambos,,False,False
65,expression from LLM question,pesquisa de preços obrigatória em licitações,3,31629,4.0,3.0,0.015625,0.015873015873015872,0.03149801587301587,ambos,,False,False
65,expression from LLM question,pesquisa de preços obrigatória em licitações,4,22170,8.0,1.0,0.014705882352941176,0.01639344262295082,0.031099324975891997,ambos,,False,False
65,expression from LLM question,pesquisa de preços obrigatória em licitações,5,117370,3.0,7.0,0.015873015873015872,0.014925373134328358,0.030798389007344232,ambos,,False,False
65,expression from LLM question,pesquisa de preços obrigatória em licitações,6,21135,7.0,5.0,0.014925373134328358,0.015384615384615385,0.030309988518943745,ambos,3.0,True,True
65,expression from LLM question,pesquisa de preços obrigatória em licitações,7,18894,5.0,9.0,0.015384615384615385,0.014492753623188406,0.029877369007803793,ambos,,False,False
65,expression from LLM question,pesquisa de preços obrigatória em licitações,8,22168,10.0,6.0,0.014285714285714285,0.015151515151515152,0.029437229437229435,ambos,,False,False
65,expression from LLM question,pesquisa de preços obrigatória em licitações,9,33046,6.0,,0.015151515151515152,0.0,0.015151515151515152,rag,,False,False
65,expression from LLM question,pesquisa de preços obrigatória em licitações,10,21827,,8.0,0.0,0.014705882352941176,0.014705882352941176,graphrag,,False,False
66,expression from LLM question,vantajosidade adesão à ata,1,20840,1.0,2.0,0.01639344262295082,0.016129032258064516,0.03252247488101534,ambos,,False,False
66,expression from LLM question,vantajosidade adesão à ata,2,210,5.0,1.0,0.015384615384615385,0.01639344262295082,0.03177805800756621,ambos,,False,False
66,expression from LLM question,vantajosidade adesão à ata,3,205,6.0,3.0,0.015151515151515152,0.015873015873015872,0.031024531024531024,ambos,,False,False
66,expression from LLM question,vantajosidade adesão à ata,4,217,4.0,5.0,0.015625,0.015384615384615385,0.031009615384615385,ambos,,False,False
66,expression from LLM question,vantajosidade adesão à ata,5,21203,3.0,7.0,0.015873015873015872,0.014925373134328358,0.030798389007344232,ambos,,False,False
66,expression from LLM question,vantajosidade adesão à ata,6,62306,2.0,9.0,0.016129032258064516,0.014492753623188406,0.030621785881252923,ambos,3.0,True,True
66,expression from LLM question,vantajosidade adesão à ata,7,170,10.0,4.0,0.014285714285714285,0.015625,0.029910714285714284,ambos,,False,False
66,expression from LLM question,vantajosidade adesão à ata,8,20860,8.0,6.0,0.014705882352941176,0.015151515151515152,0.029857397504456328,ambos,,False,False
66,expression from LLM question,vantajosidade adesão à ata,9,16981,7.0,8.0,0.014925373134328358,0.014705882352941176,0.029631255487269532,ambos,,False,False
66,expression from LLM question,vantajosidade adesão à ata,10,195,9.0,10.0,0.014492753623188406,0.014285714285714285,0.02877846790890269,ambos,,False,False
67,expression from LLM question,compensação entre acréscimos e supressões contratos administrativos,1,10089,3.0,1.0,0.015873015873015872,0.01639344262295082,0.032266458495966696,ambos,3.0,True,True
67,expression from LLM question,compensação entre acréscimos e supressões contratos administrativos,2,49135,5.0,2.0,0.015384615384615385,0.016129032258064516,0.0315136476426799,ambos,3.0,True,True
67,expression from LLM question,compensação entre acréscimos e supressões contratos administrativos,3,20539,1.0,8.0,0.01639344262295082,0.014705882352941176,0.031099324975891997,ambos,,False,False
67,expression from LLM question,compensação entre acréscimos e supressões contratos administrativos,4,18019,7.0,4.0,0.014925373134328358,0.015625,0.03055037313432836,ambos,3.0,True,True
67,expression from LLM question,compensação entre acréscimos e supressões contratos administrativos,5,11604,2.0,10.0,0.016129032258064516,0.014285714285714285,0.0304147465437788,ambos,,False,False
67,expression from LLM question,compensação entre acréscimos e supressões contratos administrativos,6,104455,10.0,3.0,0.014285714285714285,0.015873015873015872,0.030158730158730156,ambos,,False,False
67,expression from LLM question,compensação entre acréscimos e supressões contratos administrativos,7,17207,6.0,7.0,0.015151515151515152,0.014925373134328358,0.03007688828584351,ambos,,False,False
67,expression from LLM question,compensação entre acréscimos e supressões contratos administrativos,8,18359,9.0,6.0,0.014492753623188406,0.015151515151515152,0.02964426877470356,ambos,,False,False
67,expression from LLM question,compensação entre acréscimos e supressões contratos administrativos,9,31123,4.0,,0.015625,0.0,0.015625,rag,,False,False
67,expression from LLM question,compensação entre acréscimos e supressões contratos administrativos,10,18018,,5.0,0.0,0.015384615384615385,0.015384615384615385,graphrag,,False,False
68,expression from LLM question,vedado restabelecimento item suprimido,1,104455,1.0,1.0,0.01639344262295082,0.01639344262295082,0.03278688524590164,ambos,3.0,True,True
68,expression from LLM question,vedado restabelecimento item suprimido,2,122672,2.0,2.0,0.016129032258064516,0.016129032258064516,0.03225806451612903,ambos,,False,False
68,expression from LLM question,vedado restabelecimento item suprimido,3,21107,5.0,3.0,0.015384615384615385,0.015873015873015872,0.03125763125763126,ambos,,False,False
68,expression from LLM question,vedado restabelecimento item suprimido,4,13117,4.0,6.0,0.015625,0.015151515151515152,0.030776515151515152,ambos,,False,False
68,expression from LLM question,vedado restabelecimento item suprimido,5,31643,6.0,4.0,0.015151515151515152,0.015625,0.030776515151515152,ambos,,False,False
68,expression from LLM question,vedado restabelecimento item suprimido,6,32058,3.0,9.0,0.015873015873015872,0.014492753623188406,0.03036576949620428,ambos,,False,False
68,expression from LLM question,vedado restabelecimento item suprimido,7,34636,7.0,5.0,0.014925373134328358,0.015384615384615385,0.030309988518943745,ambos,,False,False
68,expression from LLM question,vedado restabelecimento item suprimido,8,71349,9.0,7.0,0.014492753623188406,0.014925373134328358,0.029418126757516764,ambos,,False,False
68,expression from LLM question,vedado restabelecimento item suprimido,9,2597,8.0,8.0,0.014705882352941176,0.014705882352941176,0.029411764705882353,ambos,,False,False
68,expression from LLM question,vedado restabelecimento item suprimido,10,33982,10.0,10.0,0.014285714285714285,0.014285714285714285,0.02857142857142857,ambos,,False,False
69,expression from LLM question,marca aquisição cartuchos,1,21867,3.0,1.0,0.015873015873015872,0.01639344262295082,0.032266458495966696,ambos,3.0,True,True
69,expression from LLM question,marca aquisição cartuchos,2,34146,2.0,2.0,0.016129032258064516,0.016129032258064516,0.03225806451612903,ambos,3.0,True,True
69,expression from LLM question,marca aquisição cartuchos,3,34132,7.0,3.0,0.014925373134328358,0.015873015873015872,0.030798389007344232,ambos,3.0,True,True
69,expression from LLM question,marca aquisição cartuchos,4,21802,4.0,7.0,0.015625,0.014925373134328358,0.03055037313432836,ambos,,False,False
69,expression from LLM question,marca aquisição cartuchos,5,93766,5.0,6.0,0.015384615384615385,0.015151515151515152,0.030536130536130537,ambos,,False,False
69,expression from LLM question,marca aquisição cartuchos,6,28920,8.0,5.0,0.014705882352941176,0.015384615384615385,0.030090497737556562,ambos,2.0,True,True
69,expression from LLM question,marca aquisição cartuchos,7,22172,10.0,4.0,0.014285714285714285,0.015625,0.029910714285714284,ambos,,False,False
69,expression from LLM question,marca aquisição cartuchos,8,61084,6.0,8.0,0.015151515151515152,0.014705882352941176,0.029857397504456328,ambos,,False,False
69,expression from LLM question,marca aquisição cartuchos,9,18816,9.0,10.0,0.014492753623188406,0.014285714285714285,0.02877846790890269,ambos,,False,False
69,expression from LLM question,marca aquisição cartuchos,10,13633,1.0,,0.01639344262295082,0.0,0.01639344262295082,rag,3.0,True,True
70,expression from LLM question,SUS recursos União competência do TCU,1,25448,1.0,1.0,0.01639344262295082,0.01639344262295082,0.03278688524590164,ambos,,False,False
70,expression from LLM question,SUS recursos União competência do TCU,2,25605,6.0,2.0,0.015151515151515152,0.016129032258064516,0.03128054740957967,ambos,,False,False
70,expression from LLM question,SUS recursos União competência do TCU,3,55897,4.0,4.0,0.015625,0.015625,0.03125,ambos,,False,False
70,expression from LLM question,SUS recursos União competência do TCU,4,15255,2.0,7.0,0.016129032258064516,0.014925373134328358,0.031054405392392875,ambos,,False,False
70,expression from LLM question,SUS recursos União competência do TCU,5,25573,3.0,6.0,0.015873015873015872,0.015151515151515152,0.031024531024531024,ambos,3.0,True,True
70,expression from LLM question,SUS recursos União competência do TCU,6,13142,5.0,5.0,0.015384615384615385,0.015384615384615385,0.03076923076923077,ambos,,False,False
70,expression from LLM question,SUS recursos União competência do TCU,7,18900,10.0,3.0,0.014285714285714285,0.015873015873015872,0.030158730158730156,ambos,,False,False
70,expression from LLM question,SUS recursos União competência do TCU,8,14841,7.0,,0.014925373134328358,0.0,0.014925373134328358,rag,,False,False
70,expression from LLM question,SUS recursos União competência do TCU,9,25569,8.0,,0.014705882352941176,0.0,0.014705882352941176,rag,,False,False
70,expression from LLM question,SUS recursos União competência do TCU,10,52566,,8.0,0.0,0.014705882352941176,0.014705882352941176,graphrag,,False,False
71,expression from LLM question,preços referenciais sistemas oficiais estimativa de custos,1,22170,1.0,1.0,0.01639344262295082,0.01639344262295082,0.03278688524590164,ambos,2.0,True,True
71,expression from LLM question,preços referenciais sistemas oficiais estimativa de custos,2,54843,2.0,3.0,0.016129032258064516,0.015873015873015872,0.03200204813108039,ambos,3.0,True,True
71,expression from LLM question,preços referenciais sistemas oficiais estimativa de custos,3,117370,6.0,2.0,0.015151515151515152,0.016129032258064516,0.03128054740957967,ambos,,False,False
71,expression from LLM question,preços referenciais sistemas oficiais estimativa de custos,4,69161,3.0,5.0,0.015873015873015872,0.015384615384615385,0.03125763125763126,ambos,2.0,True,True
71,expression from LLM question,preços referenciais sistemas oficiais estimativa de custos,5,27209,4.0,8.0,0.015625,0.014705882352941176,0.030330882352941176,ambos,,False,False
71,expression from LLM question,preços referenciais sistemas oficiais estimativa de custos,6,22166,7.0,6.0,0.014925373134328358,0.015151515151515152,0.03007688828584351,ambos,,False,False
71,expression from LLM question,preços referenciais sistemas oficiais estimativa de custos,7,43507,5.0,9.0,0.015384615384615385,0.014492753623188406,0.029877369007803793,ambos,,False,False
71,expression from LLM question,preços referenciais sistemas oficiais estimativa de custos,8,139562,,4.0,0.0,0.015625,0.015625,graphrag,,False,False
71,expression from LLM question,preços referenciais sistemas oficiais estimativa de custos,9,20582,,7.0,0.0,0.014925373134328358,0.014925373134328358,graphrag,,False,False
71,expression from LLM question,preços referenciais sistemas oficiais estimativa de custos,10,15836,8.0,,0.014705882352941176,0.0,0.014705882352941176,rag,,False,False
72,expression from LLM question,ponderação técnica e preço,1,20506,2.0,1.0,0.016129032258064516,0.01639344262295082,0.03252247488101534,ambos,3.0,True,True
72,expression from LLM question,ponderação técnica e preço,2,20970,3.0,2.0,0.015873015873015872,0.016129032258064516,0.03200204813108039,ambos,3.0,True,True
72,expression from LLM question,ponderação técnica e preço,3,34126,5.0,3.0,0.015384615384615385,0.015873015873015872,0.03125763125763126,ambos,3.0,True,True
72,expression from LLM question,ponderação técnica e preço,4,15740,1.0,8.0,0.01639344262295082,0.014705882352941176,0.031099324975891997,ambos,3.0,True,True
72,expression from LLM question,ponderação técnica e preço,5,20592,7.0,6.0,0.014925373134328358,0.015151515151515152,0.03007688828584351,ambos,,False,False
72,expression from LLM question,ponderação técnica e preço,6,21064,8.0,7.0,0.014705882352941176,0.014925373134328358,0.029631255487269532,ambos,3.0,True,True
72,expression from LLM question,ponderação técnica e preço,7,31689,10.0,9.0,0.014285714285714285,0.014492753623188406,0.02877846790890269,ambos,3.0,True,True
72,expression from LLM question,ponderação técnica e preço,8,53641,4.0,,0.015625,0.0,0.015625,rag,3.0,True,True
72,expression from LLM question,ponderação técnica e preço,9,20969,,4.0,0.0,0.015625,0.015625,graphrag,,False,False
72,expression from LLM question,ponderação técnica e preço,10,20869,,5.0,0.0,0.015384615384615385,0.015384615384615385,graphrag,,False,False
73,expression from LLM question,pontuação desarrazoada licitações técnica e preço,1,20506,1.0,1.0,0.01639344262295082,0.01639344262295082,0.03278688524590164,ambos,3.0,True,True
73,expression from LLM question,pontuação desarrazoada licitações técnica e preço,2,31526,2.0,3.0,0.016129032258064516,0.015873015873015872,0.03200204813108039,ambos,,False,False
73,expression from LLM question,pontuação desarrazoada licitações técnica e preço,3,20970,3.0,2.0,0.015873015873015872,0.016129032258064516,0.03200204813108039,ambos,,False,False
73,expression from LLM question,pontuação desarrazoada licitações técnica e preço,4,31594,5.0,4.0,0.015384615384615385,0.015625,0.031009615384615385,ambos,,False,False
73,expression from LLM question,pontuação desarrazoada licitações técnica e preço,5,33080,6.0,8.0,0.015151515151515152,0.014705882352941176,0.029857397504456328,ambos,,False,False
73,expression from LLM question,pontuação desarrazoada licitações técnica e preço,6,31689,9.0,7.0,0.014492753623188406,0.014925373134328358,0.029418126757516764,ambos,,False,False
73,expression from LLM question,pontuação desarrazoada licitações técnica e preço,7,33082,7.0,10.0,0.014925373134328358,0.014285714285714285,0.029211087420042643,ambos,3.0,True,True
73,expression from LLM question,pontuação desarrazoada licitações técnica e preço,8,21229,8.0,9.0,0.014705882352941176,0.014492753623188406,0.02919863597612958,ambos,3.0,True,True
73,expression from LLM question,pontuação desarrazoada licitações técnica e preço,9,20586,4.0,,0.015625,0.0,0.015625,rag,,False,False
73,expression from LLM question,pontuação desarrazoada licitações técnica e preço,10,21207,,5.0,0.0,0.015384615384615385,0.015384615384615385,graphrag,,False,False
74,expression from LLM question,prorrogação de contrato administrativo término prazo de vigência,1,18409,2.0,1.0,0.016129032258064516,0.01639344262295082,0.03252247488101534,ambos,3.0,True,True
74,expression from LLM question,prorrogação de contrato administrativo término prazo de vigência,2,18954,3.0,2.0,0.015873015873015872,0.016129032258064516,0.03200204813108039,ambos,3.0,True,True
74,expression from LLM question,prorrogação de contrato administrativo término prazo de vigência,3,31058,1.0,5.0,0.01639344262295082,0.015384615384615385,0.03177805800756621,ambos,,False,False
74,expression from LLM question,prorrogação de contrato administrativo término prazo de vigência,4,31061,5.0,3.0,0.015384615384615385,0.015873015873015872,0.03125763125763126,ambos,2.0,True,True
74,expression from LLM question,prorrogação de contrato administrativo término prazo de vigência,5,19450,6.0,6.0,0.015151515151515152,0.015151515151515152,0.030303030303030304,ambos,,False,False
74,expression from LLM question,prorrogação de contrato administrativo término prazo de vigência,6,18369,4.0,9.0,0.015625,0.014492753623188406,0.030117753623188408,ambos,,False,False
74,expression from LLM question,prorrogação de contrato administrativo término prazo de vigência,7,18955,9.0,4.0,0.014492753623188406,0.015625,0.030117753623188408,ambos,2.0,True,True
74,expression from LLM question,prorrogação de contrato administrativo término prazo de vigência,8,32596,7.0,7.0,0.014925373134328358,0.014925373134328358,0.029850746268656716,ambos,,False,False
74,expression from LLM question,prorrogação de contrato administrativo término prazo de vigência,9,18358,8.0,,0.014705882352941176,0.0,0.014705882352941176,rag,,False,False
74,expression from LLM question,prorrogação de contrato administrativo término prazo de vigência,10,31101,,8.0,0.0,0.014705882352941176,0.014705882352941176,graphrag,3.0,True,True
75,expression from LLM question,atestado de capacidade técnica serviços advocatícios conselho de fiscalização profissional,1,25628,2.0,1.0,0.016129032258064516,0.01639344262295082,0.03252247488101534,ambos,,False,False
75,expression from LLM question,atestado de capacidade técnica serviços advocatícios conselho de fiscalização profissional,2,21823,3.0,7.0,0.015873015873015872,0.014925373134328358,0.030798389007344232,ambos,,False,False
75,expression from LLM question,atestado de capacidade técnica serviços advocatícios conselho de fiscalização profissional,3,79794,9.0,2.0,0.014492753623188406,0.016129032258064516,0.030621785881252923,ambos,1.0,True,True
75,expression from LLM question,atestado de capacidade técnica serviços advocatícios conselho de fiscalização profissional,4,17017,5.0,6.0,0.015384615384615385,0.015151515151515152,0.030536130536130537,ambos,3.0,True,True
75,expression from LLM question,atestado de capacidade técnica serviços advocatícios conselho de fiscalização profissional,5,33076,6.0,5.0,0.015151515151515152,0.015384615384615385,0.030536130536130537,ambos,,False,False
75,expression from LLM question,atestado de capacidade técnica serviços advocatícios conselho de fiscalização profissional,6,105994,1.0,,0.01639344262295082,0.0,0.01639344262295082,rag,3.0,True,True
75,expression from LLM question,atestado de capacidade técnica serviços advocatícios conselho de fiscalização profissional,7,33938,,3.0,0.0,0.015873015873015872,0.015873015873015872,graphrag,,False,False
75,expression from LLM question,atestado de capacidade técnica serviços advocatícios conselho de fiscalização profissional,8,26251,4.0,,0.015625,0.0,0.015625,rag,,False,False
75,expression from LLM question,atestado de capacidade técnica serviços advocatícios conselho de fiscalização profissional,9,135758,,4.0,0.0,0.015625,0.015625,graphrag,1.0,True,True
75,expression from LLM question,atestado de capacidade técnica serviços advocatícios conselho de fiscalização profissional,10,34264,7.0,,0.014925373134328358,0.0,0.014925373134328358,rag,,False,False
76,expression from LLM question,reposição de importâncias indevidamente percebidas boa-fé servidores erro escusável por órgão/entidade,1,41098,1.0,3.0,0.01639344262295082,0.015873015873015872,0.032266458495966696,ambos,,False,False
76,expression from LLM question,reposição de importâncias indevidamente percebidas boa-fé servidores erro escusável por órgão/entidade,2,32035,2.0,2.0,0.016129032258064516,0.016129032258064516,0.03225806451612903,ambos,3.0,True,True
76,expression from LLM question,reposição de importâncias indevidamente percebidas boa-fé servidores erro escusável por órgão/entidade,3,33621,4.0,1.0,0.015625,0.01639344262295082,0.032018442622950824,ambos,3.0,True,True
76,expression from LLM question,reposição de importâncias indevidamente percebidas boa-fé servidores erro escusável por órgão/entidade,4,32020,6.0,5.0,0.015151515151515152,0.015384615384615385,0.030536130536130537,ambos,,False,False
76,expression from LLM question,reposição de importâncias indevidamente percebidas boa-fé servidores erro escusável por órgão/entidade,5,32034,8.0,4.0,0.014705882352941176,0.015625,0.030330882352941176,ambos,3.0,True,True
76,expression from LLM question,reposição de importâncias indevidamente percebidas boa-fé servidores erro escusável por órgão/entidade,6,29883,9.0,6.0,0.014492753623188406,0.015151515151515152,0.02964426877470356,ambos,,False,False
76,expression from LLM question,reposição de importâncias indevidamente percebidas boa-fé servidores erro escusável por órgão/entidade,7,93703,10.0,9.0,0.014285714285714285,0.014492753623188406,0.02877846790890269,ambos,,False,False
76,expression from LLM question,reposição de importâncias indevidamente percebidas boa-fé servidores erro escusável por órgão/entidade,8,31883,3.0,,0.015873015873015872,0.0,0.015873015873015872,rag,,False,False
76,expression from LLM question,reposição de importâncias indevidamente percebidas boa-fé servidores erro escusável por órgão/entidade,9,33575,5.0,,0.015384615384615385,0.0,0.015384615384615385,rag,,False,False
76,expression from LLM question,reposição de importâncias indevidamente percebidas boa-fé servidores erro escusável por órgão/entidade,10,29831,7.0,,0.014925373134328358,0.0,0.014925373134328358,rag,,False,False
77,expression from LLM question,aquisição direta risco a saúde,1,60328,2.0,1.0,0.016129032258064516,0.01639344262295082,0.03252247488101534,ambos,,False,False
77,expression from LLM question,aquisição direta risco a saúde,2,149284,3.0,3.0,0.015873015873015872,0.015873015873015872,0.031746031746031744,ambos,,False,False
77,expression from LLM question,aquisição direta risco a saúde,3,108456,6.0,2.0,0.015151515151515152,0.016129032258064516,0.03128054740957967,ambos,,False,False
77,expression from LLM question,aquisição direta risco a saúde,4,31790,1.0,9.0,0.01639344262295082,0.014492753623188406,0.030886196246139225,ambos,,False,False
77,expression from LLM question,aquisição direta risco a saúde,5,32628,4.0,8.0,0.015625,0.014705882352941176,0.030330882352941176,ambos,,False,False
77,expression from LLM question,aquisição direta risco a saúde,6,18012,5.0,7.0,0.015384615384615385,0.014925373134328358,0.030309988518943745,ambos,,False,False
77,expression from LLM question,aquisição direta risco a saúde,7,17137,7.0,5.0,0.014925373134328358,0.015384615384615385,0.030309988518943745,ambos,,False,False
77,expression from LLM question,aquisição direta risco a saúde,8,17184,10.0,4.0,0.014285714285714285,0.015625,0.029910714285714284,ambos,,False,False
77,expression from LLM question,aquisição direta risco a saúde,9,34691,9.0,10.0,0.014492753623188406,0.014285714285714285,0.02877846790890269,ambos,,False,False
77,expression from LLM question,aquisição direta risco a saúde,10,108454,,6.0,0.0,0.015151515151515152,0.015151515151515152,graphrag,,False,False
78,expression from LLM question,pregão divulgação dos preços estimados no edital,1,14555,1.0,3.0,0.01639344262295082,0.015873015873015872,0.032266458495966696,ambos,3.0,True,True
78,expression from LLM question,pregão divulgação dos preços estimados no edital,2,14895,2.0,2.0,0.016129032258064516,0.016129032258064516,0.03225806451612903,ambos,3.0,True,True
78,expression from LLM question,pregão divulgação dos preços estimados no edital,3,18241,4.0,1.0,0.015625,0.01639344262295082,0.032018442622950824,ambos,,False,False
78,expression from LLM question,pregão divulgação dos preços estimados no edital,4,67011,3.0,5.0,0.015873015873015872,0.015384615384615385,0.03125763125763126,ambos,3.0,True,True
78,expression from LLM question,pregão divulgação dos preços estimados no edital,5,13226,5.0,6.0,0.015384615384615385,0.015151515151515152,0.030536130536130537,ambos,3.0,True,True
78,expression from LLM question,pregão divulgação dos preços estimados no edital,6,19390,6.0,7.0,0.015151515151515152,0.014925373134328358,0.03007688828584351,ambos,2.0,True,True
78,expression from LLM question,pregão divulgação dos preços estimados no edital,7,117380,7.0,10.0,0.014925373134328358,0.014285714285714285,0.029211087420042643,ambos,,False,False
78,expression from LLM question,pregão divulgação dos preços estimados no edital,8,71456,10.0,8.0,0.014285714285714285,0.014705882352941176,0.028991596638655463,ambos,3.0,True,True
78,expression from LLM question,pregão divulgação dos preços estimados no edital,9,17173,,4.0,0.0,0.015625,0.015625,graphrag,2.0,True,True
78,expression from LLM question,pregão divulgação dos preços estimados no edital,10,45381,8.0,,0.014705882352941176,0.0,0.014705882352941176,rag,,False,False
79,expression from LLM question,instrutor treinamento inexigibilidade de licitação,1,31507,2.0,1.0,0.016129032258064516,0.01639344262295082,0.03252247488101534,ambos,3.0,True,True
79,expression from LLM question,instrutor treinamento inexigibilidade de licitação,2,32925,1.0,5.0,0.01639344262295082,0.015384615384615385,0.03177805800756621,ambos,2.0,True,True
79,expression from LLM question,instrutor treinamento inexigibilidade de licitação,3,34290,3.0,3.0,0.015873015873015872,0.015873015873015872,0.031746031746031744,ambos,3.0,True,True
79,expression from LLM question,instrutor treinamento inexigibilidade de licitação,4,18218,5.0,2.0,0.015384615384615385,0.016129032258064516,0.0315136476426799,ambos,,False,False
79,expression from LLM question,instrutor treinamento inexigibilidade de licitação,5,18818,8.0,4.0,0.014705882352941176,0.015625,0.030330882352941176,ambos,,False,False
79,expression from LLM question,instrutor treinamento inexigibilidade de licitação,6,19385,9.0,7.0,0.014492753623188406,0.014925373134328358,0.029418126757516764,ambos,,False,False
79,expression from LLM question,instrutor treinamento inexigibilidade de licitação,7,18848,4.0,,0.015625,0.0,0.015625,rag,,False,False
79,expression from LLM question,instrutor treinamento inexigibilidade de licitação,8,15763,6.0,,0.015151515151515152,0.0,0.015151515151515152,rag,,False,False
79,expression from LLM question,instrutor treinamento inexigibilidade de licitação,9,18845,,6.0,0.0,0.015151515151515152,0.015151515151515152,graphrag,,False,False
79,expression from LLM question,instrutor treinamento inexigibilidade de licitação,10,32920,7.0,,0.014925373134328358,0.0,0.014925373134328358,rag,,False,False
80,expression from LLM question,reajuste de preços e repactuação,1,17262,2.0,1.0,0.016129032258064516,0.01639344262295082,0.03252247488101534,ambos,3.0,True,True
80,expression from LLM question,reajuste de preços e repactuação,2,19353,1.0,4.0,0.01639344262295082,0.015625,0.032018442622950824,ambos,,False,False
80,expression from LLM question,reajuste de preços e repactuação,3,34213,6.0,3.0,0.015151515151515152,0.015873015873015872,0.031024531024531024,ambos,,False,False
80,expression from LLM question,reajuste de preços e repactuação,4,31105,8.0,2.0,0.014705882352941176,0.016129032258064516,0.030834914611005692,ambos,,False,False
80,expression from LLM question,reajuste de preços e repactuação,5,31108,3.0,8.0,0.015873015873015872,0.014705882352941176,0.03057889822595705,ambos,3.0,True,True
80,expression from LLM question,reajuste de preços e repactuação,6,31104,4.0,7.0,0.015625,0.014925373134328358,0.03055037313432836,ambos,3.0,True,True
80,expression from LLM question,reajuste de preços e repactuação,7,31080,10.0,6.0,0.014285714285714285,0.015151515151515152,0.029437229437229435,ambos,3.0,True,True
80,expression from LLM question,reajuste de preços e repactuação,8,9751,7.0,9.0,0.014925373134328358,0.014492753623188406,0.029418126757516764,ambos,,False,False
80,expression from LLM question,reajuste de preços e repactuação,9,34098,9.0,10.0,0.014492753623188406,0.014285714285714285,0.02877846790890269,ambos,,False,False
80,expression from LLM question,reajuste de preços e repactuação,10,83622,5.0,,0.015384615384615385,0.0,0.015384615384615385,rag,,False,False
81,expression from LLM question,recomposição reajuste,1,42820,1.0,1.0,0.01639344262295082,0.01639344262295082,0.03278688524590164,ambos,3.0,True,True
81,expression from LLM question,recomposição reajuste,2,42821,4.0,2.0,0.015625,0.016129032258064516,0.031754032258064516,ambos,3.0,True,True
81,expression from LLM question,recomposição reajuste,3,42822,3.0,3.0,0.015873015873015872,0.015873015873015872,0.031746031746031744,ambos,,False,False
81,expression from LLM question,recomposição reajuste,4,83622,2.0,5.0,0.016129032258064516,0.015384615384615385,0.0315136476426799,ambos,,False,False
81,expression from LLM question,recomposição reajuste,5,31082,8.0,4.0,0.014705882352941176,0.015625,0.030330882352941176,ambos,,False,False
81,expression from LLM question,recomposição reajuste,6,34759,10.0,6.0,0.014285714285714285,0.015151515151515152,0.029437229437229435,ambos,,False,False
81,expression from LLM question,recomposição reajuste,7,33773,5.0,,0.015384615384615385,0.0,0.015384615384615385,rag,,False,False
81,expression from LLM question,recomposição reajuste,8,83558,6.0,,0.015151515151515152,0.0,0.015151515151515152,rag,,False,False
81,expression from LLM question,recomposição reajuste,9,89473,7.0,,0.014925373134328358,0.0,0.014925373134328358,rag,,False,False
81,expression from LLM question,recomposição reajuste,10,31108,,7.0,0.0,0.014925373134328358,0.014925373134328358,graphrag,1.0,True,True
82,expression from LLM question,retenção de pagamentos perda da regularidade fiscal,1,18386,1.0,1.0,0.01639344262295082,0.01639344262295082,0.03278688524590164,ambos,2.0,True,True
82,expression from LLM question,retenção de pagamentos perda da regularidade fiscal,2,17220,2.0,4.0,0.016129032258064516,0.015625,0.031754032258064516,ambos,3.0,True,True
82,expression from LLM question,retenção de pagamentos perda da regularidade fiscal,3,97198,5.0,2.0,0.015384615384615385,0.016129032258064516,0.0315136476426799,ambos,,False,False
82,expression from LLM question,retenção de pagamentos perda da regularidade fiscal,4,77814,4.0,3.0,0.015625,0.015873015873015872,0.03149801587301587,ambos,,False,False
82,expression from LLM question,retenção de pagamentos perda da regularidade fiscal,5,17258,6.0,5.0,0.015151515151515152,0.015384615384615385,0.030536130536130537,ambos,,False,False
82,expression from LLM question,retenção de pagamentos perda da regularidade fiscal,6,43957,8.0,7.0,0.014705882352941176,0.014925373134328358,0.029631255487269532,ambos,,False,False
82,expression from LLM question,retenção de pagamentos perda da regularidade fiscal,7,17213,10.0,6.0,0.014285714285714285,0.015151515151515152,0.029437229437229435,ambos,,False,False
82,expression from LLM question,retenção de pagamentos perda da regularidade fiscal,8,60639,7.0,9.0,0.014925373134328358,0.014492753623188406,0.029418126757516764,ambos,,False,False
82,expression from LLM question,retenção de pagamentos perda da regularidade fiscal,9,17289,3.0,,0.015873015873015872,0.0,0.015873015873015872,rag,,False,False
82,expression from LLM question,retenção de pagamentos perda da regularidade fiscal,10,97654,,8.0,0.0,0.014705882352941176,0.014705882352941176,graphrag,,False,False
83,expression from LLM question,irregulares despesas desnecessárias e anteriores à celebração do contrato,1,31071,3.0,1.0,0.015873015873015872,0.01639344262295082,0.032266458495966696,ambos,,False,False
83,expression from LLM question,irregulares despesas desnecessárias e anteriores à celebração do contrato,2,16124,2.0,2.0,0.016129032258064516,0.016129032258064516,0.03225806451612903,ambos,,False,False
83,expression from LLM question,irregulares despesas desnecessárias e anteriores à celebração do contrato,3,17215,1.0,4.0,0.01639344262295082,0.015625,0.032018442622950824,ambos,,False,False
83,expression from LLM question,irregulares despesas desnecessárias e anteriores à celebração do contrato,4,21036,5.0,3.0,0.015384615384615385,0.015873015873015872,0.03125763125763126,ambos,,False,False
83,expression from LLM question,irregulares despesas desnecessárias e anteriores à celebração do contrato,5,19450,4.0,8.0,0.015625,0.014705882352941176,0.030330882352941176,ambos,,False,False
83,expression from LLM question,irregulares despesas desnecessárias e anteriores à celebração do contrato,6,26995,7.0,6.0,0.014925373134328358,0.015151515151515152,0.03007688828584351,ambos,,False,False
83,expression from LLM question,irregulares despesas desnecessárias e anteriores à celebração do contrato,7,17269,10.0,5.0,0.014285714285714285,0.015384615384615385,0.02967032967032967,ambos,,False,False
83,expression from LLM question,irregulares despesas desnecessárias e anteriores à celebração do contrato,8,15042,6.0,9.0,0.015151515151515152,0.014492753623188406,0.02964426877470356,ambos,,False,False
83,expression from LLM question,irregulares despesas desnecessárias e anteriores à celebração do contrato,9,31127,8.0,7.0,0.014705882352941176,0.014925373134328358,0.029631255487269532,ambos,,False,False
83,expression from LLM question,irregulares despesas desnecessárias e anteriores à celebração do contrato,10,33965,9.0,,0.014492753623188406,0.0,0.014492753623188406,rag,,False,False
84,expression from LLM question,vínculo trabalhista ou societário pré-existente competitividade das licitantes,1,26874,1.0,1.0,0.01639344262295082,0.01639344262295082,0.03278688524590164,ambos,2.0,True,True
84,expression from LLM question,vínculo trabalhista ou societário pré-existente competitividade das licitantes,2,25267,2.0,2.0,0.016129032258064516,0.016129032258064516,0.03225806451612903,ambos,,False,False
84,expression from LLM question,vínculo trabalhista ou societário pré-existente competitividade das licitantes,3,31683,4.0,6.0,0.015625,0.015151515151515152,0.030776515151515152,ambos,,False,False
84,expression from LLM question,vínculo trabalhista ou societário pré-existente competitividade das licitantes,4,22827,5.0,5.0,0.015384615384615385,0.015384615384615385,0.03076923076923077,ambos,,False,False
84,expression from LLM question,vínculo trabalhista ou societário pré-existente competitividade das licitantes,5,22810,7.0,4.0,0.014925373134328358,0.015625,0.03055037313432836,ambos,,False,False
84,expression from LLM question,vínculo trabalhista ou societário pré-existente competitividade das licitantes,6,80979,10.0,3.0,0.014285714285714285,0.015873015873015872,0.030158730158730156,ambos,2.0,True,True
84,expression from LLM question,vínculo trabalhista ou societário pré-existente competitividade das licitantes,7,34993,6.0,7.0,0.015151515151515152,0.014925373134328358,0.03007688828584351,ambos,,False,False
84,expression from LLM question,vínculo trabalhista ou societário pré-existente competitividade das licitantes,8,17372,3.0,,0.015873015873015872,0.0,0.015873015873015872,rag,,False,False
84,expression from LLM question,vínculo trabalhista ou societário pré-existente competitividade das licitantes,9,56336,8.0,,0.014705882352941176,0.0,0.014705882352941176,rag,,False,False
84,expression from LLM question,vínculo trabalhista ou societário pré-existente competitividade das licitantes,10,22108,,8.0,0.0,0.014705882352941176,0.014705882352941176,graphrag,3.0,True,True
85,expression from LLM question,técnica e preço profissionais quadro permanente,1,22108,2.0,2.0,0.016129032258064516,0.016129032258064516,0.03225806451612903,ambos,,False,False
85,expression from LLM question,técnica e preço profissionais quadro permanente,2,22841,3.0,5.0,0.015873015873015872,0.015384615384615385,0.03125763125763126,ambos,,False,False
85,expression from LLM question,técnica e preço profissionais quadro permanente,3,21832,1.0,8.0,0.01639344262295082,0.014705882352941176,0.031099324975891997,ambos,,False,False
85,expression from LLM question,técnica e preço profissionais quadro permanente,4,26874,9.0,1.0,0.014492753623188406,0.01639344262295082,0.030886196246139225,ambos,,False,False
85,expression from LLM question,técnica e preço profissionais quadro permanente,5,5606,7.0,3.0,0.014925373134328358,0.015873015873015872,0.030798389007344232,ambos,,False,False
85,expression from LLM question,técnica e preço profissionais quadro permanente,6,22810,4.0,7.0,0.015625,0.014925373134328358,0.03055037313432836,ambos,3.0,True,True
85,expression from LLM question,técnica e preço profissionais quadro permanente,7,18879,6.0,10.0,0.015151515151515152,0.014285714285714285,0.029437229437229435,ambos,,False,False
85,expression from LLM question,técnica e preço profissionais quadro permanente,8,25660,,4.0,0.0,0.015625,0.015625,graphrag,,False,False
85,expression from LLM question,técnica e preço profissionais quadro permanente,9,23292,5.0,,0.015384615384615385,0.0,0.015384615384615385,rag,,False,False
85,expression from LLM question,técnica e preço profissionais quadro permanente,10,25483,,6.0,0.0,0.015151515151515152,0.015151515151515152,graphrag,,False,False
86,expression from LLM question,erro material desclassificação da proposta,1,18309,1.0,4.0,0.01639344262295082,0.015625,0.032018442622950824,ambos,,False,False
86,expression from LLM question,erro material desclassificação da proposta,2,18911,4.0,3.0,0.015625,0.015873015873015872,0.03149801587301587,ambos,,False,False
86,expression from LLM question,erro material desclassificação da proposta,3,17181,7.0,1.0,0.014925373134328358,0.01639344262295082,0.03131881575727918,ambos,,False,False
86,expression from LLM question,erro material desclassificação da proposta,4,74550,6.0,2.0,0.015151515151515152,0.016129032258064516,0.03128054740957967,ambos,,False,False
86,expression from LLM question,erro material desclassificação da proposta,5,40621,3.0,7.0,0.015873015873015872,0.014925373134328358,0.030798389007344232,ambos,,False,False
86,expression from LLM question,erro material desclassificação da proposta,6,20558,5.0,9.0,0.015384615384615385,0.014492753623188406,0.029877369007803793,ambos,,False,False
86,expression from LLM question,erro material desclassificação da proposta,7,23590,8.0,6.0,0.014705882352941176,0.015151515151515152,0.029857397504456328,ambos,,False,False
86,expression from LLM question,erro material desclassificação da proposta,8,20849,10.0,5.0,0.014285714285714285,0.015384615384615385,0.02967032967032967,ambos,,False,False
86,expression from LLM question,erro material desclassificação da proposta,9,19427,9.0,10.0,0.014492753623188406,0.014285714285714285,0.02877846790890269,ambos,,False,False
86,expression from LLM question,erro material desclassificação da proposta,10,18264,2.0,,0.016129032258064516,0.0,0.016129032258064516,rag,2.0,True,True
87,expression from LLM question,vedação à inclusão documento habilitação diligência,1,21908,1.0,2.0,0.01639344262295082,0.016129032258064516,0.03252247488101534,ambos,,False,False
87,expression from LLM question,vedação à inclusão documento habilitação diligência,2,33088,2.0,1.0,0.016129032258064516,0.01639344262295082,0.03252247488101534,ambos,,False,False
87,expression from LLM question,vedação à inclusão documento habilitação diligência,3,21869,3.0,5.0,0.015873015873015872,0.015384615384615385,0.03125763125763126,ambos,,False,False
87,expression from LLM question,vedação à inclusão documento habilitação diligência,4,113541,7.0,3.0,0.014925373134328358,0.015873015873015872,0.030798389007344232,ambos,3.0,True,True
87,expression from LLM question,vedação à inclusão documento habilitação diligência,5,25232,4.0,10.0,0.015625,0.014285714285714285,0.029910714285714284,ambos,,False,False
87,expression from LLM question,vedação à inclusão documento habilitação diligência,6,33089,10.0,4.0,0.014285714285714285,0.015625,0.029910714285714284,ambos,,False,False
87,expression from LLM question,vedação à inclusão documento habilitação diligência,7,14484,9.0,6.0,0.014492753623188406,0.015151515151515152,0.02964426877470356,ambos,,False,False
87,expression from LLM question,vedação à inclusão documento habilitação diligência,8,34228,5.0,,0.015384615384615385,0.0,0.015384615384615385,rag,,False,False
87,expression from LLM question,vedação à inclusão documento habilitação diligência,9,104234,6.0,,0.015151515151515152,0.0,0.015151515151515152,rag,,False,False
87,expression from LLM question,vedação à inclusão documento habilitação diligência,10,32975,,7.0,0.0,0.014925373134328358,0.014925373134328358,graphrag,,False,False
88,expression from LLM question,exigência comprovação de quantitativos mínimos características semelhantes,1,22780,2.0,1.0,0.016129032258064516,0.01639344262295082,0.03252247488101534,ambos,3.0,True,True
88,expression from LLM question,exigência comprovação de quantitativos mínimos características semelhantes,2,26373,5.0,2.0,0.015384615384615385,0.016129032258064516,0.0315136476426799,ambos,,False,False
88,expression from LLM question,exigência comprovação de quantitativos mínimos características semelhantes,3,33077,1.0,7.0,0.01639344262295082,0.014925373134328358,0.03131881575727918,ambos,,False,False
88,expression from LLM question,exigência comprovação de quantitativos mínimos características semelhantes,4,31524,6.0,4.0,0.015151515151515152,0.015625,0.030776515151515152,ambos,,False,False
88,expression from LLM question,exigência comprovação de quantitativos mínimos características semelhantes,5,21939,8.0,3.0,0.014705882352941176,0.015873015873015872,0.03057889822595705,ambos,3.0,True,True
88,expression from LLM question,exigência comprovação de quantitativos mínimos características semelhantes,6,22149,3.0,9.0,0.015873015873015872,0.014492753623188406,0.03036576949620428,ambos,,False,False
88,expression from LLM question,exigência comprovação de quantitativos mínimos características semelhantes,7,21844,4.0,8.0,0.015625,0.014705882352941176,0.030330882352941176,ambos,,False,False
88,expression from LLM question,exigência comprovação de quantitativos mínimos características semelhantes,8,21843,7.0,5.0,0.014925373134328358,0.015384615384615385,0.030309988518943745,ambos,,False,False
88,expression from LLM question,exigência comprovação de quantitativos mínimos características semelhantes,9,22840,10.0,6.0,0.014285714285714285,0.015151515151515152,0.029437229437229435,ambos,,False,False
88,expression from LLM question,exigência comprovação de quantitativos mínimos características semelhantes,10,33093,9.0,,0.014492753623188406,0.0,0.014492753623188406,rag,,False,False
89,expression from LLM question,extensão sanção de impedimento de licitar e contratar,1,34633,2.0,1.0,0.016129032258064516,0.01639344262295082,0.03252247488101534,ambos,,False,False
89,expression from LLM question,extensão sanção de impedimento de licitar e contratar,2,68667,5.0,2.0,0.015384615384615385,0.016129032258064516,0.0315136476426799,ambos,3.0,True,True
89,expression from LLM question,extensão sanção de impedimento de licitar e contratar,3,16918,4.0,8.0,0.015625,0.014705882352941176,0.030330882352941176,ambos,,False,False
89,expression from LLM question,extensão sanção de impedimento de licitar e contratar,4,34890,9.0,5.0,0.014492753623188406,0.015384615384615385,0.029877369007803793,ambos,2.0,True,True
89,expression from LLM question,extensão sanção de impedimento de licitar e contratar,5,34995,10.0,6.0,0.014285714285714285,0.015151515151515152,0.029437229437229435,ambos,2.0,True,True
89,expression from LLM question,extensão sanção de impedimento de licitar e contratar,6,14890,8.0,9.0,0.014705882352941176,0.014492753623188406,0.02919863597612958,ambos,2.0,True,True
89,expression from LLM question,extensão sanção de impedimento de licitar e contratar,7,21869,1.0,,0.01639344262295082,0.0,0.01639344262295082,rag,,False,False
89,expression from LLM question,extensão sanção de impedimento de licitar e contratar,8,19450,3.0,,0.015873015873015872,0.0,0.015873015873015872,rag,,False,False
89,expression from LLM question,extensão sanção de impedimento de licitar e contratar,9,34773,,3.0,0.0,0.015873015873015872,0.015873015873015872,graphrag,,False,False
89,expression from LLM question,extensão sanção de impedimento de licitar e contratar,10,11624,,4.0,0.0,0.015625,0.015625,graphrag,,False,False
90,expression from LLM question,habilitação técnico-operacional obras e serviços de engenharia,1,135758,2.0,1.0,0.016129032258064516,0.01639344262295082,0.03252247488101534,ambos,3.0,True,True
90,expression from LLM question,habilitação técnico-operacional obras e serviços de engenharia,2,22773,1.0,3.0,0.01639344262295082,0.015873015873015872,0.032266458495966696,ambos,3.0,True,True
90,expression from LLM question,habilitação técnico-operacional obras e serviços de engenharia,3,79794,4.0,2.0,0.015625,0.016129032258064516,0.031754032258064516,ambos,3.0,True,True
90,expression from LLM question,habilitação técnico-operacional obras e serviços de engenharia,4,31531,3.0,4.0,0.015873015873015872,0.015625,0.03149801587301587,ambos,,False,False
90,expression from LLM question,habilitação técnico-operacional obras e serviços de engenharia,5,18219,7.0,5.0,0.014925373134328358,0.015384615384615385,0.030309988518943745,ambos,,False,False
90,expression from LLM question,habilitação técnico-operacional obras e serviços de engenharia,6,21832,10.0,7.0,0.014285714285714285,0.014925373134328358,0.029211087420042643,ambos,,False,False
90,expression from LLM question,habilitação técnico-operacional obras e serviços de engenharia,7,31603,5.0,,0.015384615384615385,0.0,0.015384615384615385,rag,,False,False
90,expression from LLM question,habilitação técnico-operacional obras e serviços de engenharia,8,104234,6.0,,0.015151515151515152,0.0,0.015151515151515152,rag,,False,False
90,expression from LLM question,habilitação técnico-operacional obras e serviços de engenharia,9,21823,,6.0,0.0,0.015151515151515152,0.015151515151515152,graphrag,,False,False
90,expression from LLM question,habilitação técnico-operacional obras e serviços de engenharia,10,49113,8.0,,0.014705882352941176,0.0,0.014705882352941176,rag,,False,False
91,expression from LLM question,controle adesão,1,29414,6.0,1.0,0.015151515151515152,0.01639344262295082,0.031544957774465976,ambos,,False,False
91,expression from LLM question,controle adesão,2,16276,2.0,7.0,0.016129032258064516,0.014925373134328358,0.031054405392392875,ambos,,False,False
91,expression from LLM question,controle adesão,3,28965,5.0,4.0,0.015384615384615385,0.015625,0.031009615384615385,ambos,1.0,True,True
91,expression from LLM question,controle adesão,4,31482,8.0,2.0,0.014705882352941176,0.016129032258064516,0.030834914611005692,ambos,1.0,True,True
91,expression from LLM question,controle adesão,5,29413,7.0,3.0,0.014925373134328358,0.015873015873015872,0.030798389007344232,ambos,1.0,True,True
91,expression from LLM question,controle adesão,6,18340,4.0,9.0,0.015625,0.014492753623188406,0.030117753623188408,ambos,,False,False
91,expression from LLM question,controle adesão,7,118408,10.0,8.0,0.014285714285714285,0.014705882352941176,0.028991596638655463,ambos,,False,False
91,expression from LLM question,controle adesão,8,14280,1.0,,0.01639344262295082,0.0,0.01639344262295082,rag,,False,False
91,expression from LLM question,controle adesão,9,20840,3.0,,0.015873015873015872,0.0,0.015873015873015872,rag,,False,False
91,expression from LLM question,controle adesão,10,28901,,5.0,0.0,0.015384615384615385,0.015384615384615385,graphrag,,False,False
92,expression from LLM question,alvará de funcionamento habilitação jurídica,1,40328,1.0,2.0,0.01639344262295082,0.016129032258064516,0.03252247488101534,ambos,3.0,True,True
92,expression from LLM question,alvará de funcionamento habilitação jurídica,2,45379,2.0,1.0,0.016129032258064516,0.01639344262295082,0.03252247488101534,ambos,3.0,True,True
92,expression from LLM question,alvará de funcionamento habilitação jurídica,3,21869,3.0,5.0,0.015873015873015872,0.015384615384615385,0.03125763125763126,ambos,,False,False
92,expression from LLM question,alvará de funcionamento habilitação jurídica,4,21908,4.0,4.0,0.015625,0.015625,0.03125,ambos,,False,False
92,expression from LLM question,alvará de funcionamento habilitação jurídica,5,32943,6.0,3.0,0.015151515151515152,0.015873015873015872,0.031024531024531024,ambos,,False,False
92,expression from LLM question,alvará de funcionamento habilitação jurídica,6,34217,5.0,9.0,0.015384615384615385,0.014492753623188406,0.029877369007803793,ambos,,False,False
92,expression from LLM question,alvará de funcionamento habilitação jurídica,7,22833,8.0,6.0,0.014705882352941176,0.015151515151515152,0.029857397504456328,ambos,,False,False
92,expression from LLM question,alvará de funcionamento habilitação jurídica,8,31667,7.0,10.0,0.014925373134328358,0.014285714285714285,0.029211087420042643,ambos,,False,False
92,expression from LLM question,alvará de funcionamento habilitação jurídica,9,34310,,7.0,0.0,0.014925373134328358,0.014925373134328358,graphrag,,False,False
92,expression from LLM question,alvará de funcionamento habilitação jurídica,10,25615,,8.0,0.0,0.014705882352941176,0.014705882352941176,graphrag,,False,False
93,expression from LLM question,acumulação de cargo secretário municipal professor,1,20797,1.0,1.0,0.01639344262295082,0.01639344262295082,0.03278688524590164,ambos,3.0,True,True
93,expression from LLM question,acumulação de cargo secretário municipal professor,2,19506,4.0,2.0,0.015625,0.016129032258064516,0.031754032258064516,ambos,2.0,True,True
93,expression from LLM question,acumulação de cargo secretário municipal professor,3,31727,2.0,10.0,0.016129032258064516,0.014285714285714285,0.0304147465437788,ambos,,False,False
93,expression from LLM question,acumulação de cargo secretário municipal professor,4,19553,9.0,3.0,0.014492753623188406,0.015873015873015872,0.03036576949620428,ambos,2.0,True,True
93,expression from LLM question,acumulação de cargo secretário municipal professor,5,19582,5.0,7.0,0.015384615384615385,0.014925373134328358,0.030309988518943745,ambos,,False,False
93,expression from LLM question,acumulação de cargo secretário municipal professor,6,15732,10.0,4.0,0.014285714285714285,0.015625,0.029910714285714284,ambos,,False,False
93,expression from LLM question,acumulação de cargo secretário municipal professor,7,59282,6.0,8.0,0.015151515151515152,0.014705882352941176,0.029857397504456328,ambos,,False,False
93,expression from LLM question,acumulação de cargo secretário municipal professor,8,19581,8.0,6.0,0.014705882352941176,0.015151515151515152,0.029857397504456328,ambos,,False,False
93,expression from LLM question,acumulação de cargo secretário municipal professor,9,19521,3.0,,0.015873015873015872,0.0,0.015873015873015872,rag,,False,False
93,expression from LLM question,acumulação de cargo secretário municipal professor,10,19539,,5.0,0.0,0.015384615384615385,0.015384615384615385,graphrag,2.0,True,True
94,expression from LLM question,prescrição da pretensão punitiva julgamento das contas,1,138140,6.0,1.0,0.015151515151515152,0.01639344262295082,0.031544957774465976,ambos,,False,False
94,expression from LLM question,prescrição da pretensão punitiva julgamento das contas,2,87667,5.0,2.0,0.015384615384615385,0.016129032258064516,0.0315136476426799,ambos,2.0,True,True
94,expression from LLM question,prescrição da pretensão punitiva julgamento das contas,3,40133,1.0,9.0,0.01639344262295082,0.014492753623188406,0.030886196246139225,ambos,,False,False
94,expression from LLM question,prescrição da pretensão punitiva julgamento das contas,4,26483,2.0,8.0,0.016129032258064516,0.014705882352941176,0.030834914611005692,ambos,3.0,True,True
94,expression from LLM question,prescrição da pretensão punitiva julgamento das contas,5,26585,7.0,3.0,0.014925373134328358,0.015873015873015872,0.030798389007344232,ambos,,False,False
94,expression from LLM question,prescrição da pretensão punitiva julgamento das contas,6,49905,4.0,7.0,0.015625,0.014925373134328358,0.03055037313432836,ambos,,False,False
94,expression from LLM question,prescrição da pretensão punitiva julgamento das contas,7,11469,8.0,4.0,0.014705882352941176,0.015625,0.030330882352941176,ambos,,False,False
94,expression from LLM question,prescrição da pretensão punitiva julgamento das contas,8,26482,3.0,,0.015873015873015872,0.0,0.015873015873015872,rag,,False,False
94,expression from LLM question,prescrição da pretensão punitiva julgamento das contas,9,37772,,5.0,0.0,0.015384615384615385,0.015384615384615385,graphrag,,False,False
94,expression from LLM question,prescrição da pretensão punitiva julgamento das contas,10,11471,,6.0,0.0,0.015151515151515152,0.015151515151515152,graphrag,,False,False
95,expression from LLM question,Banco de Preços em Saúde referência medicamentos,1,61975,1.0,3.0,0.01639344262295082,0.015873015873015872,0.032266458495966696,ambos,3.0,True,True
95,expression from LLM question,Banco de Preços em Saúde referência medicamentos,2,20581,3.0,2.0,0.015873015873015872,0.016129032258064516,0.03200204813108039,ambos,3.0,True,True
95,expression from LLM question,Banco de Preços em Saúde referência medicamentos,3,86727,5.0,1.0,0.015384615384615385,0.01639344262295082,0.03177805800756621,ambos,3.0,True,True
95,expression from LLM question,Banco de Preços em Saúde referência medicamentos,4,27209,2.0,4.0,0.016129032258064516,0.015625,0.031754032258064516,ambos,3.0,True,True
95,expression from LLM question,Banco de Preços em Saúde referência medicamentos,5,28030,4.0,5.0,0.015625,0.015384615384615385,0.031009615384615385,ambos,,False,False
95,expression from LLM question,Banco de Preços em Saúde referência medicamentos,6,21291,6.0,9.0,0.015151515151515152,0.014492753623188406,0.02964426877470356,ambos,2.0,True,True
95,expression from LLM question,Banco de Preços em Saúde referência medicamentos,7,47183,10.0,6.0,0.014285714285714285,0.015151515151515152,0.029437229437229435,ambos,2.0,True,True
95,expression from LLM question,Banco de Preços em Saúde referência medicamentos,8,85914,9.0,7.0,0.014492753623188406,0.014925373134328358,0.029418126757516764,ambos,3.0,True,True
95,expression from LLM question,Banco de Preços em Saúde referência medicamentos,9,43507,8.0,8.0,0.014705882352941176,0.014705882352941176,0.029411764705882353,ambos,3.0,True,True
95,expression from LLM question,Banco de Preços em Saúde referência medicamentos,10,147560,7.0,,0.014925373134328358,0.0,0.014925373134328358,rag,,False,False
96,expression from LLM question,alteração contratual serviços já previstos no edital ,1,18057,1.0,3.0,0.01639344262295082,0.015873015873015872,0.032266458495966696,ambos,,False,False
96,expression from LLM question,alteração contratual serviços já previstos no edital ,2,18364,2.0,5.0,0.016129032258064516,0.015384615384615385,0.0315136476426799,ambos,,False,False
96,expression from LLM question,alteração contratual serviços já previstos no edital ,3,18363,4.0,4.0,0.015625,0.015625,0.03125,ambos,,False,False
96,expression from LLM question,alteração contratual serviços já previstos no edital ,4,20512,8.0,1.0,0.014705882352941176,0.01639344262295082,0.031099324975891997,ambos,,False,False
96,expression from LLM question,alteração contratual serviços já previstos no edital ,5,21089,7.0,2.0,0.014925373134328358,0.016129032258064516,0.031054405392392875,ambos,,False,False
96,expression from LLM question,alteração contratual serviços já previstos no edital ,6,83622,3.0,8.0,0.015873015873015872,0.014705882352941176,0.03057889822595705,ambos,,False,False
96,expression from LLM question,alteração contratual serviços já previstos no edital ,7,18365,6.0,6.0,0.015151515151515152,0.015151515151515152,0.030303030303030304,ambos,,False,False
96,expression from LLM question,alteração contratual serviços já previstos no edital ,8,99153,5.0,,0.015384615384615385,0.0,0.015384615384615385,rag,,False,False
96,expression from LLM question,alteração contratual serviços já previstos no edital ,9,17225,,7.0,0.0,0.014925373134328358,0.014925373134328358,graphrag,,False,False
96,expression from LLM question,alteração contratual serviços já previstos no edital ,10,17331,9.0,,0.014492753623188406,0.0,0.014492753623188406,rag,,False,False
97,expression from LLM question,licitação princípio da legalidade estrita afastado,1,34306,2.0,1.0,0.016129032258064516,0.01639344262295082,0.03252247488101534,ambos,,False,False
97,expression from LLM question,licitação princípio da legalidade estrita afastado,2,452,1.0,4.0,0.01639344262295082,0.015625,0.032018442622950824,ambos,3.0,True,True
97,expression from LLM question,licitação princípio da legalidade estrita afastado,3,21908,3.0,3.0,0.015873015873015872,0.015873015873015872,0.031746031746031744,ambos,,False,False
97,expression from LLM question,licitação princípio da legalidade estrita afastado,4,18203,6.0,2.0,0.015151515151515152,0.016129032258064516,0.03128054740957967,ambos,,False,False
97,expression from LLM question,licitação princípio da legalidade estrita afastado,5,21869,4.0,7.0,0.015625,0.014925373134328358,0.03055037313432836,ambos,,False,False
97,expression from LLM question,licitação princípio da legalidade estrita afastado,6,31522,5.0,6.0,0.015384615384615385,0.015151515151515152,0.030536130536130537,ambos,,False,False
97,expression from LLM question,licitação princípio da legalidade estrita afastado,7,33040,10.0,5.0,0.014285714285714285,0.015384615384615385,0.02967032967032967,ambos,,False,False
97,expression from LLM question,licitação princípio da legalidade estrita afastado,8,9718,8.0,8.0,0.014705882352941176,0.014705882352941176,0.029411764705882353,ambos,,False,False
97,expression from LLM question,licitação princípio da legalidade estrita afastado,9,17276,9.0,9.0,0.014492753623188406,0.014492753623188406,0.028985507246376812,ambos,,False,False
97,expression from LLM question,licitação princípio da legalidade estrita afastado,10,31621,7.0,,0.014925373134328358,0.0,0.014925373134328358,rag,,False,False
98,expression from LLM question,renovação de contrato serviços de natureza continuada pesquisa de preços,1,31625,1.0,1.0,0.01639344262295082,0.01639344262295082,0.03278688524590164,ambos,1.0,True,True
98,expression from LLM question,renovação de contrato serviços de natureza continuada pesquisa de preços,2,31031,2.0,3.0,0.016129032258064516,0.015873015873015872,0.03200204813108039,ambos,,False,False
98,expression from LLM question,renovação de contrato serviços de natureza continuada pesquisa de preços,3,34213,3.0,4.0,0.015873015873015872,0.015625,0.03149801587301587,ambos,,False,False
98,expression from LLM question,renovação de contrato serviços de natureza continuada pesquisa de preços,4,18940,7.0,2.0,0.014925373134328358,0.016129032258064516,0.031054405392392875,ambos,,False,False
98,expression from LLM question,renovação de contrato serviços de natureza continuada pesquisa de preços,5,17819,8.0,7.0,0.014705882352941176,0.014925373134328358,0.029631255487269532,ambos,,False,False
98,expression from LLM question,renovação de contrato serviços de natureza continuada pesquisa de preços,6,20532,10.0,6.0,0.014285714285714285,0.015151515151515152,0.029437229437229435,ambos,,False,False
98,expression from LLM question,renovação de contrato serviços de natureza continuada pesquisa de preços,7,19353,9.0,8.0,0.014492753623188406,0.014705882352941176,0.02919863597612958,ambos,,False,False
98,expression from LLM question,renovação de contrato serviços de natureza continuada pesquisa de preços,8,18410,4.0,,0.015625,0.0,0.015625,rag,3.0,True,True
98,expression from LLM question,renovação de contrato serviços de natureza continuada pesquisa de preços,9,43879,5.0,,0.015384615384615385,0.0,0.015384615384615385,rag,,False,False
98,expression from LLM question,renovação de contrato serviços de natureza continuada pesquisa de preços,10,43880,,5.0,0.0,0.015384615384615385,0.015384615384615385,graphrag,3.0,True,True
99,expression from LLM question,contratações de software cartas de exclusividade,1,64928,1.0,3.0,0.01639344262295082,0.015873015873015872,0.032266458495966696,ambos,3.0,True,True
99,expression from LLM question,contratações de software cartas de exclusividade,2,51929,3.0,1.0,0.015873015873015872,0.01639344262295082,0.032266458495966696,ambos,,False,False
99,expression from LLM question,contratações de software cartas de exclusividade,3,40299,2.0,2.0,0.016129032258064516,0.016129032258064516,0.03225806451612903,ambos,,False,False
99,expression from LLM question,contratações de software cartas de exclusividade,4,32920,4.0,5.0,0.015625,0.015384615384615385,0.031009615384615385,ambos,2.0,True,True
99,expression from LLM question,contratações de software cartas de exclusividade,5,17353,7.0,4.0,0.014925373134328358,0.015625,0.03055037313432836,ambos,,False,False
99,expression from LLM question,contratações de software cartas de exclusividade,6,17290,6.0,6.0,0.015151515151515152,0.015151515151515152,0.030303030303030304,ambos,,False,False
99,expression from LLM question,contratações de software cartas de exclusividade,7,129558,8.0,9.0,0.014705882352941176,0.014492753623188406,0.02919863597612958,ambos,,False,False
99,expression from LLM question,contratações de software cartas de exclusividade,8,34143,5.0,,0.015384615384615385,0.0,0.015384615384615385,rag,,False,False
99,expression from LLM question,contratações de software cartas de exclusividade,9,17291,,7.0,0.0,0.014925373134328358,0.014925373134328358,graphrag,,False,False
99,expression from LLM question,contratações de software cartas de exclusividade,10,22492,,8.0,0.0,0.014705882352941176,0.014705882352941176,graphrag,,False,False
100,expression from LLM question,assistência médica a servidores,1,39042,1.0,1.0,0.01639344262295082,0.01639344262295082,0.03278688524590164,ambos,2.0,True,True
100,expression from LLM question,assistência médica a servidores,2,34219,2.0,3.0,0.016129032258064516,0.015873015873015872,0.03200204813108039,ambos,2.0,True,True
100,expression from LLM question,assistência médica a servidores,3,39040,3.0,2.0,0.015873015873015872,0.016129032258064516,0.03200204813108039,ambos,2.0,True,True
100,expression from LLM question,assistência médica a servidores,4,39041,4.0,4.0,0.015625,0.015625,0.03125,ambos,,False,False
100,expression from LLM question,assistência médica a servidores,5,31239,6.0,6.0,0.015151515151515152,0.015151515151515152,0.030303030303030304,ambos,,False,False
100,expression from LLM question,assistência médica a servidores,6,167,5.0,9.0,0.015384615384615385,0.014492753623188406,0.029877369007803793,ambos,,False,False
100,expression from LLM question,assistência médica a servidores,7,94594,9.0,5.0,0.014492753623188406,0.015384615384615385,0.029877369007803793,ambos,,False,False
100,expression from LLM question,assistência médica a servidores,8,20304,8.0,7.0,0.014705882352941176,0.014925373134328358,0.029631255487269532,ambos,,False,False
100,expression from LLM question,assistência médica a servidores,9,31687,7.0,,0.014925373134328358,0.0,0.014925373134328358,rag,,False,False
100,expression from LLM question,assistência médica a servidores,10,71349,,8.0,0.0,0.014705882352941176,0.014705882352941176,graphrag,3.0,True,True
101,LLM,Qual é a modalidade de licitação adequada para a concessão remunerada de uso de bens públicos?,1,16247,1.0,1.0,0.01639344262295082,0.01639344262295082,0.03278688524590164,ambos,,False,False
101,LLM,Qual é a modalidade de licitação adequada para a concessão remunerada de uso de bens públicos?,2,17360,3.0,3.0,0.015873015873015872,0.015873015873015872,0.031746031746031744,ambos,2.0,True,True
101,LLM,Qual é a modalidade de licitação adequada para a concessão remunerada de uso de bens públicos?,3,17285,6.0,2.0,0.015151515151515152,0.016129032258064516,0.03128054740957967,ambos,,False,False
101,LLM,Qual é a modalidade de licitação adequada para a concessão remunerada de uso de bens públicos?,4,2845,4.0,5.0,0.015625,0.015384615384615385,0.031009615384615385,ambos,3.0,True,True
101,LLM,Qual é a modalidade de licitação adequada para a concessão remunerada de uso de bens públicos?,5,40888,2.0,9.0,0.016129032258064516,0.014492753623188406,0.030621785881252923,ambos,,False,False
101,LLM,Qual é a modalidade de licitação adequada para a concessão remunerada de uso de bens públicos?,6,14270,8.0,4.0,0.014705882352941176,0.015625,0.030330882352941176,ambos,,False,False
101,LLM,Qual é a modalidade de licitação adequada para a concessão remunerada de uso de bens públicos?,7,17128,5.0,10.0,0.015384615384615385,0.014285714285714285,0.02967032967032967,ambos,,False,False
101,LLM,Qual é a modalidade de licitação adequada para a concessão remunerada de uso de bens públicos?,8,31277,10.0,6.0,0.014285714285714285,0.015151515151515152,0.029437229437229435,ambos,,False,False
101,LLM,Qual é a modalidade de licitação adequada para a concessão remunerada de uso de bens públicos?,9,16245,9.0,8.0,0.014492753623188406,0.014705882352941176,0.02919863597612958,ambos,,False,False
101,LLM,Qual é a modalidade de licitação adequada para a concessão remunerada de uso de bens públicos?,10,118313,7.0,,0.014925373134328358,0.0,0.014925373134328358,rag,,False,False
102,LLM,A citação é considerada válida após o falecimento do responsável se a defesa já foi apresentada?,1,25257,2.0,3.0,0.016129032258064516,0.015873015873015872,0.03200204813108039,ambos,,False,False
102,LLM,A citação é considerada válida após o falecimento do responsável se a defesa já foi apresentada?,2,139391,1.0,5.0,0.01639344262295082,0.015384615384615385,0.03177805800756621,ambos,3.0,True,True
102,LLM,A citação é considerada válida após o falecimento do responsável se a defesa já foi apresentada?,3,26236,5.0,2.0,0.015384615384615385,0.016129032258064516,0.0315136476426799,ambos,,False,False
102,LLM,A citação é considerada válida após o falecimento do responsável se a defesa já foi apresentada?,4,32813,3.0,4.0,0.015873015873015872,0.015625,0.03149801587301587,ambos,,False,False
102,LLM,A citação é considerada válida após o falecimento do responsável se a defesa já foi apresentada?,5,25480,10.0,1.0,0.014285714285714285,0.01639344262295082,0.030679156908665108,ambos,,False,False
102,LLM,A citação é considerada válida após o falecimento do responsável se a defesa já foi apresentada?,6,25600,7.0,6.0,0.014925373134328358,0.015151515151515152,0.03007688828584351,ambos,,False,False
102,LLM,A citação é considerada válida após o falecimento do responsável se a defesa já foi apresentada?,7,63,4.0,10.0,0.015625,0.014285714285714285,0.029910714285714284,ambos,,False,False
102,LLM,A citação é considerada válida após o falecimento do responsável se a defesa já foi apresentada?,8,40940,8.0,9.0,0.014705882352941176,0.014492753623188406,0.02919863597612958,ambos,,False,False
102,LLM,A citação é considerada válida após o falecimento do responsável se a defesa já foi apresentada?,9,24244,6.0,,0.015151515151515152,0.0,0.015151515151515152,rag,,False,False
102,LLM,A citação é considerada válida após o falecimento do responsável se a defesa já foi apresentada?,10,31302,,7.0,0.0,0.014925373134328358,0.014925373134328358,graphrag,,False,False
103,LLM,A prestação de garantia contratual é permitida juntamente com a exigência de patrimônio líquido mínimo?,1,22789,1.0,3.0,0.01639344262295082,0.015873015873015872,0.032266458495966696,ambos,3.0,True,True
103,LLM,A prestação de garantia contratual é permitida juntamente com a exigência de patrimônio líquido mínimo?,2,26373,3.0,2.0,0.015873015873015872,0.016129032258064516,0.03200204813108039,ambos,3.0,True,True
103,LLM,A prestação de garantia contratual é permitida juntamente com a exigência de patrimônio líquido mínimo?,3,33935,5.0,1.0,0.015384615384615385,0.01639344262295082,0.03177805800756621,ambos,3.0,True,True
103,LLM,A prestação de garantia contratual é permitida juntamente com a exigência de patrimônio líquido mínimo?,4,21843,2.0,6.0,0.016129032258064516,0.015151515151515152,0.03128054740957967,ambos,,False,False
103,LLM,A prestação de garantia contratual é permitida juntamente com a exigência de patrimônio líquido mínimo?,5,48357,4.0,7.0,0.015625,0.014925373134328358,0.03055037313432836,ambos,3.0,True,True
103,LLM,A prestação de garantia contratual é permitida juntamente com a exigência de patrimônio líquido mínimo?,6,22212,6.0,5.0,0.015151515151515152,0.015384615384615385,0.030536130536130537,ambos,3.0,True,True
103,LLM,A prestação de garantia contratual é permitida juntamente com a exigência de patrimônio líquido mínimo?,7,25757,10.0,4.0,0.014285714285714285,0.015625,0.029910714285714284,ambos,3.0,True,True
103,LLM,A prestação de garantia contratual é permitida juntamente com a exigência de patrimônio líquido mínimo?,8,21801,7.0,8.0,0.014925373134328358,0.014705882352941176,0.029631255487269532,ambos,,False,False
103,LLM,A prestação de garantia contratual é permitida juntamente com a exigência de patrimônio líquido mínimo?,9,31524,8.0,9.0,0.014705882352941176,0.014492753623188406,0.02919863597612958,ambos,,False,False
103,LLM,A prestação de garantia contratual é permitida juntamente com a exigência de patrimônio líquido mínimo?,10,22136,9.0,,0.014492753623188406,0.0,0.014492753623188406,rag,,False,False
104,LLM,A exigência de garantia de participação é permitida juntamente com a exigência de patrimônio líquido mínimo?,1,22789,1.0,3.0,0.01639344262295082,0.015873015873015872,0.032266458495966696,ambos,,False,False
104,LLM,A exigência de garantia de participação é permitida juntamente com a exigência de patrimônio líquido mínimo?,2,26373,3.0,1.0,0.015873015873015872,0.01639344262295082,0.032266458495966696,ambos,3.0,True,True
104,LLM,A exigência de garantia de participação é permitida juntamente com a exigência de patrimônio líquido mínimo?,3,21843,2.0,4.0,0.016129032258064516,0.015625,0.031754032258064516,ambos,,False,False
104,LLM,A exigência de garantia de participação é permitida juntamente com a exigência de patrimônio líquido mínimo?,4,22212,4.0,5.0,0.015625,0.015384615384615385,0.031009615384615385,ambos,3.0,True,True
104,LLM,A exigência de garantia de participação é permitida juntamente com a exigência de patrimônio líquido mínimo?,5,33935,9.0,2.0,0.014492753623188406,0.016129032258064516,0.030621785881252923,ambos,,False,False
104,LLM,A exigência de garantia de participação é permitida juntamente com a exigência de patrimônio líquido mínimo?,6,31524,6.0,7.0,0.015151515151515152,0.014925373134328358,0.03007688828584351,ambos,,False,False
104,LLM,A exigência de garantia de participação é permitida juntamente com a exigência de patrimônio líquido mínimo?,7,21897,5.0,9.0,0.015384615384615385,0.014492753623188406,0.029877369007803793,ambos,,False,False
104,LLM,A exigência de garantia de participação é permitida juntamente com a exigência de patrimônio líquido mínimo?,8,22840,8.0,6.0,0.014705882352941176,0.015151515151515152,0.029857397504456328,ambos,,False,False
104,LLM,A exigência de garantia de participação é permitida juntamente com a exigência de patrimônio líquido mínimo?,9,21801,10.0,8.0,0.014285714285714285,0.014705882352941176,0.028991596638655463,ambos,,False,False
104,LLM,A exigência de garantia de participação é permitida juntamente com a exigência de patrimônio líquido mínimo?,10,31675,7.0,,0.014925373134328358,0.0,0.014925373134328358,rag,,False,False
105,LLM,Quais são as consequências para os responsáveis que realizam despesas sem cobertura contratual?,1,18924,1.0,1.0,0.01639344262295082,0.01639344262295082,0.03278688524590164,ambos,,False,False
105,LLM,Quais são as consequências para os responsáveis que realizam despesas sem cobertura contratual?,2,146241,2.0,3.0,0.016129032258064516,0.015873015873015872,0.03200204813108039,ambos,,False,False
105,LLM,Quais são as consequências para os responsáveis que realizam despesas sem cobertura contratual?,3,62634,4.0,2.0,0.015625,0.016129032258064516,0.031754032258064516,ambos,,False,False
105,LLM,Quais são as consequências para os responsáveis que realizam despesas sem cobertura contratual?,4,27213,3.0,4.0,0.015873015873015872,0.015625,0.03149801587301587,ambos,,False,False
105,LLM,Quais são as consequências para os responsáveis que realizam despesas sem cobertura contratual?,5,35189,5.0,8.0,0.015384615384615385,0.014705882352941176,0.030090497737556562,ambos,1.0,True,True
105,LLM,Quais são as consequências para os responsáveis que realizam despesas sem cobertura contratual?,6,73790,6.0,7.0,0.015151515151515152,0.014925373134328358,0.03007688828584351,ambos,,False,False
105,LLM,Quais são as consequências para os responsáveis que realizam despesas sem cobertura contratual?,7,35081,7.0,6.0,0.014925373134328358,0.015151515151515152,0.03007688828584351,ambos,,False,False
105,LLM,Quais são as consequências para os responsáveis que realizam despesas sem cobertura contratual?,8,34734,9.0,5.0,0.014492753623188406,0.015384615384615385,0.029877369007803793,ambos,,False,False
105,LLM,Quais são as consequências para os responsáveis que realizam despesas sem cobertura contratual?,9,51880,10.0,9.0,0.014285714285714285,0.014492753623188406,0.02877846790890269,ambos,,False,False
105,LLM,Quais são as consequências para os responsáveis que realizam despesas sem cobertura contratual?,10,18384,8.0,,0.014705882352941176,0.0,0.014705882352941176,rag,,False,False
106,LLM,O pregão é adequado para concessões de uso de áreas comerciais em aeroportos?,1,18865,1.0,1.0,0.01639344262295082,0.01639344262295082,0.03278688524590164,ambos,3.0,True,True
106,LLM,O pregão é adequado para concessões de uso de áreas comerciais em aeroportos?,2,17360,2.0,2.0,0.016129032258064516,0.016129032258064516,0.03225806451612903,ambos,2.0,True,True
106,LLM,O pregão é adequado para concessões de uso de áreas comerciais em aeroportos?,3,2845,3.0,4.0,0.015873015873015872,0.015625,0.03149801587301587,ambos,2.0,True,True
106,LLM,O pregão é adequado para concessões de uso de áreas comerciais em aeroportos?,4,14273,4.0,3.0,0.015625,0.015873015873015872,0.03149801587301587,ambos,,False,False
106,LLM,O pregão é adequado para concessões de uso de áreas comerciais em aeroportos?,5,31249,5.0,5.0,0.015384615384615385,0.015384615384615385,0.03076923076923077,ambos,2.0,True,True
106,LLM,O pregão é adequado para concessões de uso de áreas comerciais em aeroportos?,6,18243,7.0,7.0,0.014925373134328358,0.014925373134328358,0.029850746268656716,ambos,,False,False
106,LLM,O pregão é adequado para concessões de uso de áreas comerciais em aeroportos?,7,18248,9.0,6.0,0.014492753623188406,0.015151515151515152,0.02964426877470356,ambos,,False,False
106,LLM,O pregão é adequado para concessões de uso de áreas comerciais em aeroportos?,8,18864,8.0,9.0,0.014705882352941176,0.014492753623188406,0.02919863597612958,ambos,,False,False
106,LLM,O pregão é adequado para concessões de uso de áreas comerciais em aeroportos?,9,17357,6.0,,0.015151515151515152,0.0,0.015151515151515152,rag,,False,False
106,LLM,O pregão é adequado para concessões de uso de áreas comerciais em aeroportos?,10,14114,,8.0,0.0,0.014705882352941176,0.014705882352941176,graphrag,1.0,True,True
107,LLM,Quais normas devem ser observadas na cessão das áreas comerciais de centrais públicas de abastecimento de gêneros alimentícios?,1,5714,1.0,1.0,0.01639344262295082,0.01639344262295082,0.03278688524590164,ambos,3.0,True,True
107,LLM,Quais normas devem ser observadas na cessão das áreas comerciais de centrais públicas de abastecimento de gêneros alimentícios?,2,17331,2.0,5.0,0.016129032258064516,0.015384615384615385,0.0315136476426799,ambos,,False,False
107,LLM,Quais normas devem ser observadas na cessão das áreas comerciais de centrais públicas de abastecimento de gêneros alimentícios?,3,31251,5.0,2.0,0.015384615384615385,0.016129032258064516,0.0315136476426799,ambos,,False,False
107,LLM,Quais normas devem ser observadas na cessão das áreas comerciais de centrais públicas de abastecimento de gêneros alimentícios?,4,14862,4.0,4.0,0.015625,0.015625,0.03125,ambos,,False,False
107,LLM,Quais normas devem ser observadas na cessão das áreas comerciais de centrais públicas de abastecimento de gêneros alimentícios?,5,18100,9.0,3.0,0.014492753623188406,0.015873015873015872,0.03036576949620428,ambos,,False,False
107,LLM,Quais normas devem ser observadas na cessão das áreas comerciais de centrais públicas de abastecimento de gêneros alimentícios?,6,18124,6.0,7.0,0.015151515151515152,0.014925373134328358,0.03007688828584351,ambos,1.0,True,True
107,LLM,Quais normas devem ser observadas na cessão das áreas comerciais de centrais públicas de abastecimento de gêneros alimentícios?,7,18037,7.0,9.0,0.014925373134328358,0.014492753623188406,0.029418126757516764,ambos,,False,False
107,LLM,Quais normas devem ser observadas na cessão das áreas comerciais de centrais públicas de abastecimento de gêneros alimentícios?,8,21862,3.0,,0.015873015873015872,0.0,0.015873015873015872,rag,,False,False
107,LLM,Quais normas devem ser observadas na cessão das áreas comerciais de centrais públicas de abastecimento de gêneros alimentícios?,9,31281,,6.0,0.0,0.015151515151515152,0.015151515151515152,graphrag,,False,False
107,LLM,Quais normas devem ser observadas na cessão das áreas comerciais de centrais públicas de abastecimento de gêneros alimentícios?,10,20301,8.0,,0.014705882352941176,0.0,0.014705882352941176,rag,,False,False
108,LLM,É necessário exigir ao licitante comprovar que já forneceu bens pertinentes e compatíveis com o objeto da licitação?,1,31671,1.0,1.0,0.01639344262295082,0.01639344262295082,0.03278688524590164,ambos,,False,False
108,LLM,É necessário exigir ao licitante comprovar que já forneceu bens pertinentes e compatíveis com o objeto da licitação?,2,22113,2.0,2.0,0.016129032258064516,0.016129032258064516,0.03225806451612903,ambos,,False,False
108,LLM,É necessário exigir ao licitante comprovar que já forneceu bens pertinentes e compatíveis com o objeto da licitação?,3,22856,4.0,4.0,0.015625,0.015625,0.03125,ambos,,False,False
108,LLM,É necessário exigir ao licitante comprovar que já forneceu bens pertinentes e compatíveis com o objeto da licitação?,4,31664,5.0,5.0,0.015384615384615385,0.015384615384615385,0.03076923076923077,ambos,,False,False
108,LLM,É necessário exigir ao licitante comprovar que já forneceu bens pertinentes e compatíveis com o objeto da licitação?,5,22833,8.0,3.0,0.014705882352941176,0.015873015873015872,0.03057889822595705,ambos,,False,False
108,LLM,É necessário exigir ao licitante comprovar que já forneceu bens pertinentes e compatíveis com o objeto da licitação?,6,26373,6.0,6.0,0.015151515151515152,0.015151515151515152,0.030303030303030304,ambos,,False,False
108,LLM,É necessário exigir ao licitante comprovar que já forneceu bens pertinentes e compatíveis com o objeto da licitação?,7,33071,3.0,10.0,0.015873015873015872,0.014285714285714285,0.030158730158730156,ambos,,False,False
108,LLM,É necessário exigir ao licitante comprovar que já forneceu bens pertinentes e compatíveis com o objeto da licitação?,8,22144,7.0,,0.014925373134328358,0.0,0.014925373134328358,rag,,False,False
108,LLM,É necessário exigir ao licitante comprovar que já forneceu bens pertinentes e compatíveis com o objeto da licitação?,9,107375,,7.0,0.0,0.014925373134328358,0.014925373134328358,graphrag,,False,False
108,LLM,É necessário exigir ao licitante comprovar que já forneceu bens pertinentes e compatíveis com o objeto da licitação?,10,25757,,8.0,0.0,0.014705882352941176,0.014705882352941176,graphrag,,False,False
109,LLM,"É permitido a extrapolar os limites estabelecidos no art. 65, §§ 1º e 2º, da Lei 8.666/1993 para alterações consensuais qualitativas de contratos de obras e serviços?",1,18359,1.0,1.0,0.01639344262295082,0.01639344262295082,0.03278688524590164,ambos,,False,False
109,LLM,"É permitido a extrapolar os limites estabelecidos no art. 65, §§ 1º e 2º, da Lei 8.666/1993 para alterações consensuais qualitativas de contratos de obras e serviços?",2,17090,2.0,3.0,0.016129032258064516,0.015873015873015872,0.03200204813108039,ambos,3.0,True,True
109,LLM,"É permitido a extrapolar os limites estabelecidos no art. 65, §§ 1º e 2º, da Lei 8.666/1993 para alterações consensuais qualitativas de contratos de obras e serviços?",3,18018,6.0,2.0,0.015151515151515152,0.016129032258064516,0.03128054740957967,ambos,,False,False
109,LLM,"É permitido a extrapolar os limites estabelecidos no art. 65, §§ 1º e 2º, da Lei 8.666/1993 para alterações consensuais qualitativas de contratos de obras e serviços?",4,18936,7.0,4.0,0.014925373134328358,0.015625,0.03055037313432836,ambos,,False,False
109,LLM,"É permitido a extrapolar os limites estabelecidos no art. 65, §§ 1º e 2º, da Lei 8.666/1993 para alterações consensuais qualitativas de contratos de obras e serviços?",5,20539,5.0,8.0,0.015384615384615385,0.014705882352941176,0.030090497737556562,ambos,,False,False
109,LLM,"É permitido a extrapolar os limites estabelecidos no art. 65, §§ 1º e 2º, da Lei 8.666/1993 para alterações consensuais qualitativas de contratos de obras e serviços?",6,17206,9.0,5.0,0.014492753623188406,0.015384615384615385,0.029877369007803793,ambos,,False,False
109,LLM,"É permitido a extrapolar os limites estabelecidos no art. 65, §§ 1º e 2º, da Lei 8.666/1993 para alterações consensuais qualitativas de contratos de obras e serviços?",7,83623,8.0,10.0,0.014705882352941176,0.014285714285714285,0.028991596638655463,ambos,,False,False
109,LLM,"É permitido a extrapolar os limites estabelecidos no art. 65, §§ 1º e 2º, da Lei 8.666/1993 para alterações consensuais qualitativas de contratos de obras e serviços?",8,49803,3.0,,0.015873015873015872,0.0,0.015873015873015872,rag,,False,False
109,LLM,"É permitido a extrapolar os limites estabelecidos no art. 65, §§ 1º e 2º, da Lei 8.666/1993 para alterações consensuais qualitativas de contratos de obras e serviços?",9,11595,4.0,,0.015625,0.0,0.015625,rag,,False,False
109,LLM,"É permitido a extrapolar os limites estabelecidos no art. 65, §§ 1º e 2º, da Lei 8.666/1993 para alterações consensuais qualitativas de contratos de obras e serviços?",10,109711,,6.0,0.0,0.015151515151515152,0.015151515151515152,graphrag,,False,False
110,LLM,Qual a responsabilidade do gestor sucessor quando o gestor antecessor omitiu o dever de prestar contas?,1,111444,4.0,1.0,0.015625,0.01639344262295082,0.032018442622950824,ambos,3.0,True,True
110,LLM,Qual a responsabilidade do gestor sucessor quando o gestor antecessor omitiu o dever de prestar contas?,2,120403,3.0,2.0,0.015873015873015872,0.016129032258064516,0.03200204813108039,ambos,,False,False
110,LLM,Qual a responsabilidade do gestor sucessor quando o gestor antecessor omitiu o dever de prestar contas?,3,84720,2.0,4.0,0.016129032258064516,0.015625,0.031754032258064516,ambos,,False,False
110,LLM,Qual a responsabilidade do gestor sucessor quando o gestor antecessor omitiu o dever de prestar contas?,4,34673,1.0,6.0,0.01639344262295082,0.015151515151515152,0.031544957774465976,ambos,,False,False
110,LLM,Qual a responsabilidade do gestor sucessor quando o gestor antecessor omitiu o dever de prestar contas?,5,137127,8.0,3.0,0.014705882352941176,0.015873015873015872,0.03057889822595705,ambos,3.0,True,True
110,LLM,Qual a responsabilidade do gestor sucessor quando o gestor antecessor omitiu o dever de prestar contas?,6,35428,6.0,5.0,0.015151515151515152,0.015384615384615385,0.030536130536130537,ambos,3.0,True,True
110,LLM,Qual a responsabilidade do gestor sucessor quando o gestor antecessor omitiu o dever de prestar contas?,7,145500,9.0,7.0,0.014492753623188406,0.014925373134328358,0.029418126757516764,ambos,3.0,True,True
110,LLM,Qual a responsabilidade do gestor sucessor quando o gestor antecessor omitiu o dever de prestar contas?,8,712,5.0,,0.015384615384615385,0.0,0.015384615384615385,rag,,False,False
110,LLM,Qual a responsabilidade do gestor sucessor quando o gestor antecessor omitiu o dever de prestar contas?,9,35037,7.0,,0.014925373134328358,0.0,0.014925373134328358,rag,,False,False
110,LLM,Qual a responsabilidade do gestor sucessor quando o gestor antecessor omitiu o dever de prestar contas?,10,35435,,8.0,0.0,0.014705882352941176,0.014705882352941176,graphrag,3.0,True,True
111,LLM,Qual é a modalidade de licitação utilizada para contratar serviços técnicos necessários à estruturação de projeto de parceria público-privada relativo a infraestrutura de rede de iluminação pública?,1,18828,3.0,1.0,0.015873015873015872,0.01639344262295082,0.032266458495966696,ambos,,False,False
111,LLM,Qual é a modalidade de licitação utilizada para contratar serviços técnicos necessários à estruturação de projeto de parceria público-privada relativo a infraestrutura de rede de iluminação pública?,2,44162,1.0,4.0,0.01639344262295082,0.015625,0.032018442622950824,ambos,3.0,True,True
111,LLM,Qual é a modalidade de licitação utilizada para contratar serviços técnicos necessários à estruturação de projeto de parceria público-privada relativo a infraestrutura de rede de iluminação pública?,3,142364,6.0,2.0,0.015151515151515152,0.016129032258064516,0.03128054740957967,ambos,,False,False
111,LLM,Qual é a modalidade de licitação utilizada para contratar serviços técnicos necessários à estruturação de projeto de parceria público-privada relativo a infraestrutura de rede de iluminação pública?,4,54765,4.0,6.0,0.015625,0.015151515151515152,0.030776515151515152,ambos,1.0,True,True
111,LLM,Qual é a modalidade de licitação utilizada para contratar serviços técnicos necessários à estruturação de projeto de parceria público-privada relativo a infraestrutura de rede de iluminação pública?,5,85589,5.0,5.0,0.015384615384615385,0.015384615384615385,0.03076923076923077,ambos,,False,False
111,LLM,Qual é a modalidade de licitação utilizada para contratar serviços técnicos necessários à estruturação de projeto de parceria público-privada relativo a infraestrutura de rede de iluminação pública?,6,44311,2.0,9.0,0.016129032258064516,0.014492753623188406,0.030621785881252923,ambos,,False,False
111,LLM,Qual é a modalidade de licitação utilizada para contratar serviços técnicos necessários à estruturação de projeto de parceria público-privada relativo a infraestrutura de rede de iluminação pública?,7,44087,9.0,3.0,0.014492753623188406,0.015873015873015872,0.03036576949620428,ambos,,False,False
111,LLM,Qual é a modalidade de licitação utilizada para contratar serviços técnicos necessários à estruturação de projeto de parceria público-privada relativo a infraestrutura de rede de iluminação pública?,8,118313,7.0,7.0,0.014925373134328358,0.014925373134328358,0.029850746268656716,ambos,,False,False
111,LLM,Qual é a modalidade de licitação utilizada para contratar serviços técnicos necessários à estruturação de projeto de parceria público-privada relativo a infraestrutura de rede de iluminação pública?,9,44084,8.0,10.0,0.014705882352941176,0.014285714285714285,0.028991596638655463,ambos,,False,False
111,LLM,Qual é a modalidade de licitação utilizada para contratar serviços técnicos necessários à estruturação de projeto de parceria público-privada relativo a infraestrutura de rede de iluminação pública?,10,18245,,8.0,0.0,0.014705882352941176,0.014705882352941176,graphrag,,False,False
112,LLM,O que acontece se não houver compatibilidade entre o objeto do certame e as atividades previstas no contrato social da empresa licitante?,1,34138,2.0,2.0,0.016129032258064516,0.016129032258064516,0.03225806451612903,ambos,,False,False
112,LLM,O que acontece se não houver compatibilidade entre o objeto do certame e as atividades previstas no contrato social da empresa licitante?,2,34137,4.0,1.0,0.015625,0.01639344262295082,0.032018442622950824,ambos,,False,False
112,LLM,O que acontece se não houver compatibilidade entre o objeto do certame e as atividades previstas no contrato social da empresa licitante?,3,34127,6.0,3.0,0.015151515151515152,0.015873015873015872,0.031024531024531024,ambos,,False,False
112,LLM,O que acontece se não houver compatibilidade entre o objeto do certame e as atividades previstas no contrato social da empresa licitante?,4,42635,5.0,4.0,0.015384615384615385,0.015625,0.031009615384615385,ambos,1.0,True,True
112,LLM,O que acontece se não houver compatibilidade entre o objeto do certame e as atividades previstas no contrato social da empresa licitante?,5,13694,3.0,7.0,0.015873015873015872,0.014925373134328358,0.030798389007344232,ambos,3.0,True,True
112,LLM,O que acontece se não houver compatibilidade entre o objeto do certame e as atividades previstas no contrato social da empresa licitante?,6,7892,1.0,10.0,0.01639344262295082,0.014285714285714285,0.030679156908665108,ambos,,False,False
112,LLM,O que acontece se não houver compatibilidade entre o objeto do certame e as atividades previstas no contrato social da empresa licitante?,7,125359,8.0,5.0,0.014705882352941176,0.015384615384615385,0.030090497737556562,ambos,2.0,True,True
112,LLM,O que acontece se não houver compatibilidade entre o objeto do certame e as atividades previstas no contrato social da empresa licitante?,8,42817,10.0,6.0,0.014285714285714285,0.015151515151515152,0.029437229437229435,ambos,1.0,True,True
112,LLM,O que acontece se não houver compatibilidade entre o objeto do certame e as atividades previstas no contrato social da empresa licitante?,9,81998,7.0,,0.014925373134328358,0.0,0.014925373134328358,rag,,False,False
112,LLM,O que acontece se não houver compatibilidade entre o objeto do certame e as atividades previstas no contrato social da empresa licitante?,10,20903,,8.0,0.0,0.014705882352941176,0.014705882352941176,graphrag,,False,False
113,LLM,Quem é responsável pela gestão dos recursos do Fundo Municipal de Saúde?,1,80730,1.0,2.0,0.01639344262295082,0.016129032258064516,0.03252247488101534,ambos,,False,False
113,LLM,Quem é responsável pela gestão dos recursos do Fundo Municipal de Saúde?,2,75014,2.0,1.0,0.016129032258064516,0.01639344262295082,0.03252247488101534,ambos,2.0,True,True
113,LLM,Quem é responsável pela gestão dos recursos do Fundo Municipal de Saúde?,3,4856,3.0,5.0,0.015873015873015872,0.015384615384615385,0.03125763125763126,ambos,2.0,True,True
113,LLM,Quem é responsável pela gestão dos recursos do Fundo Municipal de Saúde?,4,17184,4.0,4.0,0.015625,0.015625,0.03125,ambos,3.0,True,True
113,LLM,Quem é responsável pela gestão dos recursos do Fundo Municipal de Saúde?,5,34746,9.0,3.0,0.014492753623188406,0.015873015873015872,0.03036576949620428,ambos,2.0,True,True
113,LLM,Quem é responsável pela gestão dos recursos do Fundo Municipal de Saúde?,6,19452,6.0,9.0,0.015151515151515152,0.014492753623188406,0.02964426877470356,ambos,,False,False
113,LLM,Quem é responsável pela gestão dos recursos do Fundo Municipal de Saúde?,7,13583,8.0,7.0,0.014705882352941176,0.014925373134328358,0.029631255487269532,ambos,3.0,True,True
113,LLM,Quem é responsável pela gestão dos recursos do Fundo Municipal de Saúde?,8,32583,7.0,10.0,0.014925373134328358,0.014285714285714285,0.029211087420042643,ambos,,False,False
113,LLM,Quem é responsável pela gestão dos recursos do Fundo Municipal de Saúde?,9,25605,5.0,,0.015384615384615385,0.0,0.015384615384615385,rag,,False,False
113,LLM,Quem é responsável pela gestão dos recursos do Fundo Municipal de Saúde?,10,66911,,6.0,0.0,0.015151515151515152,0.015151515151515152,graphrag,,False,False
114,LLM,É obrigatória pesquisa de mercado na elaboração do orçamento-base da licitação?,1,31629,1.0,2.0,0.01639344262295082,0.016129032258064516,0.03252247488101534,ambos,3.0,True,True
114,LLM,É obrigatória pesquisa de mercado na elaboração do orçamento-base da licitação?,2,22166,3.0,4.0,0.015873015873015872,0.015625,0.03149801587301587,ambos,,False,False
114,LLM,É obrigatória pesquisa de mercado na elaboração do orçamento-base da licitação?,3,21135,5.0,3.0,0.015384615384615385,0.015873015873015872,0.03125763125763126,ambos,3.0,True,True
114,LLM,É obrigatória pesquisa de mercado na elaboração do orçamento-base da licitação?,4,22170,8.0,1.0,0.014705882352941176,0.01639344262295082,0.031099324975891997,ambos,2.0,True,True
114,LLM,É obrigatória pesquisa de mercado na elaboração do orçamento-base da licitação?,5,21864,4.0,6.0,0.015625,0.015151515151515152,0.030776515151515152,ambos,3.0,True,True
114,LLM,É obrigatória pesquisa de mercado na elaboração do orçamento-base da licitação?,6,22168,6.0,5.0,0.015151515151515152,0.015384615384615385,0.030536130536130537,ambos,,False,False
114,LLM,É obrigatória pesquisa de mercado na elaboração do orçamento-base da licitação?,7,33046,2.0,10.0,0.016129032258064516,0.014285714285714285,0.0304147465437788,ambos,,False,False
114,LLM,É obrigatória pesquisa de mercado na elaboração do orçamento-base da licitação?,8,142364,7.0,,0.014925373134328358,0.0,0.014925373134328358,rag,,False,False
114,LLM,É obrigatória pesquisa de mercado na elaboração do orçamento-base da licitação?,9,21827,,7.0,0.0,0.014925373134328358,0.014925373134328358,graphrag,,False,False
114,LLM,É obrigatória pesquisa de mercado na elaboração do orçamento-base da licitação?,10,21790,,8.0,0.0,0.014705882352941176,0.014705882352941176,graphrag,,False,False
115,LLM,A pesquisa de preços correntes no mercado é obrigatória em licitações?,1,21864,1.0,2.0,0.01639344262295082,0.016129032258064516,0.03252247488101534,ambos,3.0,True,True
115,LLM,A pesquisa de preços correntes no mercado é obrigatória em licitações?,2,22166,2.0,4.0,0.016129032258064516,0.015625,0.031754032258064516,ambos,,False,False
115,LLM,A pesquisa de preços correntes no mercado é obrigatória em licitações?,3,21135,6.0,1.0,0.015151515151515152,0.01639344262295082,0.031544957774465976,ambos,3.0,True,True
115,LLM,A pesquisa de preços correntes no mercado é obrigatória em licitações?,4,22168,8.0,3.0,0.014705882352941176,0.015873015873015872,0.03057889822595705,ambos,,False,False
115,LLM,A pesquisa de preços correntes no mercado é obrigatória em licitações?,5,117370,5.0,7.0,0.015384615384615385,0.014925373134328358,0.030309988518943745,ambos,,False,False
115,LLM,A pesquisa de preços correntes no mercado é obrigatória em licitações?,6,31629,9.0,5.0,0.014492753623188406,0.015384615384615385,0.029877369007803793,ambos,3.0,True,True
115,LLM,A pesquisa de preços correntes no mercado é obrigatória em licitações?,7,18894,7.0,8.0,0.014925373134328358,0.014705882352941176,0.029631255487269532,ambos,,False,False
115,LLM,A pesquisa de preços correntes no mercado é obrigatória em licitações?,8,33046,3.0,,0.015873015873015872,0.0,0.015873015873015872,rag,,False,False
115,LLM,A pesquisa de preços correntes no mercado é obrigatória em licitações?,9,151614,4.0,,0.015625,0.0,0.015625,rag,,False,False
115,LLM,A pesquisa de preços correntes no mercado é obrigatória em licitações?,10,22170,,6.0,0.0,0.015151515151515152,0.015151515151515152,graphrag,,False,False
116,LLM,O que fazer para verificar a vantajosidade da adesão à ata?,1,20840,3.0,1.0,0.015873015873015872,0.01639344262295082,0.032266458495966696,ambos,,False,False
116,LLM,O que fazer para verificar a vantajosidade da adesão à ata?,2,20500,1.0,6.0,0.01639344262295082,0.015151515151515152,0.031544957774465976,ambos,3.0,True,True
116,LLM,O que fazer para verificar a vantajosidade da adesão à ata?,3,62306,6.0,2.0,0.015151515151515152,0.016129032258064516,0.03128054740957967,ambos,3.0,True,True
116,LLM,O que fazer para verificar a vantajosidade da adesão à ata?,4,21203,2.0,7.0,0.016129032258064516,0.014925373134328358,0.031054405392392875,ambos,,False,False
116,LLM,O que fazer para verificar a vantajosidade da adesão à ata?,5,14526,5.0,5.0,0.015384615384615385,0.015384615384615385,0.03076923076923077,ambos,3.0,True,True
116,LLM,O que fazer para verificar a vantajosidade da adesão à ata?,6,50537,9.0,3.0,0.014492753623188406,0.015873015873015872,0.03036576949620428,ambos,3.0,True,True
116,LLM,O que fazer para verificar a vantajosidade da adesão à ata?,7,16981,8.0,4.0,0.014705882352941176,0.015625,0.030330882352941176,ambos,,False,False
116,LLM,O que fazer para verificar a vantajosidade da adesão à ata?,8,74335,4.0,10.0,0.015625,0.014285714285714285,0.029910714285714284,ambos,,False,False
116,LLM,O que fazer para verificar a vantajosidade da adesão à ata?,9,35016,7.0,,0.014925373134328358,0.0,0.014925373134328358,rag,,False,False
116,LLM,O que fazer para verificar a vantajosidade da adesão à ata?,10,20561,,8.0,0.0,0.014705882352941176,0.014705882352941176,graphrag,3.0,True,True
117,LLM,É permitida a compensação entre acréscimos e supressões nos contratos administrativos?,1,104455,2.0,1.0,0.016129032258064516,0.01639344262295082,0.03252247488101534,ambos,,False,False
117,LLM,É permitida a compensação entre acréscimos e supressões nos contratos administrativos?,2,10089,4.0,2.0,0.015625,0.016129032258064516,0.031754032258064516,ambos,3.0,True,True
117,LLM,É permitida a compensação entre acréscimos e supressões nos contratos administrativos?,3,17089,5.0,3.0,0.015384615384615385,0.015873015873015872,0.03125763125763126,ambos,2.0,True,True
117,LLM,É permitida a compensação entre acréscimos e supressões nos contratos administrativos?,4,49135,7.0,4.0,0.014925373134328358,0.015625,0.03055037313432836,ambos,3.0,True,True
117,LLM,É permitida a compensação entre acréscimos e supressões nos contratos administrativos?,5,17090,6.0,5.0,0.015151515151515152,0.015384615384615385,0.030536130536130537,ambos,,False,False
117,LLM,É permitida a compensação entre acréscimos e supressões nos contratos administrativos?,6,18359,9.0,6.0,0.014492753623188406,0.015151515151515152,0.02964426877470356,ambos,,False,False
117,LLM,É permitida a compensação entre acréscimos e supressões nos contratos administrativos?,7,18936,10.0,7.0,0.014285714285714285,0.014925373134328358,0.029211087420042643,ambos,,False,False
117,LLM,É permitida a compensação entre acréscimos e supressões nos contratos administrativos?,8,32639,1.0,,0.01639344262295082,0.0,0.01639344262295082,rag,,False,False
117,LLM,É permitida a compensação entre acréscimos e supressões nos contratos administrativos?,9,11604,3.0,,0.015873015873015872,0.0,0.015873015873015872,rag,,False,False
117,LLM,É permitida a compensação entre acréscimos e supressões nos contratos administrativos?,10,20539,8.0,,0.014705882352941176,0.0,0.014705882352941176,rag,,False,False
118,LLM,Quais são as condições para que o restabelecimento total ou parcial de quantitativo de item anteriormente suprimido por aditivo contratual não configure compensação vedada pela jurisprudência do TCU?,1,104455,1.0,1.0,0.01639344262295082,0.01639344262295082,0.03278688524590164,ambos,3.0,True,True
118,LLM,Quais são as condições para que o restabelecimento total ou parcial de quantitativo de item anteriormente suprimido por aditivo contratual não configure compensação vedada pela jurisprudência do TCU?,2,17206,2.0,2.0,0.016129032258064516,0.016129032258064516,0.03225806451612903,ambos,2.0,True,True
118,LLM,Quais são as condições para que o restabelecimento total ou parcial de quantitativo de item anteriormente suprimido por aditivo contratual não configure compensação vedada pela jurisprudência do TCU?,3,17209,5.0,3.0,0.015384615384615385,0.015873015873015872,0.03125763125763126,ambos,,False,False
118,LLM,Quais são as condições para que o restabelecimento total ou parcial de quantitativo de item anteriormente suprimido por aditivo contratual não configure compensação vedada pela jurisprudência do TCU?,4,18359,3.0,7.0,0.015873015873015872,0.014925373134328358,0.030798389007344232,ambos,,False,False
118,LLM,Quais são as condições para que o restabelecimento total ou parcial de quantitativo de item anteriormente suprimido por aditivo contratual não configure compensação vedada pela jurisprudência do TCU?,5,17207,4.0,6.0,0.015625,0.015151515151515152,0.030776515151515152,ambos,,False,False
118,LLM,Quais são as condições para que o restabelecimento total ou parcial de quantitativo de item anteriormente suprimido por aditivo contratual não configure compensação vedada pela jurisprudência do TCU?,6,15532,6.0,5.0,0.015151515151515152,0.015384615384615385,0.030536130536130537,ambos,1.0,True,True
118,LLM,Quais são as condições para que o restabelecimento total ou parcial de quantitativo de item anteriormente suprimido por aditivo contratual não configure compensação vedada pela jurisprudência do TCU?,7,122672,7.0,9.0,0.014925373134328358,0.014492753623188406,0.029418126757516764,ambos,,False,False
118,LLM,Quais são as condições para que o restabelecimento total ou parcial de quantitativo de item anteriormente suprimido por aditivo contratual não configure compensação vedada pela jurisprudência do TCU?,8,10089,,4.0,0.0,0.015625,0.015625,graphrag,2.0,True,True
118,LLM,Quais são as condições para que o restabelecimento total ou parcial de quantitativo de item anteriormente suprimido por aditivo contratual não configure compensação vedada pela jurisprudência do TCU?,9,137713,8.0,,0.014705882352941176,0.0,0.014705882352941176,rag,,False,False
118,LLM,Quais são as condições para que o restabelecimento total ou parcial de quantitativo de item anteriormente suprimido por aditivo contratual não configure compensação vedada pela jurisprudência do TCU?,10,18019,,8.0,0.0,0.014705882352941176,0.014705882352941176,graphrag,2.0,True,True
119,LLM,A Administração pode indicar preferência por marcas em licitações para aquisição de cartuchos de tinta?,1,34132,1.0,1.0,0.01639344262295082,0.01639344262295082,0.03278688524590164,ambos,3.0,True,True
119,LLM,A Administração pode indicar preferência por marcas em licitações para aquisição de cartuchos de tinta?,2,22172,3.0,2.0,0.015873015873015872,0.016129032258064516,0.03200204813108039,ambos,,False,False
119,LLM,A Administração pode indicar preferência por marcas em licitações para aquisição de cartuchos de tinta?,3,34146,5.0,4.0,0.015384615384615385,0.015625,0.031009615384615385,ambos,3.0,True,True
119,LLM,A Administração pode indicar preferência por marcas em licitações para aquisição de cartuchos de tinta?,4,33054,2.0,9.0,0.016129032258064516,0.014492753623188406,0.030621785881252923,ambos,3.0,True,True
119,LLM,A Administração pode indicar preferência por marcas em licitações para aquisição de cartuchos de tinta?,5,21867,9.0,3.0,0.014492753623188406,0.015873015873015872,0.03036576949620428,ambos,2.0,True,True
119,LLM,A Administração pode indicar preferência por marcas em licitações para aquisição de cartuchos de tinta?,6,22124,8.0,5.0,0.014705882352941176,0.015384615384615385,0.030090497737556562,ambos,,False,False
119,LLM,A Administração pode indicar preferência por marcas em licitações para aquisição de cartuchos de tinta?,7,22196,6.0,7.0,0.015151515151515152,0.014925373134328358,0.03007688828584351,ambos,,False,False
119,LLM,A Administração pode indicar preferência por marcas em licitações para aquisição de cartuchos de tinta?,8,21814,7.0,6.0,0.014925373134328358,0.015151515151515152,0.03007688828584351,ambos,,False,False
119,LLM,A Administração pode indicar preferência por marcas em licitações para aquisição de cartuchos de tinta?,9,21815,10.0,8.0,0.014285714285714285,0.014705882352941176,0.028991596638655463,ambos,,False,False
119,LLM,A Administração pode indicar preferência por marcas em licitações para aquisição de cartuchos de tinta?,10,13633,4.0,,0.015625,0.0,0.015625,rag,3.0,True,True
120,LLM,O TCU é responsável pela fiscalização das ações e serviços de saúde pagos com recursos repassados pela União no âmbito do Sistema Único de Saúde?,1,15255,2.0,3.0,0.016129032258064516,0.015873015873015872,0.03200204813108039,ambos,,False,False
120,LLM,O TCU é responsável pela fiscalização das ações e serviços de saúde pagos com recursos repassados pela União no âmbito do Sistema Único de Saúde?,2,18900,5.0,1.0,0.015384615384615385,0.01639344262295082,0.03177805800756621,ambos,3.0,True,True
120,LLM,O TCU é responsável pela fiscalização das ações e serviços de saúde pagos com recursos repassados pela União no âmbito do Sistema Único de Saúde?,3,25448,4.0,2.0,0.015625,0.016129032258064516,0.031754032258064516,ambos,,False,False
120,LLM,O TCU é responsável pela fiscalização das ações e serviços de saúde pagos com recursos repassados pela União no âmbito do Sistema Único de Saúde?,4,17012,1.0,6.0,0.01639344262295082,0.015151515151515152,0.031544957774465976,ambos,3.0,True,True
120,LLM,O TCU é responsável pela fiscalização das ações e serviços de saúde pagos com recursos repassados pela União no âmbito do Sistema Único de Saúde?,5,31004,3.0,5.0,0.015873015873015872,0.015384615384615385,0.03125763125763126,ambos,,False,False
120,LLM,O TCU é responsável pela fiscalização das ações e serviços de saúde pagos com recursos repassados pela União no âmbito do Sistema Único de Saúde?,6,6549,9.0,4.0,0.014492753623188406,0.015625,0.030117753623188408,ambos,,False,False
120,LLM,O TCU é responsável pela fiscalização das ações e serviços de saúde pagos com recursos repassados pela União no âmbito do Sistema Único de Saúde?,7,41628,7.0,7.0,0.014925373134328358,0.014925373134328358,0.029850746268656716,ambos,,False,False
120,LLM,O TCU é responsável pela fiscalização das ações e serviços de saúde pagos com recursos repassados pela União no âmbito do Sistema Único de Saúde?,8,25569,10.0,9.0,0.014285714285714285,0.014492753623188406,0.02877846790890269,ambos,,False,False
120,LLM,O TCU é responsável pela fiscalização das ações e serviços de saúde pagos com recursos repassados pela União no âmbito do Sistema Único de Saúde?,9,19452,6.0,,0.015151515151515152,0.0,0.015151515151515152,rag,,False,False
120,LLM,O TCU é responsável pela fiscalização das ações e serviços de saúde pagos com recursos repassados pela União no âmbito do Sistema Único de Saúde?,10,17700,8.0,,0.014705882352941176,0.0,0.014705882352941176,rag,,False,False
121,LLM,O que deve ser feito se não for possível obter preços referenciais nos sistemas oficiais para estimativa de custos em processos licitatórios?,1,22170,1.0,1.0,0.01639344262295082,0.01639344262295082,0.03278688524590164,ambos,3.0,True,True
121,LLM,O que deve ser feito se não for possível obter preços referenciais nos sistemas oficiais para estimativa de custos em processos licitatórios?,2,22164,5.0,2.0,0.015384615384615385,0.016129032258064516,0.0315136476426799,ambos,3.0,True,True
121,LLM,O que deve ser feito se não for possível obter preços referenciais nos sistemas oficiais para estimativa de custos em processos licitatórios?,3,69161,6.0,3.0,0.015151515151515152,0.015873015873015872,0.031024531024531024,ambos,,False,False
121,LLM,O que deve ser feito se não for possível obter preços referenciais nos sistemas oficiais para estimativa de custos em processos licitatórios?,4,15725,4.0,9.0,0.015625,0.014492753623188406,0.030117753623188408,ambos,,False,False
121,LLM,O que deve ser feito se não for possível obter preços referenciais nos sistemas oficiais para estimativa de custos em processos licitatórios?,5,33046,7.0,6.0,0.014925373134328358,0.015151515151515152,0.03007688828584351,ambos,,False,False
121,LLM,O que deve ser feito se não for possível obter preços referenciais nos sistemas oficiais para estimativa de custos em processos licitatórios?,6,136013,9.0,10.0,0.014492753623188406,0.014285714285714285,0.02877846790890269,ambos,1.0,True,True
121,LLM,O que deve ser feito se não for possível obter preços referenciais nos sistemas oficiais para estimativa de custos em processos licitatórios?,7,151614,2.0,,0.016129032258064516,0.0,0.016129032258064516,rag,,False,False
121,LLM,O que deve ser feito se não for possível obter preços referenciais nos sistemas oficiais para estimativa de custos em processos licitatórios?,8,16331,3.0,,0.015873015873015872,0.0,0.015873015873015872,rag,,False,False
121,LLM,O que deve ser feito se não for possível obter preços referenciais nos sistemas oficiais para estimativa de custos em processos licitatórios?,9,22812,,4.0,0.0,0.015625,0.015625,graphrag,,False,False
121,LLM,O que deve ser feito se não for possível obter preços referenciais nos sistemas oficiais para estimativa de custos em processos licitatórios?,10,21827,,5.0,0.0,0.015384615384615385,0.015384615384615385,graphrag,,False,False
122,LLM,É necessária ponderação entre a pontuação técnica e a de preço em uma licitação do tipo técnica e preço?,1,20970,1.0,2.0,0.01639344262295082,0.016129032258064516,0.03252247488101534,ambos,3.0,True,True
122,LLM,É necessária ponderação entre a pontuação técnica e a de preço em uma licitação do tipo técnica e preço?,2,20506,2.0,1.0,0.016129032258064516,0.01639344262295082,0.03252247488101534,ambos,3.0,True,True
122,LLM,É necessária ponderação entre a pontuação técnica e a de preço em uma licitação do tipo técnica e preço?,3,34126,3.0,3.0,0.015873015873015872,0.015873015873015872,0.031746031746031744,ambos,3.0,True,True
122,LLM,É necessária ponderação entre a pontuação técnica e a de preço em uma licitação do tipo técnica e preço?,4,53641,5.0,6.0,0.015384615384615385,0.015151515151515152,0.030536130536130537,ambos,3.0,True,True
122,LLM,É necessária ponderação entre a pontuação técnica e a de preço em uma licitação do tipo técnica e preço?,5,15740,4.0,8.0,0.015625,0.014705882352941176,0.030330882352941176,ambos,3.0,True,True
122,LLM,É necessária ponderação entre a pontuação técnica e a de preço em uma licitação do tipo técnica e preço?,6,21207,7.0,5.0,0.014925373134328358,0.015384615384615385,0.030309988518943745,ambos,,False,False
122,LLM,É necessária ponderação entre a pontuação técnica e a de preço em uma licitação do tipo técnica e preço?,7,20969,9.0,4.0,0.014492753623188406,0.015625,0.030117753623188408,ambos,,False,False
122,LLM,É necessária ponderação entre a pontuação técnica e a de preço em uma licitação do tipo técnica e preço?,8,54860,6.0,9.0,0.015151515151515152,0.014492753623188406,0.02964426877470356,ambos,,False,False
122,LLM,É necessária ponderação entre a pontuação técnica e a de preço em uma licitação do tipo técnica e preço?,9,20586,8.0,7.0,0.014705882352941176,0.014925373134328358,0.029631255487269532,ambos,,False,False
122,LLM,É necessária ponderação entre a pontuação técnica e a de preço em uma licitação do tipo técnica e preço?,10,32994,10.0,10.0,0.014285714285714285,0.014285714285714285,0.02857142857142857,ambos,,False,False
123,LLM,Como a pontuação desarrazoada pode limitar a competitividade nas licitações do tipo técnica e preço?,1,31593,5.0,1.0,0.015384615384615385,0.01639344262295082,0.03177805800756621,ambos,,False,False
123,LLM,Como a pontuação desarrazoada pode limitar a competitividade nas licitações do tipo técnica e preço?,2,20970,4.0,2.0,0.015625,0.016129032258064516,0.031754032258064516,ambos,,False,False
123,LLM,Como a pontuação desarrazoada pode limitar a competitividade nas licitações do tipo técnica e preço?,3,33082,1.0,6.0,0.01639344262295082,0.015151515151515152,0.031544957774465976,ambos,3.0,True,True
123,LLM,Como a pontuação desarrazoada pode limitar a competitividade nas licitações do tipo técnica e preço?,4,20871,2.0,5.0,0.016129032258064516,0.015384615384615385,0.0315136476426799,ambos,2.0,True,True
123,LLM,Como a pontuação desarrazoada pode limitar a competitividade nas licitações do tipo técnica e preço?,5,31669,6.0,3.0,0.015151515151515152,0.015873015873015872,0.031024531024531024,ambos,,False,False
123,LLM,Como a pontuação desarrazoada pode limitar a competitividade nas licitações do tipo técnica e preço?,6,20586,3.0,10.0,0.015873015873015872,0.014285714285714285,0.030158730158730156,ambos,,False,False
123,LLM,Como a pontuação desarrazoada pode limitar a competitividade nas licitações do tipo técnica e preço?,7,20506,,4.0,0.0,0.015625,0.015625,graphrag,3.0,True,True
123,LLM,Como a pontuação desarrazoada pode limitar a competitividade nas licitações do tipo técnica e preço?,8,33114,7.0,,0.014925373134328358,0.0,0.014925373134328358,rag,,False,False
123,LLM,Como a pontuação desarrazoada pode limitar a competitividade nas licitações do tipo técnica e preço?,9,133563,,7.0,0.0,0.014925373134328358,0.014925373134328358,graphrag,3.0,True,True
123,LLM,Como a pontuação desarrazoada pode limitar a competitividade nas licitações do tipo técnica e preço?,10,20585,8.0,,0.014705882352941176,0.0,0.014705882352941176,rag,,False,False
124,LLM,É possível prorrogar um contrato administrativo fora do término do prazo de vigência?,1,18409,1.0,1.0,0.01639344262295082,0.01639344262295082,0.03278688524590164,ambos,,False,False
124,LLM,É possível prorrogar um contrato administrativo fora do término do prazo de vigência?,2,34096,2.0,4.0,0.016129032258064516,0.015625,0.031754032258064516,ambos,,False,False
124,LLM,É possível prorrogar um contrato administrativo fora do término do prazo de vigência?,3,31061,3.0,3.0,0.015873015873015872,0.015873015873015872,0.031746031746031744,ambos,2.0,True,True
124,LLM,É possível prorrogar um contrato administrativo fora do término do prazo de vigência?,4,18954,6.0,2.0,0.015151515151515152,0.016129032258064516,0.03128054740957967,ambos,,False,False
124,LLM,É possível prorrogar um contrato administrativo fora do término do prazo de vigência?,5,17231,4.0,6.0,0.015625,0.015151515151515152,0.030776515151515152,ambos,,False,False
124,LLM,É possível prorrogar um contrato administrativo fora do término do prazo de vigência?,6,18028,7.0,5.0,0.014925373134328358,0.015384615384615385,0.030309988518943745,ambos,,False,False
124,LLM,É possível prorrogar um contrato administrativo fora do término do prazo de vigência?,7,14508,5.0,10.0,0.015384615384615385,0.014285714285714285,0.02967032967032967,ambos,2.0,True,True
124,LLM,É possível prorrogar um contrato administrativo fora do término do prazo de vigência?,8,34194,8.0,7.0,0.014705882352941176,0.014925373134328358,0.029631255487269532,ambos,,False,False
124,LLM,É possível prorrogar um contrato administrativo fora do término do prazo de vigência?,9,31060,,8.0,0.0,0.014705882352941176,0.014705882352941176,graphrag,,False,False
124,LLM,É possível prorrogar um contrato administrativo fora do término do prazo de vigência?,10,18369,9.0,,0.014492753623188406,0.0,0.014492753623188406,rag,,False,False
125,LLM,Qual é o problema na exigência de atestado de capacidade técnica para contratação de serviços advocatícios por conselho de fiscalização profissional?,1,79794,6.0,1.0,0.015151515151515152,0.01639344262295082,0.031544957774465976,ambos,,False,False
125,LLM,Qual é o problema na exigência de atestado de capacidade técnica para contratação de serviços advocatícios por conselho de fiscalização profissional?,2,17017,2.0,5.0,0.016129032258064516,0.015384615384615385,0.0315136476426799,ambos,2.0,True,True
125,LLM,Qual é o problema na exigência de atestado de capacidade técnica para contratação de serviços advocatícios por conselho de fiscalização profissional?,3,25628,3.0,4.0,0.015873015873015872,0.015625,0.03149801587301587,ambos,,False,False
125,LLM,Qual é o problema na exigência de atestado de capacidade técnica para contratação de serviços advocatícios por conselho de fiscalização profissional?,4,135758,7.0,2.0,0.014925373134328358,0.016129032258064516,0.031054405392392875,ambos,,False,False
125,LLM,Qual é o problema na exigência de atestado de capacidade técnica para contratação de serviços advocatícios por conselho de fiscalização profissional?,5,33095,4.0,7.0,0.015625,0.014925373134328358,0.03055037313432836,ambos,,False,False
125,LLM,Qual é o problema na exigência de atestado de capacidade técnica para contratação de serviços advocatícios por conselho de fiscalização profissional?,6,128212,10.0,3.0,0.014285714285714285,0.015873015873015872,0.030158730158730156,ambos,,False,False
125,LLM,Qual é o problema na exigência de atestado de capacidade técnica para contratação de serviços advocatícios por conselho de fiscalização profissional?,7,18291,8.0,6.0,0.014705882352941176,0.015151515151515152,0.029857397504456328,ambos,,False,False
125,LLM,Qual é o problema na exigência de atestado de capacidade técnica para contratação de serviços advocatícios por conselho de fiscalização profissional?,8,105994,1.0,,0.01639344262295082,0.0,0.01639344262295082,rag,3.0,True,True
125,LLM,Qual é o problema na exigência de atestado de capacidade técnica para contratação de serviços advocatícios por conselho de fiscalização profissional?,9,33076,5.0,,0.015384615384615385,0.0,0.015384615384615385,rag,,False,False
125,LLM,Qual é o problema na exigência de atestado de capacidade técnica para contratação de serviços advocatícios por conselho de fiscalização profissional?,10,9884,,8.0,0.0,0.014705882352941176,0.014705882352941176,graphrag,1.0,True,True
126,LLM,"É necessária reposição de importâncias indevidamente percebidas, de boa-fé, por servidores, em virtude de erro escusável de interpretação de lei por parte do órgão/entidade?",1,32035,2.0,2.0,0.016129032258064516,0.016129032258064516,0.03225806451612903,ambos,,False,False
126,LLM,"É necessária reposição de importâncias indevidamente percebidas, de boa-fé, por servidores, em virtude de erro escusável de interpretação de lei por parte do órgão/entidade?",2,41098,1.0,4.0,0.01639344262295082,0.015625,0.032018442622950824,ambos,,False,False
126,LLM,"É necessária reposição de importâncias indevidamente percebidas, de boa-fé, por servidores, em virtude de erro escusável de interpretação de lei por parte do órgão/entidade?",3,33621,5.0,1.0,0.015384615384615385,0.01639344262295082,0.03177805800756621,ambos,3.0,True,True
126,LLM,"É necessária reposição de importâncias indevidamente percebidas, de boa-fé, por servidores, em virtude de erro escusável de interpretação de lei por parte do órgão/entidade?",4,32034,7.0,3.0,0.014925373134328358,0.015873015873015872,0.030798389007344232,ambos,3.0,True,True
126,LLM,"É necessária reposição de importâncias indevidamente percebidas, de boa-fé, por servidores, em virtude de erro escusável de interpretação de lei por parte do órgão/entidade?",5,1846,4.0,7.0,0.015625,0.014925373134328358,0.03055037313432836,ambos,3.0,True,True
126,LLM,"É necessária reposição de importâncias indevidamente percebidas, de boa-fé, por servidores, em virtude de erro escusável de interpretação de lei por parte do órgão/entidade?",6,93703,6.0,8.0,0.015151515151515152,0.014705882352941176,0.029857397504456328,ambos,,False,False
126,LLM,"É necessária reposição de importâncias indevidamente percebidas, de boa-fé, por servidores, em virtude de erro escusável de interpretação de lei por parte do órgão/entidade?",7,29832,10.0,5.0,0.014285714285714285,0.015384615384615385,0.02967032967032967,ambos,3.0,True,True
126,LLM,"É necessária reposição de importâncias indevidamente percebidas, de boa-fé, por servidores, em virtude de erro escusável de interpretação de lei por parte do órgão/entidade?",8,32020,9.0,6.0,0.014492753623188406,0.015151515151515152,0.02964426877470356,ambos,,False,False
126,LLM,"É necessária reposição de importâncias indevidamente percebidas, de boa-fé, por servidores, em virtude de erro escusável de interpretação de lei por parte do órgão/entidade?",9,33575,3.0,,0.015873015873015872,0.0,0.015873015873015872,rag,,False,False
126,LLM,"É necessária reposição de importâncias indevidamente percebidas, de boa-fé, por servidores, em virtude de erro escusável de interpretação de lei por parte do órgão/entidade?",10,29831,8.0,,0.014705882352941176,0.0,0.014705882352941176,rag,,False,False
127,LLM,É possível aquisição direta quando a falta de produto ou serviço pode colocar em risco a saúde das pessoas?,1,116893,4.0,1.0,0.015625,0.01639344262295082,0.032018442622950824,ambos,,False,False
127,LLM,É possível aquisição direta quando a falta de produto ou serviço pode colocar em risco a saúde das pessoas?,2,60328,6.0,2.0,0.015151515151515152,0.016129032258064516,0.03128054740957967,ambos,,False,False
127,LLM,É possível aquisição direta quando a falta de produto ou serviço pode colocar em risco a saúde das pessoas?,3,17137,7.0,3.0,0.014925373134328358,0.015873015873015872,0.030798389007344232,ambos,3.0,True,True
127,LLM,É possível aquisição direta quando a falta de produto ou serviço pode colocar em risco a saúde das pessoas?,4,18012,1.0,10.0,0.01639344262295082,0.014285714285714285,0.030679156908665108,ambos,,False,False
127,LLM,É possível aquisição direta quando a falta de produto ou serviço pode colocar em risco a saúde das pessoas?,5,18816,5.0,7.0,0.015384615384615385,0.014925373134328358,0.030309988518943745,ambos,,False,False
127,LLM,É possível aquisição direta quando a falta de produto ou serviço pode colocar em risco a saúde das pessoas?,6,107859,8.0,5.0,0.014705882352941176,0.015384615384615385,0.030090497737556562,ambos,1.0,True,True
127,LLM,É possível aquisição direta quando a falta de produto ou serviço pode colocar em risco a saúde das pessoas?,7,92043,10.0,4.0,0.014285714285714285,0.015625,0.029910714285714284,ambos,,False,False
127,LLM,É possível aquisição direta quando a falta de produto ou serviço pode colocar em risco a saúde das pessoas?,8,18370,2.0,,0.016129032258064516,0.0,0.016129032258064516,rag,,False,False
127,LLM,É possível aquisição direta quando a falta de produto ou serviço pode colocar em risco a saúde das pessoas?,9,31790,3.0,,0.015873015873015872,0.0,0.015873015873015872,rag,,False,False
127,LLM,É possível aquisição direta quando a falta de produto ou serviço pode colocar em risco a saúde das pessoas?,10,18187,,6.0,0.0,0.015151515151515152,0.015151515151515152,graphrag,,False,False
128,LLM,É obrigatória a divulgação dos preços estimados no edital nos pregões para aquisição de medicamentos?,1,14895,1.0,2.0,0.01639344262295082,0.016129032258064516,0.03252247488101534,ambos,2.0,True,True
128,LLM,É obrigatória a divulgação dos preços estimados no edital nos pregões para aquisição de medicamentos?,2,18241,2.0,1.0,0.016129032258064516,0.01639344262295082,0.03252247488101534,ambos,,False,False
128,LLM,É obrigatória a divulgação dos preços estimados no edital nos pregões para aquisição de medicamentos?,3,14555,3.0,4.0,0.015873015873015872,0.015625,0.03149801587301587,ambos,,False,False
128,LLM,É obrigatória a divulgação dos preços estimados no edital nos pregões para aquisição de medicamentos?,4,71456,5.0,3.0,0.015384615384615385,0.015873015873015872,0.03125763125763126,ambos,2.0,True,True
128,LLM,É obrigatória a divulgação dos preços estimados no edital nos pregões para aquisição de medicamentos?,5,13226,7.0,6.0,0.014925373134328358,0.015151515151515152,0.03007688828584351,ambos,,False,False
128,LLM,É obrigatória a divulgação dos preços estimados no edital nos pregões para aquisição de medicamentos?,6,35620,4.0,10.0,0.015625,0.014285714285714285,0.029910714285714284,ambos,1.0,True,True
128,LLM,É obrigatória a divulgação dos preços estimados no edital nos pregões para aquisição de medicamentos?,7,67011,10.0,8.0,0.014285714285714285,0.014705882352941176,0.028991596638655463,ambos,3.0,True,True
128,LLM,É obrigatória a divulgação dos preços estimados no edital nos pregões para aquisição de medicamentos?,8,19398,,5.0,0.0,0.015384615384615385,0.015384615384615385,graphrag,2.0,True,True
128,LLM,É obrigatória a divulgação dos preços estimados no edital nos pregões para aquisição de medicamentos?,9,147395,6.0,,0.015151515151515152,0.0,0.015151515151515152,rag,,False,False
128,LLM,É obrigatória a divulgação dos preços estimados no edital nos pregões para aquisição de medicamentos?,10,17173,,7.0,0.0,0.014925373134328358,0.014925373134328358,graphrag,,False,False
129,LLM,"A contratação de professores, conferencistas ou instrutores para ministrar cursos de treinamento ou aperfeiçoamento de pessoal se enquadra na inexigibilidade de licitação?",1,31507,1.0,1.0,0.01639344262295082,0.01639344262295082,0.03278688524590164,ambos,3.0,True,True
129,LLM,"A contratação de professores, conferencistas ou instrutores para ministrar cursos de treinamento ou aperfeiçoamento de pessoal se enquadra na inexigibilidade de licitação?",2,34290,2.0,2.0,0.016129032258064516,0.016129032258064516,0.03225806451612903,ambos,3.0,True,True
129,LLM,"A contratação de professores, conferencistas ou instrutores para ministrar cursos de treinamento ou aperfeiçoamento de pessoal se enquadra na inexigibilidade de licitação?",3,32925,3.0,3.0,0.015873015873015872,0.015873015873015872,0.031746031746031744,ambos,2.0,True,True
129,LLM,"A contratação de professores, conferencistas ou instrutores para ministrar cursos de treinamento ou aperfeiçoamento de pessoal se enquadra na inexigibilidade de licitação?",4,18218,7.0,4.0,0.014925373134328358,0.015625,0.03055037313432836,ambos,,False,False
129,LLM,"A contratação de professores, conferencistas ou instrutores para ministrar cursos de treinamento ou aperfeiçoamento de pessoal se enquadra na inexigibilidade de licitação?",5,18191,6.0,5.0,0.015151515151515152,0.015384615384615385,0.030536130536130537,ambos,,False,False
129,LLM,"A contratação de professores, conferencistas ou instrutores para ministrar cursos de treinamento ou aperfeiçoamento de pessoal se enquadra na inexigibilidade de licitação?",6,39676,5.0,7.0,0.015384615384615385,0.014925373134328358,0.030309988518943745,ambos,,False,False
129,LLM,"A contratação de professores, conferencistas ou instrutores para ministrar cursos de treinamento ou aperfeiçoamento de pessoal se enquadra na inexigibilidade de licitação?",7,81913,4.0,,0.015625,0.0,0.015625,rag,,False,False
129,LLM,"A contratação de professores, conferencistas ou instrutores para ministrar cursos de treinamento ou aperfeiçoamento de pessoal se enquadra na inexigibilidade de licitação?",8,18217,,6.0,0.0,0.015151515151515152,0.015151515151515152,graphrag,,False,False
129,LLM,"A contratação de professores, conferencistas ou instrutores para ministrar cursos de treinamento ou aperfeiçoamento de pessoal se enquadra na inexigibilidade de licitação?",9,18848,8.0,,0.014705882352941176,0.0,0.014705882352941176,rag,,False,False
129,LLM,"A contratação de professores, conferencistas ou instrutores para ministrar cursos de treinamento ou aperfeiçoamento de pessoal se enquadra na inexigibilidade de licitação?",10,18818,,8.0,0.0,0.014705882352941176,0.014705882352941176,graphrag,,False,False
130,LLM,Qual é a diferença entre reajuste de preços e repactuação?,1,17262,1.0,1.0,0.01639344262295082,0.01639344262295082,0.03278688524590164,ambos,2.0,True,True
130,LLM,Qual é a diferença entre reajuste de preços e repactuação?,2,34213,4.0,3.0,0.015625,0.015873015873015872,0.03149801587301587,ambos,,False,False
130,LLM,Qual é a diferença entre reajuste de preços e repactuação?,3,31104,2.0,6.0,0.016129032258064516,0.015151515151515152,0.03128054740957967,ambos,3.0,True,True
130,LLM,Qual é a diferença entre reajuste de preços e repactuação?,4,31105,7.0,2.0,0.014925373134328358,0.016129032258064516,0.031054405392392875,ambos,,False,False
130,LLM,Qual é a diferença entre reajuste de preços e repactuação?,5,31108,3.0,8.0,0.015873015873015872,0.014705882352941176,0.03057889822595705,ambos,3.0,True,True
130,LLM,Qual é a diferença entre reajuste de preços e repactuação?,6,9751,5.0,7.0,0.015384615384615385,0.014925373134328358,0.030309988518943745,ambos,2.0,True,True
130,LLM,Qual é a diferença entre reajuste de preços e repactuação?,7,18080,9.0,4.0,0.014492753623188406,0.015625,0.030117753623188408,ambos,,False,False
130,LLM,Qual é a diferença entre reajuste de preços e repactuação?,8,18416,8.0,5.0,0.014705882352941176,0.015384615384615385,0.030090497737556562,ambos,,False,False
130,LLM,Qual é a diferença entre reajuste de preços e repactuação?,9,19353,6.0,9.0,0.015151515151515152,0.014492753623188406,0.02964426877470356,ambos,,False,False
130,LLM,Qual é a diferença entre reajuste de preços e repactuação?,10,34098,10.0,,0.014285714285714285,0.0,0.014285714285714285,rag,,False,False
131,LLM,É possível a aplicação da recomposição mesmo após a aplicação do reajuste previsto no contrato?,1,42820,1.0,1.0,0.01639344262295082,0.01639344262295082,0.03278688524590164,ambos,3.0,True,True
131,LLM,É possível a aplicação da recomposição mesmo após a aplicação do reajuste previsto no contrato?,2,42822,2.0,2.0,0.016129032258064516,0.016129032258064516,0.03225806451612903,ambos,,False,False
131,LLM,É possível a aplicação da recomposição mesmo após a aplicação do reajuste previsto no contrato?,3,42821,3.0,3.0,0.015873015873015872,0.015873015873015872,0.031746031746031744,ambos,3.0,True,True
131,LLM,É possível a aplicação da recomposição mesmo após a aplicação do reajuste previsto no contrato?,4,42819,4.0,4.0,0.015625,0.015625,0.03125,ambos,,False,False
131,LLM,É possível a aplicação da recomposição mesmo após a aplicação do reajuste previsto no contrato?,5,83622,5.0,6.0,0.015384615384615385,0.015151515151515152,0.030536130536130537,ambos,,False,False
131,LLM,É possível a aplicação da recomposição mesmo após a aplicação do reajuste previsto no contrato?,6,42659,7.0,5.0,0.014925373134328358,0.015384615384615385,0.030309988518943745,ambos,,False,False
131,LLM,É possível a aplicação da recomposição mesmo após a aplicação do reajuste previsto no contrato?,7,104189,10.0,7.0,0.014285714285714285,0.014925373134328358,0.029211087420042643,ambos,,False,False
131,LLM,É possível a aplicação da recomposição mesmo após a aplicação do reajuste previsto no contrato?,8,18402,6.0,,0.015151515151515152,0.0,0.015151515151515152,rag,,False,False
131,LLM,É possível a aplicação da recomposição mesmo após a aplicação do reajuste previsto no contrato?,9,21117,8.0,,0.014705882352941176,0.0,0.014705882352941176,rag,,False,False
131,LLM,É possível a aplicação da recomposição mesmo após a aplicação do reajuste previsto no contrato?,10,97730,,8.0,0.0,0.014705882352941176,0.014705882352941176,graphrag,,False,False
132,LLM,A retenção de pagamentos é permitida em caso de perda da regularidade fiscal?,1,18386,1.0,3.0,0.01639344262295082,0.015873015873015872,0.032266458495966696,ambos,2.0,True,True
132,LLM,A retenção de pagamentos é permitida em caso de perda da regularidade fiscal?,2,17220,2.0,2.0,0.016129032258064516,0.016129032258064516,0.03225806451612903,ambos,3.0,True,True
132,LLM,A retenção de pagamentos é permitida em caso de perda da regularidade fiscal?,3,97198,4.0,1.0,0.015625,0.01639344262295082,0.032018442622950824,ambos,,False,False
132,LLM,A retenção de pagamentos é permitida em caso de perda da regularidade fiscal?,4,17258,3.0,5.0,0.015873015873015872,0.015384615384615385,0.03125763125763126,ambos,,False,False
132,LLM,A retenção de pagamentos é permitida em caso de perda da regularidade fiscal?,5,17213,5.0,4.0,0.015384615384615385,0.015625,0.031009615384615385,ambos,,False,False
132,LLM,A retenção de pagamentos é permitida em caso de perda da regularidade fiscal?,6,43957,6.0,7.0,0.015151515151515152,0.014925373134328358,0.03007688828584351,ambos,,False,False
132,LLM,A retenção de pagamentos é permitida em caso de perda da regularidade fiscal?,7,122652,8.0,6.0,0.014705882352941176,0.015151515151515152,0.029857397504456328,ambos,,False,False
132,LLM,A retenção de pagamentos é permitida em caso de perda da regularidade fiscal?,8,126940,9.0,8.0,0.014492753623188406,0.014705882352941176,0.02919863597612958,ambos,,False,False
132,LLM,A retenção de pagamentos é permitida em caso de perda da regularidade fiscal?,9,17289,7.0,,0.014925373134328358,0.0,0.014925373134328358,rag,,False,False
132,LLM,A retenção de pagamentos é permitida em caso de perda da regularidade fiscal?,10,97654,,9.0,0.0,0.014492753623188406,0.014492753623188406,graphrag,,False,False
133,LLM,Por que despesas desnecessárias e anteriores à celebração do contrato são consideradas irregulares?,1,31071,1.0,1.0,0.01639344262295082,0.01639344262295082,0.03278688524590164,ambos,,False,False
133,LLM,Por que despesas desnecessárias e anteriores à celebração do contrato são consideradas irregulares?,2,15413,4.0,2.0,0.015625,0.016129032258064516,0.031754032258064516,ambos,,False,False
133,LLM,Por que despesas desnecessárias e anteriores à celebração do contrato são consideradas irregulares?,3,62634,3.0,3.0,0.015873015873015872,0.015873015873015872,0.031746031746031744,ambos,,False,False
133,LLM,Por que despesas desnecessárias e anteriores à celebração do contrato são consideradas irregulares?,4,19450,2.0,5.0,0.016129032258064516,0.015384615384615385,0.0315136476426799,ambos,,False,False
133,LLM,Por que despesas desnecessárias e anteriores à celebração do contrato são consideradas irregulares?,5,16124,5.0,4.0,0.015384615384615385,0.015625,0.031009615384615385,ambos,,False,False
133,LLM,Por que despesas desnecessárias e anteriores à celebração do contrato são consideradas irregulares?,6,18412,7.0,6.0,0.014925373134328358,0.015151515151515152,0.03007688828584351,ambos,,False,False
133,LLM,Por que despesas desnecessárias e anteriores à celebração do contrato são consideradas irregulares?,7,17215,6.0,8.0,0.015151515151515152,0.014705882352941176,0.029857397504456328,ambos,,False,False
133,LLM,Por que despesas desnecessárias e anteriores à celebração do contrato são consideradas irregulares?,8,75821,8.0,7.0,0.014705882352941176,0.014925373134328358,0.029631255487269532,ambos,,False,False
133,LLM,Por que despesas desnecessárias e anteriores à celebração do contrato são consideradas irregulares?,9,15042,10.0,9.0,0.014285714285714285,0.014492753623188406,0.02877846790890269,ambos,,False,False
133,LLM,Por que despesas desnecessárias e anteriores à celebração do contrato são consideradas irregulares?,10,81998,9.0,,0.014492753623188406,0.0,0.014492753623188406,rag,,False,False
134,LLM,Como o vínculo trabalhista ou societário pré-existente afeta a competitividade das licitantes no certame licitatório?,1,26874,4.0,1.0,0.015625,0.01639344262295082,0.032018442622950824,ambos,2.0,True,True
134,LLM,Como o vínculo trabalhista ou societário pré-existente afeta a competitividade das licitantes no certame licitatório?,2,22116,3.0,3.0,0.015873015873015872,0.015873015873015872,0.031746031746031744,ambos,,False,False
134,LLM,Como o vínculo trabalhista ou societário pré-existente afeta a competitividade das licitantes no certame licitatório?,3,80979,8.0,2.0,0.014705882352941176,0.016129032258064516,0.030834914611005692,ambos,3.0,True,True
134,LLM,Como o vínculo trabalhista ou societário pré-existente afeta a competitividade das licitantes no certame licitatório?,4,33936,1.0,10.0,0.01639344262295082,0.014285714285714285,0.030679156908665108,ambos,,False,False
134,LLM,Como o vínculo trabalhista ou societário pré-existente afeta a competitividade das licitantes no certame licitatório?,5,85539,6.0,5.0,0.015151515151515152,0.015384615384615385,0.030536130536130537,ambos,2.0,True,True
134,LLM,Como o vínculo trabalhista ou societário pré-existente afeta a competitividade das licitantes no certame licitatório?,6,22108,7.0,8.0,0.014925373134328358,0.014705882352941176,0.029631255487269532,ambos,3.0,True,True
134,LLM,Como o vínculo trabalhista ou societário pré-existente afeta a competitividade das licitantes no certame licitatório?,7,31683,9.0,7.0,0.014492753623188406,0.014925373134328358,0.029418126757516764,ambos,,False,False
134,LLM,Como o vínculo trabalhista ou societário pré-existente afeta a competitividade das licitantes no certame licitatório?,8,56336,2.0,,0.016129032258064516,0.0,0.016129032258064516,rag,,False,False
134,LLM,Como o vínculo trabalhista ou societário pré-existente afeta a competitividade das licitantes no certame licitatório?,9,25267,,4.0,0.0,0.015625,0.015625,graphrag,,False,False
134,LLM,Como o vínculo trabalhista ou societário pré-existente afeta a competitividade das licitantes no certame licitatório?,10,17107,5.0,,0.015384615384615385,0.0,0.015384615384615385,rag,,False,False
135,LLM,É permitido atribuir pontuação a uma empresa licitante nas licitações de técnica e preço com base na posse de determinados tipos de profissionais em seu quadro permanente?,1,22781,1.0,4.0,0.01639344262295082,0.015625,0.032018442622950824,ambos,3.0,True,True
135,LLM,É permitido atribuir pontuação a uma empresa licitante nas licitações de técnica e preço com base na posse de determinados tipos de profissionais em seu quadro permanente?,2,33937,3.0,2.0,0.015873015873015872,0.016129032258064516,0.03200204813108039,ambos,,False,False
135,LLM,É permitido atribuir pontuação a uma empresa licitante nas licitações de técnica e preço com base na posse de determinados tipos de profissionais em seu quadro permanente?,3,31669,6.0,1.0,0.015151515151515152,0.01639344262295082,0.031544957774465976,ambos,3.0,True,True
135,LLM,É permitido atribuir pontuação a uma empresa licitante nas licitações de técnica e preço com base na posse de determinados tipos de profissionais em seu quadro permanente?,4,34211,5.0,3.0,0.015384615384615385,0.015873015873015872,0.03125763125763126,ambos,,False,False
135,LLM,É permitido atribuir pontuação a uma empresa licitante nas licitações de técnica e preço com base na posse de determinados tipos de profissionais em seu quadro permanente?,5,33082,2.0,7.0,0.016129032258064516,0.014925373134328358,0.031054405392392875,ambos,,False,False
135,LLM,É permitido atribuir pontuação a uma empresa licitante nas licitações de técnica e preço com base na posse de determinados tipos de profissionais em seu quadro permanente?,6,33083,4.0,5.0,0.015625,0.015384615384615385,0.031009615384615385,ambos,3.0,True,True
135,LLM,É permitido atribuir pontuação a uma empresa licitante nas licitações de técnica e preço com base na posse de determinados tipos de profissionais em seu quadro permanente?,7,34134,,6.0,0.0,0.015151515151515152,0.015151515151515152,graphrag,,False,False
135,LLM,É permitido atribuir pontuação a uma empresa licitante nas licitações de técnica e preço com base na posse de determinados tipos de profissionais em seu quadro permanente?,8,31689,7.0,,0.014925373134328358,0.0,0.014925373134328358,rag,,False,False
135,LLM,É permitido atribuir pontuação a uma empresa licitante nas licitações de técnica e preço com base na posse de determinados tipos de profissionais em seu quadro permanente?,9,34126,8.0,,0.014705882352941176,0.0,0.014705882352941176,rag,,False,False
135,LLM,É permitido atribuir pontuação a uma empresa licitante nas licitações de técnica e preço com base na posse de determinados tipos de profissionais em seu quadro permanente?,10,22854,,8.0,0.0,0.014705882352941176,0.014705882352941176,graphrag,2.0,True,True
136,LLM,Um erro material deve levar à desclassificação antecipada da proposta?,1,23590,1.0,4.0,0.01639344262295082,0.015625,0.032018442622950824,ambos,,False,False
136,LLM,Um erro material deve levar à desclassificação antecipada da proposta?,2,40621,2.0,3.0,0.016129032258064516,0.015873015873015872,0.03200204813108039,ambos,,False,False
136,LLM,Um erro material deve levar à desclassificação antecipada da proposta?,3,54797,4.0,2.0,0.015625,0.016129032258064516,0.031754032258064516,ambos,,False,False
136,LLM,Um erro material deve levar à desclassificação antecipada da proposta?,4,17180,10.0,1.0,0.014285714285714285,0.01639344262295082,0.030679156908665108,ambos,,False,False
136,LLM,Um erro material deve levar à desclassificação antecipada da proposta?,5,18309,3.0,8.0,0.015873015873015872,0.014705882352941176,0.03057889822595705,ambos,,False,False
136,LLM,Um erro material deve levar à desclassificação antecipada da proposta?,6,74550,6.0,5.0,0.015151515151515152,0.015384615384615385,0.030536130536130537,ambos,,False,False
136,LLM,Um erro material deve levar à desclassificação antecipada da proposta?,7,17181,9.0,6.0,0.014492753623188406,0.015151515151515152,0.02964426877470356,ambos,,False,False
136,LLM,Um erro material deve levar à desclassificação antecipada da proposta?,8,17963,8.0,10.0,0.014705882352941176,0.014285714285714285,0.028991596638655463,ambos,,False,False
136,LLM,Um erro material deve levar à desclassificação antecipada da proposta?,9,18264,5.0,,0.015384615384615385,0.0,0.015384615384615385,rag,2.0,True,True
136,LLM,Um erro material deve levar à desclassificação antecipada da proposta?,10,20558,7.0,,0.014925373134328358,0.0,0.014925373134328358,rag,,False,False
137,LLM,Há vedação à inclusão de novo documento destinado a atestar condição de habilitação preexistente em sede de diligência?,1,113541,1.0,2.0,0.01639344262295082,0.016129032258064516,0.03252247488101534,ambos,3.0,True,True
137,LLM,Há vedação à inclusão de novo documento destinado a atestar condição de habilitação preexistente em sede de diligência?,2,131507,2.0,1.0,0.016129032258064516,0.01639344262295082,0.03252247488101534,ambos,,False,False
137,LLM,Há vedação à inclusão de novo documento destinado a atestar condição de habilitação preexistente em sede de diligência?,3,102918,4.0,3.0,0.015625,0.015873015873015872,0.03149801587301587,ambos,,False,False
137,LLM,Há vedação à inclusão de novo documento destinado a atestar condição de habilitação preexistente em sede de diligência?,4,131880,3.0,5.0,0.015873015873015872,0.015384615384615385,0.03125763125763126,ambos,3.0,True,True
137,LLM,Há vedação à inclusão de novo documento destinado a atestar condição de habilitação preexistente em sede de diligência?,5,63706,5.0,4.0,0.015384615384615385,0.015625,0.031009615384615385,ambos,,False,False
137,LLM,Há vedação à inclusão de novo documento destinado a atestar condição de habilitação preexistente em sede de diligência?,6,18301,6.0,7.0,0.015151515151515152,0.014925373134328358,0.03007688828584351,ambos,,False,False
137,LLM,Há vedação à inclusão de novo documento destinado a atestar condição de habilitação preexistente em sede de diligência?,7,48260,8.0,6.0,0.014705882352941176,0.015151515151515152,0.029857397504456328,ambos,,False,False
137,LLM,Há vedação à inclusão de novo documento destinado a atestar condição de habilitação preexistente em sede de diligência?,8,17017,7.0,9.0,0.014925373134328358,0.014492753623188406,0.029418126757516764,ambos,,False,False
137,LLM,Há vedação à inclusão de novo documento destinado a atestar condição de habilitação preexistente em sede de diligência?,9,22147,9.0,8.0,0.014492753623188406,0.014705882352941176,0.02919863597612958,ambos,,False,False
137,LLM,Há vedação à inclusão de novo documento destinado a atestar condição de habilitação preexistente em sede de diligência?,10,116113,10.0,,0.014285714285714285,0.0,0.014285714285714285,rag,,False,False
138,LLM,A exigência de comprovação de quantitativos mínimos em obras ou serviços com características semelhantes é legal?,1,22780,1.0,1.0,0.01639344262295082,0.01639344262295082,0.03278688524590164,ambos,3.0,True,True
138,LLM,A exigência de comprovação de quantitativos mínimos em obras ou serviços com características semelhantes é legal?,2,22149,3.0,3.0,0.015873015873015872,0.015873015873015872,0.031746031746031744,ambos,3.0,True,True
138,LLM,A exigência de comprovação de quantitativos mínimos em obras ou serviços com características semelhantes é legal?,3,21939,7.0,2.0,0.014925373134328358,0.016129032258064516,0.031054405392392875,ambos,3.0,True,True
138,LLM,A exigência de comprovação de quantitativos mínimos em obras ou serviços com características semelhantes é legal?,4,128556,9.0,4.0,0.014492753623188406,0.015625,0.030117753623188408,ambos,,False,False
138,LLM,A exigência de comprovação de quantitativos mínimos em obras ou serviços com características semelhantes é legal?,5,111333,6.0,7.0,0.015151515151515152,0.014925373134328358,0.03007688828584351,ambos,,False,False
138,LLM,A exigência de comprovação de quantitativos mínimos em obras ou serviços com características semelhantes é legal?,6,14495,8.0,8.0,0.014705882352941176,0.014705882352941176,0.029411764705882353,ambos,,False,False
138,LLM,A exigência de comprovação de quantitativos mínimos em obras ou serviços com características semelhantes é legal?,7,22144,2.0,,0.016129032258064516,0.0,0.016129032258064516,rag,,False,False
138,LLM,A exigência de comprovação de quantitativos mínimos em obras ou serviços com características semelhantes é legal?,8,21919,4.0,,0.015625,0.0,0.015625,rag,,False,False
138,LLM,A exigência de comprovação de quantitativos mínimos em obras ou serviços com características semelhantes é legal?,9,34242,5.0,,0.015384615384615385,0.0,0.015384615384615385,rag,,False,False
138,LLM,A exigência de comprovação de quantitativos mínimos em obras ou serviços com características semelhantes é legal?,10,80316,,5.0,0.0,0.015384615384615385,0.015384615384615385,graphrag,,False,False
139,LLM,Qual a extensão da sanção de impedimento de licitar e contratar?,1,11624,1.0,1.0,0.01639344262295082,0.01639344262295082,0.03278688524590164,ambos,,False,False
139,LLM,Qual a extensão da sanção de impedimento de licitar e contratar?,2,68667,3.0,2.0,0.015873015873015872,0.016129032258064516,0.03200204813108039,ambos,3.0,True,True
139,LLM,Qual a extensão da sanção de impedimento de licitar e contratar?,3,16918,2.0,8.0,0.016129032258064516,0.014705882352941176,0.030834914611005692,ambos,,False,False
139,LLM,Qual a extensão da sanção de impedimento de licitar e contratar?,4,34773,8.0,3.0,0.014705882352941176,0.015873015873015872,0.03057889822595705,ambos,,False,False
139,LLM,Qual a extensão da sanção de impedimento de licitar e contratar?,5,68687,4.0,7.0,0.015625,0.014925373134328358,0.03055037313432836,ambos,,False,False
139,LLM,Qual a extensão da sanção de impedimento de licitar e contratar?,6,34995,6.0,5.0,0.015151515151515152,0.015384615384615385,0.030536130536130537,ambos,3.0,True,True
139,LLM,Qual a extensão da sanção de impedimento de licitar e contratar?,7,34633,9.0,4.0,0.014492753623188406,0.015625,0.030117753623188408,ambos,,False,False
139,LLM,Qual a extensão da sanção de impedimento de licitar e contratar?,8,11678,5.0,,0.015384615384615385,0.0,0.015384615384615385,rag,,False,False
139,LLM,Qual a extensão da sanção de impedimento de licitar e contratar?,9,34726,,6.0,0.0,0.015151515151515152,0.015151515151515152,graphrag,3.0,True,True
139,LLM,Qual a extensão da sanção de impedimento de licitar e contratar?,10,38824,7.0,,0.014925373134328358,0.0,0.014925373134328358,rag,3.0,True,True
140,LLM,Quais documentos são exigidos para habilitação técnico-operacional em certames de obras e serviços de engenharia?,1,135758,1.0,2.0,0.01639344262295082,0.016129032258064516,0.03252247488101534,ambos,3.0,True,True
140,LLM,Quais documentos são exigidos para habilitação técnico-operacional em certames de obras e serviços de engenharia?,2,79794,2.0,1.0,0.016129032258064516,0.01639344262295082,0.03252247488101534,ambos,3.0,True,True
140,LLM,Quais documentos são exigidos para habilitação técnico-operacional em certames de obras e serviços de engenharia?,3,128212,5.0,3.0,0.015384615384615385,0.015873015873015872,0.03125763125763126,ambos,,False,False
140,LLM,Quais documentos são exigidos para habilitação técnico-operacional em certames de obras e serviços de engenharia?,4,22773,4.0,5.0,0.015625,0.015384615384615385,0.031009615384615385,ambos,,False,False
140,LLM,Quais documentos são exigidos para habilitação técnico-operacional em certames de obras e serviços de engenharia?,5,31672,3.0,8.0,0.015873015873015872,0.014705882352941176,0.03057889822595705,ambos,,False,False
140,LLM,Quais documentos são exigidos para habilitação técnico-operacional em certames de obras e serviços de engenharia?,6,111333,7.0,4.0,0.014925373134328358,0.015625,0.03055037313432836,ambos,,False,False
140,LLM,Quais documentos são exigidos para habilitação técnico-operacional em certames de obras e serviços de engenharia?,7,22779,6.0,7.0,0.015151515151515152,0.014925373134328358,0.03007688828584351,ambos,,False,False
140,LLM,Quais documentos são exigidos para habilitação técnico-operacional em certames de obras e serviços de engenharia?,8,31683,8.0,10.0,0.014705882352941176,0.014285714285714285,0.028991596638655463,ambos,,False,False
140,LLM,Quais documentos são exigidos para habilitação técnico-operacional em certames de obras e serviços de engenharia?,9,59935,,6.0,0.0,0.015151515151515152,0.015151515151515152,graphrag,,False,False
140,LLM,Quais documentos são exigidos para habilitação técnico-operacional em certames de obras e serviços de engenharia?,10,25230,9.0,,0.014492753623188406,0.0,0.014492753623188406,rag,,False,False
141,LLM,Qual a finalidade do controle das autorizações de adesão?,1,14280,1.0,4.0,0.01639344262295082,0.015625,0.032018442622950824,ambos,,False,False
141,LLM,Qual a finalidade do controle das autorizações de adesão?,2,28965,4.0,3.0,0.015625,0.015873015873015872,0.03149801587301587,ambos,,False,False
141,LLM,Qual a finalidade do controle das autorizações de adesão?,3,14254,2.0,7.0,0.016129032258064516,0.014925373134328358,0.031054405392392875,ambos,,False,False
141,LLM,Qual a finalidade do controle das autorizações de adesão?,4,20840,3.0,6.0,0.015873015873015872,0.015151515151515152,0.031024531024531024,ambos,,False,False
141,LLM,Qual a finalidade do controle das autorizações de adesão?,5,29414,9.0,1.0,0.014492753623188406,0.01639344262295082,0.030886196246139225,ambos,,False,False
141,LLM,Qual a finalidade do controle das autorizações de adesão?,6,77927,8.0,2.0,0.014705882352941176,0.016129032258064516,0.030834914611005692,ambos,,False,False
141,LLM,Qual a finalidade do controle das autorizações de adesão?,7,42169,6.0,8.0,0.015151515151515152,0.014705882352941176,0.029857397504456328,ambos,,False,False
141,LLM,Qual a finalidade do controle das autorizações de adesão?,8,31368,5.0,,0.015384615384615385,0.0,0.015384615384615385,rag,,False,False
141,LLM,Qual a finalidade do controle das autorizações de adesão?,9,31482,,5.0,0.0,0.015384615384615385,0.015384615384615385,graphrag,,False,False
141,LLM,Qual a finalidade do controle das autorizações de adesão?,10,14917,7.0,,0.014925373134328358,0.0,0.014925373134328358,rag,,False,False
142,LLM,Em que situações a apresentação do alvará de funcionamento é permitida na habilitação jurídica?,1,40328,1.0,1.0,0.01639344262295082,0.01639344262295082,0.03278688524590164,ambos,3.0,True,True
142,LLM,Em que situações a apresentação do alvará de funcionamento é permitida na habilitação jurídica?,2,45379,2.0,2.0,0.016129032258064516,0.016129032258064516,0.03225806451612903,ambos,3.0,True,True
142,LLM,Em que situações a apresentação do alvará de funcionamento é permitida na habilitação jurídica?,3,131507,3.0,3.0,0.015873015873015872,0.015873015873015872,0.031746031746031744,ambos,,False,False
142,LLM,Em que situações a apresentação do alvará de funcionamento é permitida na habilitação jurídica?,4,21908,4.0,4.0,0.015625,0.015625,0.03125,ambos,,False,False
142,LLM,Em que situações a apresentação do alvará de funcionamento é permitida na habilitação jurídica?,5,22773,6.0,8.0,0.015151515151515152,0.014705882352941176,0.029857397504456328,ambos,,False,False
142,LLM,Em que situações a apresentação do alvará de funcionamento é permitida na habilitação jurídica?,6,128212,7.0,7.0,0.014925373134328358,0.014925373134328358,0.029850746268656716,ambos,,False,False
142,LLM,Em que situações a apresentação do alvará de funcionamento é permitida na habilitação jurídica?,7,31357,5.0,10.0,0.015384615384615385,0.014285714285714285,0.02967032967032967,ambos,,False,False
142,LLM,Em que situações a apresentação do alvará de funcionamento é permitida na habilitação jurídica?,8,113541,10.0,5.0,0.014285714285714285,0.015384615384615385,0.02967032967032967,ambos,,False,False
142,LLM,Em que situações a apresentação do alvará de funcionamento é permitida na habilitação jurídica?,9,22833,9.0,6.0,0.014492753623188406,0.015151515151515152,0.02964426877470356,ambos,,False,False
142,LLM,Em que situações a apresentação do alvará de funcionamento é permitida na habilitação jurídica?,10,65447,8.0,,0.014705882352941176,0.0,0.014705882352941176,rag,,False,False
143,LLM,É permitida a acumulação do cargo de secretário municipal com o cargo de professor?,1,20797,1.0,1.0,0.01639344262295082,0.01639344262295082,0.03278688524590164,ambos,3.0,True,True
143,LLM,É permitida a acumulação do cargo de secretário municipal com o cargo de professor?,2,19506,2.0,2.0,0.016129032258064516,0.016129032258064516,0.03225806451612903,ambos,2.0,True,True
143,LLM,É permitida a acumulação do cargo de secretário municipal com o cargo de professor?,3,147869,4.0,3.0,0.015625,0.015873015873015872,0.03149801587301587,ambos,,False,False
143,LLM,É permitida a acumulação do cargo de secretário municipal com o cargo de professor?,4,19553,5.0,5.0,0.015384615384615385,0.015384615384615385,0.03076923076923077,ambos,2.0,True,True
143,LLM,É permitida a acumulação do cargo de secretário municipal com o cargo de professor?,5,19582,6.0,6.0,0.015151515151515152,0.015151515151515152,0.030303030303030304,ambos,,False,False
143,LLM,É permitida a acumulação do cargo de secretário municipal com o cargo de professor?,6,33448,10.0,4.0,0.014285714285714285,0.015625,0.029910714285714284,ambos,,False,False
143,LLM,É permitida a acumulação do cargo de secretário municipal com o cargo de professor?,7,59282,8.0,9.0,0.014705882352941176,0.014492753623188406,0.02919863597612958,ambos,,False,False
143,LLM,É permitida a acumulação do cargo de secretário municipal com o cargo de professor?,8,19521,3.0,,0.015873015873015872,0.0,0.015873015873015872,rag,,False,False
143,LLM,É permitida a acumulação do cargo de secretário municipal com o cargo de professor?,9,33618,7.0,,0.014925373134328358,0.0,0.014925373134328358,rag,,False,False
143,LLM,É permitida a acumulação do cargo de secretário municipal com o cargo de professor?,10,19539,,7.0,0.0,0.014925373134328358,0.014925373134328358,graphrag,2.0,True,True
144,LLM,A prescrição da pretensão punitiva do TCU afeta o julgamento das contas?,1,138140,2.0,1.0,0.016129032258064516,0.01639344262295082,0.03252247488101534,ambos,,False,False
144,LLM,A prescrição da pretensão punitiva do TCU afeta o julgamento das contas?,2,11469,3.0,2.0,0.015873015873015872,0.016129032258064516,0.03200204813108039,ambos,,False,False
144,LLM,A prescrição da pretensão punitiva do TCU afeta o julgamento das contas?,3,40133,1.0,7.0,0.01639344262295082,0.014925373134328358,0.03131881575727918,ambos,,False,False
144,LLM,A prescrição da pretensão punitiva do TCU afeta o julgamento das contas?,4,37772,5.0,3.0,0.015384615384615385,0.015873015873015872,0.03125763125763126,ambos,,False,False
144,LLM,A prescrição da pretensão punitiva do TCU afeta o julgamento das contas?,5,87667,7.0,4.0,0.014925373134328358,0.015625,0.03055037313432836,ambos,,False,False
144,LLM,A prescrição da pretensão punitiva do TCU afeta o julgamento das contas?,6,135564,4.0,9.0,0.015625,0.014492753623188406,0.030117753623188408,ambos,3.0,True,True
144,LLM,A prescrição da pretensão punitiva do TCU afeta o julgamento das contas?,7,26480,8.0,5.0,0.014705882352941176,0.015384615384615385,0.030090497737556562,ambos,,False,False
144,LLM,A prescrição da pretensão punitiva do TCU afeta o julgamento das contas?,8,54235,6.0,,0.015151515151515152,0.0,0.015151515151515152,rag,3.0,True,True
144,LLM,A prescrição da pretensão punitiva do TCU afeta o julgamento das contas?,9,26585,,6.0,0.0,0.015151515151515152,0.015151515151515152,graphrag,,False,False
144,LLM,A prescrição da pretensão punitiva do TCU afeta o julgamento das contas?,10,26553,,8.0,0.0,0.014705882352941176,0.014705882352941176,graphrag,,False,False
145,LLM,O Banco de Preços em Saúde é uma referência de preços válida para a aquisição de medicamentos?,1,20581,1.0,2.0,0.01639344262295082,0.016129032258064516,0.03252247488101534,ambos,3.0,True,True
145,LLM,O Banco de Preços em Saúde é uma referência de preços válida para a aquisição de medicamentos?,2,86727,2.0,1.0,0.016129032258064516,0.01639344262295082,0.03252247488101534,ambos,3.0,True,True
145,LLM,O Banco de Preços em Saúde é uma referência de preços válida para a aquisição de medicamentos?,3,61975,3.0,4.0,0.015873015873015872,0.015625,0.03149801587301587,ambos,3.0,True,True
145,LLM,O Banco de Preços em Saúde é uma referência de preços válida para a aquisição de medicamentos?,4,85914,6.0,3.0,0.015151515151515152,0.015873015873015872,0.031024531024531024,ambos,3.0,True,True
145,LLM,O Banco de Preços em Saúde é uma referência de preços válida para a aquisição de medicamentos?,5,27209,4.0,5.0,0.015625,0.015384615384615385,0.031009615384615385,ambos,3.0,True,True
145,LLM,O Banco de Preços em Saúde é uma referência de preços válida para a aquisição de medicamentos?,6,28030,5.0,6.0,0.015384615384615385,0.015151515151515152,0.030536130536130537,ambos,1.0,True,True
145,LLM,O Banco de Preços em Saúde é uma referência de preços válida para a aquisição de medicamentos?,7,21291,7.0,8.0,0.014925373134328358,0.014705882352941176,0.029631255487269532,ambos,,False,False
145,LLM,O Banco de Preços em Saúde é uma referência de preços válida para a aquisição de medicamentos?,8,43507,9.0,9.0,0.014492753623188406,0.014492753623188406,0.028985507246376812,ambos,3.0,True,True
145,LLM,O Banco de Preços em Saúde é uma referência de preços válida para a aquisição de medicamentos?,9,17306,,7.0,0.0,0.014925373134328358,0.014925373134328358,graphrag,3.0,True,True
145,LLM,O Banco de Preços em Saúde é uma referência de preços válida para a aquisição de medicamentos?,10,147560,8.0,,0.014705882352941176,0.0,0.014705882352941176,rag,,False,False
146,LLM,É possível a inclusão de serviços já previstos no edital em uma alteração contratual,1,18057,1.0,8.0,0.01639344262295082,0.014705882352941176,0.031099324975891997,ambos,,False,False
146,LLM,É possível a inclusão de serviços já previstos no edital em uma alteração contratual,2,81554,8.0,1.0,0.014705882352941176,0.01639344262295082,0.031099324975891997,ambos,,False,False
146,LLM,É possível a inclusão de serviços já previstos no edital em uma alteração contratual,3,20512,7.0,3.0,0.014925373134328358,0.015873015873015872,0.030798389007344232,ambos,,False,False
146,LLM,É possível a inclusão de serviços já previstos no edital em uma alteração contratual,4,18367,6.0,4.0,0.015151515151515152,0.015625,0.030776515151515152,ambos,,False,False
146,LLM,É possível a inclusão de serviços já previstos no edital em uma alteração contratual,5,83622,2.0,9.0,0.016129032258064516,0.014492753623188406,0.030621785881252923,ambos,,False,False
146,LLM,É possível a inclusão de serviços já previstos no edital em uma alteração contratual,6,34197,4.0,7.0,0.015625,0.014925373134328358,0.03055037313432836,ambos,,False,False
146,LLM,É possível a inclusão de serviços já previstos no edital em uma alteração contratual,7,17331,10.0,2.0,0.014285714285714285,0.016129032258064516,0.0304147465437788,ambos,,False,False
146,LLM,É possível a inclusão de serviços já previstos no edital em uma alteração contratual,8,21227,3.0,,0.015873015873015872,0.0,0.015873015873015872,rag,,False,False
146,LLM,É possível a inclusão de serviços já previstos no edital em uma alteração contratual,9,34130,5.0,,0.015384615384615385,0.0,0.015384615384615385,rag,,False,False
146,LLM,É possível a inclusão de serviços já previstos no edital em uma alteração contratual,10,20511,,5.0,0.0,0.015384615384615385,0.015384615384615385,graphrag,2.0,True,True
147,LLM,O princípio da legalidade estrita pode ser afastado em favor de outros princípios no procedimento licitatório?,1,26915,1.0,1.0,0.01639344262295082,0.01639344262295082,0.03278688524590164,ambos,,False,False
147,LLM,O princípio da legalidade estrita pode ser afastado em favor de outros princípios no procedimento licitatório?,2,452,2.0,4.0,0.016129032258064516,0.015625,0.031754032258064516,ambos,3.0,True,True
147,LLM,O princípio da legalidade estrita pode ser afastado em favor de outros princípios no procedimento licitatório?,3,68513,4.0,2.0,0.015625,0.016129032258064516,0.031754032258064516,ambos,,False,False
147,LLM,O princípio da legalidade estrita pode ser afastado em favor de outros princípios no procedimento licitatório?,4,33040,6.0,3.0,0.015151515151515152,0.015873015873015872,0.031024531024531024,ambos,,False,False
147,LLM,O princípio da legalidade estrita pode ser afastado em favor de outros princípios no procedimento licitatório?,5,20859,3.0,9.0,0.015873015873015872,0.014492753623188406,0.03036576949620428,ambos,,False,False
147,LLM,O princípio da legalidade estrita pode ser afastado em favor de outros princípios no procedimento licitatório?,6,39805,5.0,7.0,0.015384615384615385,0.014925373134328358,0.030309988518943745,ambos,,False,False
147,LLM,O princípio da legalidade estrita pode ser afastado em favor de outros princípios no procedimento licitatório?,7,143281,7.0,5.0,0.014925373134328358,0.015384615384615385,0.030309988518943745,ambos,,False,False
147,LLM,O princípio da legalidade estrita pode ser afastado em favor de outros princípios no procedimento licitatório?,8,20551,10.0,6.0,0.014285714285714285,0.015151515151515152,0.029437229437229435,ambos,,False,False
147,LLM,O princípio da legalidade estrita pode ser afastado em favor de outros princípios no procedimento licitatório?,9,31619,9.0,8.0,0.014492753623188406,0.014705882352941176,0.02919863597612958,ambos,,False,False
147,LLM,O princípio da legalidade estrita pode ser afastado em favor de outros princípios no procedimento licitatório?,10,12037,8.0,,0.014705882352941176,0.0,0.014705882352941176,rag,,False,False
148,LLM,Quais fontes devem ser prioritárias na pesquisa de preços para a renovação do contrato de serviços de natureza continuada?,1,20532,4.0,1.0,0.015625,0.01639344262295082,0.032018442622950824,ambos,,False,False
148,LLM,Quais fontes devem ser prioritárias na pesquisa de preços para a renovação do contrato de serviços de natureza continuada?,2,43880,3.0,2.0,0.015873015873015872,0.016129032258064516,0.03200204813108039,ambos,3.0,True,True
148,LLM,Quais fontes devem ser prioritárias na pesquisa de preços para a renovação do contrato de serviços de natureza continuada?,3,43879,1.0,6.0,0.01639344262295082,0.015151515151515152,0.031544957774465976,ambos,,False,False
148,LLM,Quais fontes devem ser prioritárias na pesquisa de preços para a renovação do contrato de serviços de natureza continuada?,4,142364,7.0,4.0,0.014925373134328358,0.015625,0.03055037313432836,ambos,,False,False
148,LLM,Quais fontes devem ser prioritárias na pesquisa de preços para a renovação do contrato de serviços de natureza continuada?,5,17124,5.0,7.0,0.015384615384615385,0.014925373134328358,0.030309988518943745,ambos,2.0,True,True
148,LLM,Quais fontes devem ser prioritárias na pesquisa de preços para a renovação do contrato de serviços de natureza continuada?,6,139562,10.0,3.0,0.014285714285714285,0.015873015873015872,0.030158730158730156,ambos,2.0,True,True
148,LLM,Quais fontes devem ser prioritárias na pesquisa de preços para a renovação do contrato de serviços de natureza continuada?,7,18410,8.0,9.0,0.014705882352941176,0.014492753623188406,0.02919863597612958,ambos,2.0,True,True
148,LLM,Quais fontes devem ser prioritárias na pesquisa de preços para a renovação do contrato de serviços de natureza continuada?,8,151614,2.0,,0.016129032258064516,0.0,0.016129032258064516,rag,,False,False
148,LLM,Quais fontes devem ser prioritárias na pesquisa de preços para a renovação do contrato de serviços de natureza continuada?,9,117370,,5.0,0.0,0.015384615384615385,0.015384615384615385,graphrag,2.0,True,True
148,LLM,Quais fontes devem ser prioritárias na pesquisa de preços para a renovação do contrato de serviços de natureza continuada?,10,17112,6.0,,0.015151515151515152,0.0,0.015151515151515152,rag,,False,False
149,LLM,Devem ser aceitas nas contratações de software as cartas de exclusividade emitidas pelos próprios fabricantes?,1,64928,1.0,1.0,0.01639344262295082,0.01639344262295082,0.03278688524590164,ambos,3.0,True,True
149,LLM,Devem ser aceitas nas contratações de software as cartas de exclusividade emitidas pelos próprios fabricantes?,2,32920,6.0,2.0,0.015151515151515152,0.016129032258064516,0.03128054740957967,ambos,3.0,True,True
149,LLM,Devem ser aceitas nas contratações de software as cartas de exclusividade emitidas pelos próprios fabricantes?,3,34143,2.0,9.0,0.016129032258064516,0.014492753623188406,0.030621785881252923,ambos,1.0,True,True
149,LLM,Devem ser aceitas nas contratações de software as cartas de exclusividade emitidas pelos próprios fabricantes?,4,129558,4.0,7.0,0.015625,0.014925373134328358,0.03055037313432836,ambos,,False,False
149,LLM,Devem ser aceitas nas contratações de software as cartas de exclusividade emitidas pelos próprios fabricantes?,5,17353,7.0,4.0,0.014925373134328358,0.015625,0.03055037313432836,ambos,,False,False
149,LLM,Devem ser aceitas nas contratações de software as cartas de exclusividade emitidas pelos próprios fabricantes?,6,34108,10.0,3.0,0.014285714285714285,0.015873015873015872,0.030158730158730156,ambos,3.0,True,True
149,LLM,Devem ser aceitas nas contratações de software as cartas de exclusividade emitidas pelos próprios fabricantes?,7,31714,3.0,,0.015873015873015872,0.0,0.015873015873015872,rag,1.0,True,True
149,LLM,Devem ser aceitas nas contratações de software as cartas de exclusividade emitidas pelos próprios fabricantes?,8,21929,5.0,,0.015384615384615385,0.0,0.015384615384615385,rag,,False,False
149,LLM,Devem ser aceitas nas contratações de software as cartas de exclusividade emitidas pelos próprios fabricantes?,9,17291,,5.0,0.0,0.015384615384615385,0.015384615384615385,graphrag,,False,False
149,LLM,Devem ser aceitas nas contratações de software as cartas de exclusividade emitidas pelos próprios fabricantes?,10,76208,,6.0,0.0,0.015151515151515152,0.015151515151515152,graphrag,,False,False
150,LLM,Qual é a regra geral para a contratação de entidade para prestação de serviços de assistência médica a servidores?,1,16358,1.0,2.0,0.01639344262295082,0.016129032258064516,0.03252247488101534,ambos,,False,False
150,LLM,Qual é a regra geral para a contratação de entidade para prestação de serviços de assistência médica a servidores?,2,91254,3.0,1.0,0.015873015873015872,0.01639344262295082,0.032266458495966696,ambos,,False,False
150,LLM,Qual é a regra geral para a contratação de entidade para prestação de serviços de assistência médica a servidores?,3,39040,6.0,3.0,0.015151515151515152,0.015873015873015872,0.031024531024531024,ambos,2.0,True,True
150,LLM,Qual é a regra geral para a contratação de entidade para prestação de serviços de assistência médica a servidores?,4,17892,4.0,5.0,0.015625,0.015384615384615385,0.031009615384615385,ambos,3.0,True,True
150,LLM,Qual é a regra geral para a contratação de entidade para prestação de serviços de assistência médica a servidores?,5,34219,5.0,6.0,0.015384615384615385,0.015151515151515152,0.030536130536130537,ambos,2.0,True,True
150,LLM,Qual é a regra geral para a contratação de entidade para prestação de serviços de assistência médica a servidores?,6,34244,9.0,4.0,0.014492753623188406,0.015625,0.030117753623188408,ambos,,False,False
150,LLM,Qual é a regra geral para a contratação de entidade para prestação de serviços de assistência médica a servidores?,7,39043,7.0,7.0,0.014925373134328358,0.014925373134328358,0.029850746268656716,ambos,3.0,True,True
150,LLM,Qual é a regra geral para a contratação de entidade para prestação de serviços de assistência médica a servidores?,8,18234,10.0,8.0,0.014285714285714285,0.014705882352941176,0.028991596638655463,ambos,3.0,True,True
150,LLM,Qual é a regra geral para a contratação de entidade para prestação de serviços de assistência médica a servidores?,9,31790,2.0,,0.016129032258064516,0.0,0.016129032258064516,rag,,False,False
150,LLM,Qual é a regra geral para a contratação de entidade para prestação de serviços de assistência médica a servidores?,10,54874,8.0,,0.014705882352941176,0.0,0.014705882352941176,rag,,False,False
