query_id,source,pergunta,rank_final,doc_id,qrel_score,julgado,relevante_binario,score_final_rrf,rank_semantico,score_semantico,rank_grafo,score_grafo,rrf_semantico,rrf_grafo,era_semente
1,search log,técnica e preço,1,20506,3.0,True,True,0.032266458495966696,3,0.8531661033630371,1,68.85646263269813,0.015873015873015872,0.01639344262295082,True
1,search log,técnica e preço,2,20970,,False,False,0.031009615384615385,5,0.8487247228622437,4,60.20382754806927,0.015384615384615385,0.015625,True
1,search log,técnica e preço,3,21207,,False,False,0.030798389007344232,7,0.8473246693611145,3,60.26367396370318,0.014925373134328358,0.015873015873015872,True
1,search log,técnica e preço,4,33887,,False,False,0.030621785881252923,2,0.8562682867050171,9,58.99309300809549,0.016129032258064516,0.014492753623188406,True
1,search log,técnica e preço,5,20584,,False,False,0.029551337359792925,1,0.859291672706604,16,54.69492862327686,0.01639344262295082,0.013157894736842105,True
1,search log,técnica e preço,6,31526,,False,False,0.028665028665028666,6,0.8482502698898315,14,58.263982583995784,0.015151515151515152,0.013513513513513514,True
1,search log,técnica e preço,7,21064,3.0,True,True,0.02606951871657754,8,0.8472214937210083,28,52.271811019311734,0.014705882352941176,0.011363636363636364,True
1,search log,técnica e preço,8,21285,,False,False,0.02501906941266209,9,0.8470193147659302,35,50.31352946592411,0.014492753623188406,0.010526315789473684,True
1,search log,técnica e preço,9,31594,,False,False,0.024562989752863168,19,0.8444180488586426,24,53.1946615970459,0.012658227848101266,0.011904761904761904,False
1,search log,técnica e preço,10,20869,,False,False,0.02408008658008658,52,0.8388099670410156,6,59.97384532098915,0.008928571428571428,0.015151515151515152,False
2,search log,restos a pagar,1,32869,,False,False,0.032266458495966696,3,0.8476554155349731,1,43.71184987685022,0.015873015873015872,0.01639344262295082,True
2,search log,restos a pagar,2,17289,2.0,True,True,0.032018442622950824,1,0.8557023406028748,4,32.318025194805635,0.01639344262295082,0.015625,True
2,search log,restos a pagar,3,19084,,False,False,0.031754032258064516,4,0.8410590887069702,2,41.05147330156209,0.015625,0.016129032258064516,True
2,search log,restos a pagar,4,18432,,False,False,0.0304147465437788,2,0.8513714075088501,10,16.883311879028476,0.016129032258064516,0.014285714285714285,True
2,search log,restos a pagar,5,52046,,False,False,0.029857397504456328,6,0.8380286693572998,8,24.64414015297397,0.015151515151515152,0.014705882352941176,True
2,search log,restos a pagar,6,18452,2.0,True,True,0.02967032967032967,10,0.8343876600265503,5,29.853661400674408,0.014285714285714285,0.015384615384615385,True
2,search log,restos a pagar,7,77959,3.0,True,True,0.029571646010002173,13,0.833724856376648,3,33.550910487944456,0.0136986301369863,0.015873015873015872,False
2,search log,restos a pagar,8,43657,,False,False,0.02871794871794872,5,0.8380401730537415,15,12.708510019375103,0.015384615384615385,0.013333333333333334,True
2,search log,restos a pagar,9,19664,,False,False,0.028594771241830064,8,0.8356012105941772,12,14.22390749429144,0.014705882352941176,0.013888888888888888,True
2,search log,restos a pagar,10,91275,,False,False,0.02819138376017471,9,0.8350058197975159,13,12.786595878349962,0.014492753623188406,0.0136986301369863,True
3,search log,aditivo a contrato,1,17225,2.0,True,True,0.032266458495966696,1,0.8855950236320496,3,60.70575858367419,0.01639344262295082,0.015873015873015872,True
3,search log,aditivo a contrato,2,17226,,False,False,0.031099324975891997,8,0.8634606599807739,1,63.00462151195717,0.014705882352941176,0.01639344262295082,True
3,search log,aditivo a contrato,3,20512,,False,False,0.031009615384615385,5,0.8676761388778687,4,55.20603179104776,0.015384615384615385,0.015625,True
3,search log,aditivo a contrato,4,81554,,False,False,0.02964426877470356,9,0.8622667789459229,6,54.499834751594626,0.014492753623188406,0.015151515151515152,True
3,search log,aditivo a contrato,5,81314,,False,False,0.02928692699490662,16,0.8594757914543152,2,61.715197704648794,0.013157894736842105,0.016129032258064516,False
3,search log,aditivo a contrato,6,18057,,False,False,0.029206349206349208,3,0.8715072870254517,15,49.79864329703312,0.015873015873015872,0.013333333333333334,True
3,search log,aditivo a contrato,7,118408,,False,False,0.028665028665028666,6,0.8657266497612,14,50.631995521689355,0.015151515151515152,0.013513513513513514,True
3,search log,aditivo a contrato,8,31123,,False,False,0.027529761904761904,4,0.8680199980735779,24,40.81426701625723,0.015625,0.011904761904761904,True
3,search log,aditivo a contrato,9,21089,,False,False,0.027212143650499815,14,0.8613824248313904,13,52.14435039450432,0.013513513513513514,0.0136986301369863,False
3,search log,aditivo a contrato,10,20511,3.0,True,True,0.026470588235294117,25,0.8573184013366699,8,53.9007768686665,0.011764705882352941,0.014705882352941176,False
4,search log,adesão a ata de registro de preços,1,16981,3.0,True,True,0.03200204813108039,2,0.8887243866920471,3,44.979007710740426,0.016129032258064516,0.015873015873015872,True
4,search log,adesão a ata de registro de preços,2,20860,,False,False,0.03128054740957967,6,0.8782667517662048,2,45.46708220457541,0.015151515151515152,0.016129032258064516,True
4,search log,adesão a ata de registro de preços,3,20840,,False,False,0.030886196246139225,1,0.8963577747344971,9,42.61779380340894,0.01639344262295082,0.014492753623188406,True
4,search log,adesão a ata de registro de preços,4,52275,,False,False,0.03007688828584351,7,0.8741773366928101,6,43.49766591155352,0.014925373134328358,0.015151515151515152,True
4,search log,adesão a ata de registro de preços,5,42169,,False,False,0.028991596638655463,10,0.8715865612030029,8,42.639201273708025,0.014285714285714285,0.014705882352941176,True
4,search log,adesão a ata de registro de preços,6,50537,3.0,True,True,0.02871794871794872,15,0.8677307963371277,5,43.921806945629974,0.013333333333333334,0.015384615384615385,False
4,search log,adesão a ata de registro de preços,7,62306,3.0,True,True,0.028531243721117136,3,0.8834967613220215,19,38.02211185645202,0.015873015873015872,0.012658227848101266,True
4,search log,adesão a ata de registro de preços,8,45015,3.0,True,True,0.02803921568627451,8,0.8740243315696716,15,38.84474638123964,0.014705882352941176,0.013333333333333334,True
4,search log,adesão a ata de registro de preços,9,49694,,False,False,0.027242401779095628,11,0.8705807328224182,16,38.22148415976843,0.014084507042253521,0.013157894736842105,False
4,search log,adesão a ata de registro de preços,10,20841,,False,False,0.026736111111111113,30,0.8634704351425171,4,44.900169908220946,0.011111111111111112,0.015625,False
5,search log,sobrepreço e superfaturamento,1,53003,3.0,True,True,0.032266458495966696,3,0.8617310523986816,1,56.06001462576522,0.015873015873015872,0.01639344262295082,True
5,search log,sobrepreço e superfaturamento,2,23515,,False,False,0.031024531024531024,6,0.8575756549835205,3,50.65620881793369,0.015151515151515152,0.015873015873015872,True
5,search log,sobrepreço e superfaturamento,3,21100,,False,False,0.030309988518943745,7,0.857322096824646,5,46.21241608175341,0.014925373134328358,0.015384615384615385,True
5,search log,sobrepreço e superfaturamento,4,21172,3.0,True,True,0.030117753623188408,9,0.8562406301498413,4,48.31506899697828,0.014492753623188406,0.015625,True
5,search log,sobrepreço e superfaturamento,5,20990,,False,False,0.028782894736842105,4,0.8580630421638489,16,41.16718742516882,0.015625,0.013157894736842105,True
5,search log,sobrepreço e superfaturamento,6,31126,,False,False,0.02699859747545582,2,0.8652912378311157,32,36.90682830347551,0.016129032258064516,0.010869565217391304,True
5,search log,sobrepreço e superfaturamento,7,32637,,False,False,0.0261986301369863,13,0.8541304469108582,20,40.06621370786772,0.0136986301369863,0.0125,False
5,search log,sobrepreço e superfaturamento,8,9527,,False,False,0.02459499263622975,37,0.8493335843086243,10,43.60842645768066,0.010309278350515464,0.014285714285714285,False
5,search log,sobrepreço e superfaturamento,9,16262,,False,False,0.024085750315258513,1,0.8687236309051514,70,28.597841423534447,0.01639344262295082,0.007692307692307693,True
5,search log,sobrepreço e superfaturamento,10,34100,,False,False,0.023859649122807018,35,0.849908173084259,15,41.786831352303295,0.010526315789473684,0.013333333333333334,False
6,search log,restrição a competitividade,1,17943,,False,False,0.031544957774465976,6,0.8550825119018555,1,38.92303357163759,0.015151515151515152,0.01639344262295082,True
6,search log,restrição a competitividade,2,17372,3.0,True,True,0.029957522915269395,3,0.8580522537231445,11,26.564325535002716,0.015873015873015872,0.014084507042253521,True
6,search log,restrição a competitividade,3,20853,,False,False,0.029418126757516764,7,0.8550525307655334,9,27.93392451742313,0.014925373134328358,0.014492753623188406,True
6,search log,restrição a competitividade,4,21888,,False,False,0.029411764705882353,8,0.8546069264411926,8,27.98217725710776,0.014705882352941176,0.014705882352941176,True
6,search log,restrição a competitividade,5,18286,,False,False,0.028949545078577336,18,0.8466452956199646,2,34.76262158632363,0.01282051282051282,0.016129032258064516,False
6,search log,restrição a competitividade,6,18259,,False,False,0.02761904761904762,15,0.8481106758117676,10,27.307538873908342,0.013333333333333334,0.014285714285714285,False
6,search log,restrição a competitividade,7,16409,,False,False,0.026190476190476188,10,0.8521826863288879,24,24.594415146160003,0.014285714285714285,0.011904761904761904,True
6,search log,restrição a competitividade,8,17917,,False,False,0.025567754549556326,1,0.8705835938453674,49,21.53065884207406,0.01639344262295082,0.009174311926605505,True
6,search log,restrição a competitividade,9,28863,,False,False,0.024172008547008548,4,0.8568308353424072,57,15.285102676860648,0.015625,0.008547008547008548,True
6,search log,restrição a competitividade,10,17391,,False,False,0.023536439665471923,2,0.8633589744567871,75,12.444927840657042,0.016129032258064516,0.007407407407407408,True
7,search log,acréscimos e supressões,1,49135,,False,False,0.032018442622950824,1,0.8499391078948975,4,110.7979339878341,0.01639344262295082,0.015625,True
7,search log,acréscimos e supressões,2,18019,,False,False,0.03128054740957967,2,0.8465687036514282,6,108.29307797049019,0.016129032258064516,0.015151515151515152,True
7,search log,acréscimos e supressões,3,17090,,False,False,0.031099324975891997,8,0.8396624326705933,1,112.45778402969891,0.014705882352941176,0.01639344262295082,True
7,search log,acréscimos e supressões,4,17249,,False,False,0.030158730158730156,10,0.8388298749923706,3,110.90697044590824,0.014285714285714285,0.015873015873015872,True
7,search log,acréscimos e supressões,5,18359,3.0,True,True,0.029631255487269532,7,0.8427873849868774,8,108.2471607114042,0.014925373134328358,0.014705882352941176,True
7,search log,acréscimos e supressões,6,18936,,False,False,0.029437229437229435,6,0.8428128957748413,10,107.04525940477484,0.015151515151515152,0.014285714285714285,True
7,search log,acréscimos e supressões,7,18018,,False,False,0.028177225029148854,23,0.8309544920921326,2,111.82278101282529,0.012048192771084338,0.016129032258064516,False
7,search log,acréscimos e supressões,8,17022,3.0,True,True,0.026878868258178604,5,0.8448938131332397,27,88.67702133299564,0.015384615384615385,0.011494252873563218,True
7,search log,acréscimos e supressões,9,17209,,False,False,0.02658450704225352,11,0.8372615575790405,20,97.2713671659715,0.014084507042253521,0.0125,False
7,search log,acréscimos e supressões,10,11604,,False,False,0.025873015873015874,3,0.8450611233711243,40,53.71805226547989,0.015873015873015872,0.01,True
8,search log,obras e serviços de engenharia,1,31633,,False,False,0.03131881575727918,7,0.852270245552063,1,36.95617781130866,0.014925373134328358,0.01639344262295082,True
8,search log,obras e serviços de engenharia,2,31612,,False,False,0.031054405392392875,2,0.8571498394012451,7,32.21881960929838,0.016129032258064516,0.014925373134328358,True
8,search log,obras e serviços de engenharia,3,31531,,False,False,0.030886196246139225,1,0.864473819732666,9,28.324439354079782,0.01639344262295082,0.014492753623188406,True
8,search log,obras e serviços de engenharia,4,189,,False,False,0.029411764705882353,8,0.8521003127098083,8,32.05305700415221,0.014705882352941176,0.014705882352941176,True
8,search log,obras e serviços de engenharia,5,11626,,False,False,0.02797067901234568,4,0.8532622456550598,21,23.991649746207536,0.015625,0.012345679012345678,True
8,search log,obras e serviços de engenharia,6,40157,,False,False,0.026190476190476188,10,0.8509052991867065,24,22.242398460258457,0.014285714285714285,0.011904761904761904,True
8,search log,obras e serviços de engenharia,7,135712,3.0,True,True,0.025856389986824768,9,0.852032482624054,28,20.943128097831046,0.014492753623188406,0.011363636363636364,True
8,search log,obras e serviços de engenharia,8,11659,,False,False,0.023690078037904124,32,0.8451356887817383,18,25.45845180698679,0.010869565217391304,0.01282051282051282,False
8,search log,obras e serviços de engenharia,9,20577,,False,False,0.02194298574643661,112,0.8377578854560852,2,35.54336876036658,0.005813953488372093,0.016129032258064516,False
8,search log,obras e serviços de engenharia,10,11653,,False,False,0.021603128054740958,6,0.8523679375648499,95,14.735770677076165,0.015151515151515152,0.0064516129032258064,True
9,search log,fiscalizacao de contratos,1,18375,,False,False,0.03200204813108039,3,0.8730506896972656,2,52.98067071148476,0.015873015873015872,0.016129032258064516,True
9,search log,fiscalizacao de contratos,2,53626,,False,False,0.030776515151515152,6,0.8699788451194763,4,48.29216362805994,0.015151515151515152,0.015625,True
9,search log,fiscalizacao de contratos,3,32641,,False,False,0.030776515151515152,4,0.8719198107719421,6,44.59490393954129,0.015625,0.015151515151515152,True
9,search log,fiscalizacao de contratos,4,33812,,False,False,0.03076923076923077,5,0.8705883026123047,5,47.855487030547955,0.015384615384615385,0.015384615384615385,True
9,search log,fiscalizacao de contratos,5,21109,,False,False,0.03036576949620428,9,0.8682714700698853,3,51.31412011424594,0.014492753623188406,0.015873015873015872,True
9,search log,fiscalizacao de contratos,6,21114,,False,False,0.02964254577157803,2,0.8766770362854004,14,37.5327495218752,0.016129032258064516,0.013513513513513514,True
9,search log,fiscalizacao de contratos,7,53417,,False,False,0.02786377708978328,8,0.8688833713531494,16,36.735043507374044,0.014705882352941176,0.013157894736842105,True
9,search log,fiscalizacao de contratos,8,18341,,False,False,0.02750455373406193,1,0.8791123628616333,30,25.436680703895433,0.01639344262295082,0.011111111111111112,True
9,search log,fiscalizacao de contratos,9,83623,,False,False,0.025563671006668783,7,0.8695498108863831,34,18.61306832632205,0.014925373134328358,0.010638297872340425,True
9,search log,fiscalizacao de contratos,10,21113,,False,False,0.02546333601933924,13,0.8644852042198181,25,30.59664206150595,0.0136986301369863,0.011764705882352941,False
10,search log,diarias e passagens,1,30086,3.0,True,True,0.032266458495966696,3,0.8463040590286255,1,58.00269362732328,0.015873015873015872,0.01639344262295082,True
10,search log,diarias e passagens,2,32385,3.0,True,True,0.032018442622950824,1,0.8601399660110474,4,54.731826768858014,0.01639344262295082,0.015625,True
10,search log,diarias e passagens,3,30370,,False,False,0.030834914611005692,8,0.8408215641975403,2,57.36077329252219,0.014705882352941176,0.016129032258064516,True
10,search log,diarias e passagens,4,30890,,False,False,0.0304147465437788,2,0.852039098739624,10,46.14052118269434,0.016129032258064516,0.014285714285714285,True
10,search log,diarias e passagens,5,30369,,False,False,0.030309988518943745,7,0.8412058353424072,5,54.15492156877505,0.014925373134328358,0.015384615384615385,True
10,search log,diarias e passagens,6,30371,,False,False,0.030158730158730156,10,0.8384212851524353,3,55.21396659836971,0.014285714285714285,0.015873015873015872,True
10,search log,diarias e passagens,7,14250,,False,False,0.029273504273504274,5,0.8434191942214966,12,36.79052519980804,0.015384615384615385,0.013888888888888888,True
10,search log,diarias e passagens,8,30881,,False,False,0.028782894736842105,4,0.846247136592865,16,26.82268915724874,0.015625,0.013157894736842105,True
10,search log,diarias e passagens,9,30107,3.0,True,True,0.02803921568627451,15,0.8363856077194214,8,51.30184552286551,0.013333333333333334,0.014705882352941176,False
10,search log,diarias e passagens,10,32382,,False,False,0.0264301860545992,21,0.8350043296813965,11,44.89804169743857,0.012345679012345678,0.014084507042253521,False
11,search log,bens e serviços comuns,1,34287,,False,False,0.031544957774465976,6,0.8407630324363708,1,34.25458388355986,0.015151515151515152,0.01639344262295082,True
11,search log,bens e serviços comuns,2,18827,,False,False,0.03125,4,0.844855785369873,4,24.57777727433605,0.015625,0.015625,True
11,search log,bens e serviços comuns,3,18274,,False,False,0.031054405392392875,7,0.8404968976974487,2,26.075333602745033,0.014925373134328358,0.016129032258064516,True
11,search log,bens e serviços comuns,4,18871,,False,False,0.030798389007344232,3,0.8463612794876099,7,22.760498948892902,0.015873015873015872,0.014925373134328358,True
11,search log,bens e serviços comuns,5,17906,,False,False,0.029877369007803793,9,0.8395347595214844,5,23.316405287967857,0.014492753623188406,0.015384615384615385,True
11,search log,bens e serviços comuns,6,17902,,False,False,0.028531243721117136,19,0.8366749286651611,3,25.850932257264645,0.012658227848101266,0.015873015873015872,False
11,search log,bens e serviços comuns,7,114574,,False,False,0.02749266862170088,2,0.8502368330955505,28,18.57284354447925,0.016129032258064516,0.011363636363636364,True
11,search log,bens e serviços comuns,8,34112,,False,False,0.02684684684684685,14,0.8378371596336365,15,21.050537707502123,0.013513513513513514,0.013333333333333334,False
11,search log,bens e serviços comuns,9,33912,,False,False,0.026702720973466286,1,0.8529368042945862,37,16.22338360145724,0.01639344262295082,0.010309278350515464,True
11,search log,bens e serviços comuns,10,31280,,False,False,0.026050420168067225,10,0.8392328023910522,25,19.053796730639338,0.014285714285714285,0.011764705882352941,True
12,search log,parcelas de maior relevância e valor significativo,1,29536,,False,False,0.032018442622950824,4,0.8494827747344971,1,36.99269991251251,0.015625,0.01639344262295082,True
12,search log,parcelas de maior relevância e valor significativo,2,29523,,False,False,0.03128054740957967,6,0.8483067154884338,2,33.05264668561745,0.015151515151515152,0.016129032258064516,True
12,search log,parcelas de maior relevância e valor significativo,3,25971,,False,False,0.029437229437229435,10,0.8477945923805237,6,26.28192965266917,0.014285714285714285,0.015151515151515152,True
12,search log,parcelas de maior relevância e valor significativo,4,34027,,False,False,0.028373015873015873,3,0.849838137626648,20,19.52723649150841,0.015873015873015872,0.0125,True
12,search log,parcelas de maior relevância e valor significativo,5,34276,,False,False,0.027031740495291244,1,0.8532619476318359,34,17.634446397296667,0.01639344262295082,0.010638297872340425,True
12,search log,parcelas de maior relevância e valor significativo,6,34294,,False,False,0.026838432635534086,9,0.8480706810951233,21,19.457457682673326,0.014492753623188406,0.012345679012345678,True
12,search log,parcelas de maior relevância e valor significativo,7,33077,3.0,True,True,0.024321266968325792,8,0.8480722308158875,44,15.601732909219278,0.014705882352941176,0.009615384615384616,True
12,search log,parcelas de maior relevância e valor significativo,8,19664,,False,False,0.0240053050397878,5,0.8489267826080322,56,15.22463142231856,0.015384615384615385,0.008620689655172414,True
12,search log,parcelas de maior relevância e valor significativo,9,25999,,False,False,0.023122039251071508,2,0.8505836129188538,83,13.725476280636986,0.016129032258064516,0.006993006993006993,True
12,search log,parcelas de maior relevância e valor significativo,10,33874,,False,False,0.022444170126809562,7,0.8482110500335693,73,14.592957403099318,0.014925373134328358,0.007518796992481203,True
13,search log,despesa sem cobertura contratual,1,18112,,False,False,0.03252247488101534,2,0.8578594923019409,1,38.61823827642002,0.016129032258064516,0.01639344262295082,True
13,search log,despesa sem cobertura contratual,2,18106,,False,False,0.031754032258064516,4,0.8527751564979553,2,25.460413487545946,0.015625,0.016129032258064516,True
13,search log,despesa sem cobertura contratual,3,18924,3.0,True,True,0.030679156908665108,1,0.8608024716377258,10,17.759013974043445,0.01639344262295082,0.014285714285714285,True
13,search log,despesa sem cobertura contratual,4,18454,,False,False,0.030536130536130537,5,0.851326048374176,6,19.042547845224327,0.015384615384615385,0.015151515151515152,True
13,search log,despesa sem cobertura contratual,5,17122,,False,False,0.030330882352941176,8,0.8496034741401672,4,20.210188363917784,0.014705882352941176,0.015625,True
13,search log,despesa sem cobertura contratual,6,11601,,False,False,0.030158730158730156,10,0.8494318723678589,3,23.860256149168986,0.014285714285714285,0.015873015873015872,True
13,search log,despesa sem cobertura contratual,7,30326,,False,False,0.029857397504456328,6,0.8509044051170349,8,18.155216497630366,0.015151515151515152,0.014705882352941176,True
13,search log,despesa sem cobertura contratual,8,34114,,False,False,0.02976190476190476,3,0.8533625602722168,12,16.904518952378503,0.015873015873015872,0.013888888888888888,True
13,search log,despesa sem cobertura contratual,9,17258,,False,False,0.029418126757516764,9,0.8494747281074524,7,18.44872948654628,0.014492753623188406,0.014925373134328358,True
13,search log,despesa sem cobertura contratual,10,31111,,False,False,0.02862400327131466,7,0.8499355912208557,13,16.777052211823957,0.014925373134328358,0.0136986301369863,True
14,search log,decreto-lei 4.657/1942,1,25436,,False,False,0.03252247488101534,2,0.8448823094367981,1,24.906672040920306,0.016129032258064516,0.01639344262295082,True
14,search log,decreto-lei 4.657/1942,2,24260,,False,False,0.032018442622950824,1,0.8457970023155212,4,23.678504526549233,0.01639344262295082,0.015625,True
14,search log,decreto-lei 4.657/1942,3,31897,,False,False,0.029877369007803793,9,0.8405710458755493,5,23.098301997559474,0.014492753623188406,0.015384615384615385,True
14,search log,decreto-lei 4.657/1942,4,35551,,False,False,0.029418126757516764,7,0.8410238027572632,9,14.70914023341231,0.014925373134328358,0.014492753623188406,True
14,search log,decreto-lei 4.657/1942,5,16278,,False,False,0.029411764705882353,8,0.8409497737884521,8,15.265846897980843,0.014705882352941176,0.014705882352941176,True
14,search log,decreto-lei 4.657/1942,6,134978,,False,False,0.029273504273504274,5,0.8423018455505371,12,14.188216170478196,0.015384615384615385,0.013888888888888888,True
14,search log,decreto-lei 4.657/1942,7,18404,,False,False,0.02857142857142857,10,0.8403917551040649,10,14.610652573331198,0.014285714285714285,0.014285714285714285,True
14,search log,decreto-lei 4.657/1942,8,11614,,False,False,0.028283227848101264,4,0.8434255719184875,19,10.48494171709776,0.015625,0.012658227848101266,True
14,search log,decreto-lei 4.657/1942,9,92532,,False,False,0.025677830940988834,6,0.8411879539489746,35,8.852652602620818,0.015151515151515152,0.010526315789473684,True
14,search log,decreto-lei 4.657/1942,10,32493,,False,False,0.024003097173828883,3,0.8447914123535156,63,7.5649305463471554,0.015873015873015872,0.008130081300813009,True
15,search log,contas e materialidade,1,35441,,False,False,0.03225806451612903,2,0.8494528532028198,2,18.603891544011233,0.016129032258064516,0.016129032258064516,True
15,search log,contas e materialidade,2,32440,,False,False,0.030158730158730156,10,0.8460142612457275,3,18.455779892682582,0.014285714285714285,0.015873015873015872,True
15,search log,contas e materialidade,3,19368,,False,False,0.030117753623188408,9,0.846423864364624,4,18.27282859176501,0.014492753623188406,0.015625,True
15,search log,contas e materialidade,4,18437,,False,False,0.029551337359792925,16,0.8439252972602844,1,18.64621642961435,0.013157894736842105,0.01639344262295082,False
15,search log,contas e materialidade,5,32737,3.0,True,True,0.027526395173453996,8,0.8465442657470703,18,13.154176024859298,0.014705882352941176,0.01282051282051282,True
15,search log,contas e materialidade,6,31430,,False,False,0.027263007840342125,1,0.854548454284668,32,11.39956605919303,0.01639344262295082,0.010869565217391304,True
15,search log,contas e materialidade,7,31558,,False,False,0.027252906976744186,4,0.8481125831604004,26,11.90810212825143,0.015625,0.011627906976744186,True
15,search log,contas e materialidade,8,17289,,False,False,0.02393753200204813,3,0.8490086793899536,64,10.379106312923504,0.015873015873015872,0.008064516129032258,True
15,search log,contas e materialidade,9,19719,,False,False,0.023581634068525453,29,0.8421158194541931,21,12.47733687864546,0.011235955056179775,0.012345679012345678,False
15,search log,contas e materialidade,10,14408,2.0,True,True,0.02317541613316261,11,0.8454973697662354,50,10.688884987624794,0.014084507042253521,0.00909090909090909,False
16,search log,inexequibilidade e comprovação,1,32964,,False,False,0.0315136476426799,5,0.842633843421936,2,58.156041658331525,0.015384615384615385,0.016129032258064516,True
16,search log,inexequibilidade e comprovação,2,19404,3.0,True,True,0.03149801587301587,4,0.8437830209732056,3,57.77156886135805,0.015625,0.015873015873015872,True
16,search log,inexequibilidade e comprovação,3,31583,,False,False,0.029631255487269532,7,0.84187912940979,8,55.623309195357564,0.014925373134328358,0.014705882352941176,True
16,search log,inexequibilidade e comprovação,4,18886,,False,False,0.028588564574170333,22,0.8382543921470642,1,58.25114338075025,0.012195121951219513,0.01639344262295082,False
16,search log,inexequibilidade e comprovação,5,32920,,False,False,0.02788769549651404,1,0.8462030291557312,27,26.47481097976927,0.01639344262295082,0.011494252873563218,True
16,search log,inexequibilidade e comprovação,6,39572,,False,False,0.02749266862170088,2,0.845767617225647,28,26.005056878106025,0.016129032258064516,0.011363636363636364,True
16,search log,inexequibilidade e comprovação,7,18215,,False,False,0.026387470207694927,6,0.8425815105438232,29,25.552541982492432,0.015151515151515152,0.011235955056179775,True
16,search log,inexequibilidade e comprovação,8,17234,1.0,True,True,0.024492753623188406,9,0.8409866094589233,40,20.570929582041003,0.014492753623188406,0.01,True
16,search log,inexequibilidade e comprovação,9,27097,,False,False,0.02442002442002442,3,0.8455373644828796,57,16.47412414212713,0.015873015873015872,0.008547008547008548,True
16,search log,inexequibilidade e comprovação,10,95376,,False,False,0.02341091602014428,19,0.8385051488876343,33,22.567553086519986,0.012658227848101266,0.010752688172043012,False
17,search log,impedimento de licitar e contratar,1,106479,,False,False,0.031746031746031744,3,0.8751794099807739,3,26.97879059370288,0.015873015873015872,0.015873015873015872,True
17,search log,impedimento de licitar e contratar,2,18884,,False,False,0.031544957774465976,6,0.8718701601028442,1,45.378228035158116,0.015151515151515152,0.01639344262295082,True
17,search log,impedimento de licitar e contratar,3,32963,,False,False,0.031099324975891997,1,0.8770192861557007,8,21.3120537483649,0.01639344262295082,0.014705882352941176,True
17,search log,impedimento de licitar e contratar,4,21869,,False,False,0.030017921146953404,2,0.8754562139511108,12,19.54516871248218,0.016129032258064516,0.013888888888888888,True
17,search log,impedimento de licitar e contratar,5,21908,,False,False,0.029850746268656716,7,0.8716452121734619,7,21.454255103325707,0.014925373134328358,0.014925373134328358,True
17,search log,impedimento de licitar e contratar,6,17953,,False,False,0.029116045245077504,17,0.8664661049842834,2,28.60832553656921,0.012987012987012988,0.016129032258064516,False
17,search log,impedimento de licitar e contratar,7,18848,,False,False,0.028991596638655463,8,0.8703649640083313,10,20.23004439260101,0.014705882352941176,0.014285714285714285,True
17,search log,impedimento de licitar e contratar,8,40299,,False,False,0.025934278350515462,4,0.873011589050293,37,15.793345350492249,0.015625,0.010309278350515464,True
17,search log,impedimento de licitar e contratar,9,9718,,False,False,0.025856389986824768,9,0.8701627850532532,28,16.2110389359389,0.014492753623188406,0.011363636363636364,True
17,search log,impedimento de licitar e contratar,10,21917,,False,False,0.02484567901234568,21,0.8658965826034546,20,17.407353393064355,0.012345679012345678,0.0125,False
18,search log,aditivo e obra,1,81314,3.0,True,True,0.03252247488101534,2,0.8534475564956665,1,71.48831226691473,0.016129032258064516,0.01639344262295082,True
18,search log,aditivo e obra,2,17225,,False,False,0.032018442622950824,1,0.8581676483154297,4,52.18503469091011,0.01639344262295082,0.015625,True
18,search log,aditivo e obra,3,81554,,False,False,0.031746031746031744,3,0.8533527255058289,3,68.80087040193531,0.015873015873015872,0.015873015873015872,True
18,search log,aditivo e obra,4,20511,,False,False,0.0304147465437788,10,0.8473460674285889,2,69.66571072420285,0.014285714285714285,0.016129032258064516,True
18,search log,aditivo e obra,5,17219,,False,False,0.028790389395194696,8,0.8484498858451843,11,48.63223535631379,0.014705882352941176,0.014084507042253521,True
18,search log,aditivo e obra,6,18057,,False,False,0.02813852813852814,6,0.849000871181488,17,41.3874724114027,0.015151515151515152,0.012987012987012988,True
18,search log,aditivo e obra,7,20512,,False,False,0.02804284323271665,19,0.8448992967605591,5,51.581082497967316,0.012658227848101266,0.015384615384615385,False
18,search log,aditivo e obra,8,18018,,False,False,0.02628900949796472,7,0.8487613201141357,28,34.18291795608956,0.014925373134328358,0.011363636363636364,True
18,search log,aditivo e obra,9,122672,,False,False,0.023529411764705882,25,0.8440443873405457,25,35.94516968865355,0.011764705882352941,0.011764705882352941,False
18,search log,aditivo e obra,10,21233,,False,False,0.022832722832722835,57,0.8405336737632751,10,49.13620122228933,0.008547008547008548,0.014285714285714285,False
19,search log,fraude a licitacao,1,67158,,False,False,0.03131881575727918,7,0.8682816028594971,1,51.50163626083983,0.014925373134328358,0.01639344262295082,True
19,search log,fraude a licitacao,2,104486,,False,False,0.0304147465437788,10,0.8680340051651001,2,44.35342563980881,0.014285714285714285,0.016129032258064516,True
19,search log,fraude a licitacao,3,35186,3.0,True,True,0.02946236559139785,2,0.8742305040359497,15,35.93818897042092,0.016129032258064516,0.013333333333333334,True
19,search log,fraude a licitacao,4,34701,,False,False,0.026182294223531334,3,0.8724801540374756,37,31.49222032854038,0.015873015873015872,0.010309278350515464,True
19,search log,fraude a licitacao,5,35539,,False,False,0.025739237015474183,1,0.8815529942512512,47,26.420242995021383,0.01639344262295082,0.009345794392523364,True
19,search log,fraude a licitacao,6,131055,3.0,True,True,0.025383141762452106,12,0.8670852780342102,27,35.1182550672876,0.013888888888888888,0.011494252873563218,False
19,search log,fraude a licitacao,7,35283,,False,False,0.024245689655172414,4,0.8697216510772705,56,21.368084560791544,0.015625,0.008620689655172414,True
19,search log,fraude a licitacao,8,34723,,False,False,0.02393162393162393,18,0.8651309013366699,30,33.25886891340457,0.01282051282051282,0.011111111111111112,False
19,search log,fraude a licitacao,9,15244,,False,False,0.02279093455564044,17,0.8653057217597961,42,27.084234237910337,0.012987012987012988,0.00980392156862745,False
19,search log,fraude a licitacao,10,35375,,False,False,0.022757216433105763,9,0.8681097626686096,61,20.76198029755672,0.014492753623188406,0.008264462809917356,True
20,search log,auditoria interna,1,55315,3.0,True,True,0.03225806451612903,2,0.861292839050293,2,26.813885345602884,0.016129032258064516,0.016129032258064516,True
20,search log,auditoria interna,2,28961,2.0,True,True,0.031746031746031744,3,0.8572524785995483,3,26.54638690027337,0.015873015873015872,0.015873015873015872,True
20,search log,auditoria interna,3,50987,3.0,True,True,0.031544957774465976,1,0.8638813495635986,6,19.987084211794453,0.01639344262295082,0.015151515151515152,True
20,search log,auditoria interna,4,39237,,False,False,0.031009615384615385,5,0.8478317260742188,4,26.403525687674097,0.015384615384615385,0.015625,True
20,search log,auditoria interna,5,18113,,False,False,0.030679156908665108,10,0.843464732170105,1,36.57794131222847,0.014285714285714285,0.01639344262295082,True
20,search log,auditoria interna,6,34284,,False,False,0.030090497737556562,8,0.8446876406669617,5,23.72583349490071,0.014705882352941176,0.015384615384615385,True
20,search log,auditoria interna,7,23577,,False,False,0.028985507246376812,9,0.8446246981620789,9,13.729621911727541,0.014492753623188406,0.014492753623188406,True
20,search log,auditoria interna,8,75365,,False,False,0.028958333333333336,4,0.8511385917663574,15,10.394006433834964,0.015625,0.013333333333333334,True
20,search log,auditoria interna,9,31260,,False,False,0.028814262023217248,7,0.8447412252426147,12,10.94811605490763,0.014925373134328358,0.013888888888888888,True
20,search log,auditoria interna,10,17700,,False,False,0.026262626262626265,6,0.8450748324394226,30,8.89615419899863,0.015151515151515152,0.011111111111111112,True
21,search log,fracionamento de despesas,1,21122,,False,False,0.031099324975891997,1,0.8808340430259705,8,44.87121982548102,0.01639344262295082,0.014705882352941176,True
21,search log,fracionamento de despesas,2,21081,,False,False,0.030309988518943745,5,0.8757188320159912,7,47.33275909959177,0.015384615384615385,0.014925373134328358,True
21,search log,fracionamento de despesas,3,33031,,False,False,0.030017921146953404,2,0.8783423900604248,12,38.43400004155961,0.016129032258064516,0.013888888888888888,True
21,search log,fracionamento de despesas,4,31590,,False,False,0.029957522915269395,11,0.8706810474395752,3,50.05207086392574,0.014084507042253521,0.015873015873015872,False
21,search log,fracionamento de despesas,5,31640,,False,False,0.029551337359792925,16,0.8644769191741943,1,52.628227509752854,0.013157894736842105,0.01639344262295082,False
21,search log,fracionamento de despesas,6,31620,,False,False,0.029386529386529386,3,0.8781153559684753,14,38.18365606623072,0.015873015873015872,0.013513513513513514,True
21,search log,fracionamento de despesas,7,31638,,False,False,0.02900988017658188,7,0.8738309144973755,11,39.835047127422044,0.014925373134328358,0.014084507042253521,True
21,search log,fracionamento de despesas,8,19406,,False,False,0.028484848484848488,15,0.865010142326355,6,47.33570797207969,0.013333333333333334,0.015151515151515152,False
21,search log,fracionamento de despesas,9,21120,,False,False,0.02817460317460317,12,0.8692546486854553,10,43.283546851368364,0.013888888888888888,0.014285714285714285,False
21,search log,fracionamento de despesas,10,32883,,False,False,0.02797067901234568,4,0.8758904933929443,21,35.42272216983404,0.015625,0.012345679012345678,True
22,search log,novo e improrrogável prazo,1,27062,,False,False,0.03128054740957967,2,0.8535424470901489,6,31.08941510295231,0.016129032258064516,0.015151515151515152,True
22,search log,novo e improrrogável prazo,2,27773,,False,False,0.030776515151515152,6,0.8509306311607361,4,31.1690500015898,0.015151515151515152,0.015625,True
22,search log,novo e improrrogável prazo,3,37248,,False,False,0.029850746268656716,7,0.8509304523468018,7,30.631054824555523,0.014925373134328358,0.014925373134328358,True
22,search log,novo e improrrogável prazo,4,32812,,False,False,0.028790389395194696,8,0.8508875966072083,11,26.599286704764395,0.014705882352941176,0.014084507042253521,True
22,search log,novo e improrrogável prazo,5,15202,,False,False,0.027149321266968326,5,0.8509829044342041,25,24.21089215228299,0.015384615384615385,0.011764705882352941,True
22,search log,novo e improrrogável prazo,6,27141,,False,False,0.027106227106227107,10,0.850347101688385,18,24.319347986354042,0.014285714285714285,0.01282051282051282,True
22,search log,novo e improrrogável prazo,7,117487,,False,False,0.026631393298059962,21,0.8464594483375549,10,27.89432290155549,0.012345679012345678,0.014285714285714285,False
22,search log,novo e improrrogável prazo,8,32795,,False,False,0.026182294223531334,3,0.852966845035553,37,21.876604368375343,0.015873015873015872,0.010309278350515464,True
22,search log,novo e improrrogável prazo,9,28296,,False,False,0.02603002235707442,41,0.8429645299911499,2,32.425271293836246,0.009900990099009901,0.016129032258064516,False
22,search log,novo e improrrogável prazo,10,41291,,False,False,0.025035205758097326,23,0.8457906246185303,17,24.564761764824276,0.012048192771084338,0.012987012987012988,False
23,search log,inidoneidade de licitante,1,1650,,False,False,0.03177805800756621,5,0.8827743530273438,1,48.38498722499748,0.015384615384615385,0.01639344262295082,True
23,search log,inidoneidade de licitante,2,35515,,False,False,0.031544957774465976,1,0.8994770646095276,6,39.42818810683651,0.01639344262295082,0.015151515151515152,True
23,search log,inidoneidade de licitante,3,51278,,False,False,0.03055037313432836,4,0.8833582401275635,7,37.696195228780034,0.015625,0.014925373134328358,True
23,search log,inidoneidade de licitante,4,34723,,False,False,0.030330882352941176,8,0.8818413019180298,4,39.62009193013569,0.014705882352941176,0.015625,True
23,search log,inidoneidade de licitante,5,2625,,False,False,0.028850145288501453,6,0.8824836611747742,13,33.94734427263165,0.015151515151515152,0.0136986301369863,True
23,search log,inidoneidade de licitante,6,15244,,False,False,0.02782608695652174,9,0.8813921213150024,15,33.60651027360285,0.014492753623188406,0.013333333333333334,True
23,search log,inidoneidade de licitante,7,35537,,False,False,0.027799227799227798,10,0.8803765773773193,14,33.77862290966349,0.014285714285714285,0.013513513513513514,True
23,search log,inidoneidade de licitante,8,111267,,False,False,0.02332285115303983,12,0.8799117803573608,46,29.05198631818387,0.013888888888888888,0.009433962264150943,False
23,search log,inidoneidade de licitante,9,35215,,False,False,0.023015873015873014,3,0.8833644986152649,80,27.460998996797635,0.015873015873015872,0.007142857142857143,True
23,search log,inidoneidade de licitante,10,34761,,False,False,0.021464646464646464,72,0.8664414882659912,12,34.101451232038585,0.007575757575757576,0.013888888888888888,False
24,search log,licitações e contratos,1,122181,,False,False,0.032266458495966696,3,0.8512195944786072,1,24.72527792657628,0.015873015873015872,0.01639344262295082,True
24,search log,licitações e contratos,2,31531,,False,False,0.03125763125763126,5,0.8499094843864441,3,20.957868453948823,0.015384615384615385,0.015873015873015872,True
24,search log,licitações e contratos,3,116897,,False,False,0.03047794966520434,1,0.8532455563545227,11,17.261526996297686,0.01639344262295082,0.014084507042253521,True
24,search log,licitações e contratos,4,34338,,False,False,0.0304147465437788,10,0.848681628704071,2,23.90482357414003,0.014285714285714285,0.016129032258064516,True
24,search log,licitações e contratos,5,19405,,False,False,0.02964426877470356,6,0.8495922088623047,9,18.58039272697951,0.015151515151515152,0.014492753623188406,True
24,search log,licitações e contratos,6,31074,,False,False,0.028949545078577336,2,0.8528745770454407,18,14.662070800216945,0.016129032258064516,0.01282051282051282,True
24,search log,licitações e contratos,7,67014,,False,False,0.02782608695652174,9,0.8489170670509338,15,15.314867135053785,0.014492753623188406,0.013333333333333334,True
24,search log,licitações e contratos,8,22163,,False,False,0.027583600982429624,7,0.849339485168457,19,13.573652347479339,0.014925373134328358,0.012658227848101266,True
24,search log,licitações e contratos,9,17842,,False,False,0.02303921568627451,8,0.8489481210708618,60,10.317371148284531,0.014705882352941176,0.008333333333333333,True
24,search log,licitações e contratos,10,18848,,False,False,0.02179783950617284,102,0.8422239422798157,4,20.730135703986857,0.006172839506172839,0.015625,False
25,search log,exigência de atestado de capacidade,1,33938,,False,False,0.032018442622950824,1,0.885566771030426,4,55.091467143477296,0.01639344262295082,0.015625,True
25,search log,exigência de atestado de capacidade,2,17952,,False,False,0.03131881575727918,7,0.8712582588195801,1,58.78740682607274,0.014925373134328358,0.01639344262295082,True
25,search log,exigência de atestado de capacidade,3,22796,,False,False,0.028309409888357256,16,0.8666640520095825,6,53.24117372139004,0.013157894736842105,0.015151515151515152,False
25,search log,exigência de atestado de capacidade,4,17967,,False,False,0.02792120864410021,3,0.8781477808952332,23,49.08099993912067,0.015873015873015872,0.012048192771084338,True
25,search log,exigência de atestado de capacidade,5,21831,,False,False,0.02761904761904762,10,0.8695237040519714,15,50.03221443493533,0.014285714285714285,0.013333333333333334,True
25,search log,exigência de atestado de capacidade,6,71125,,False,False,0.027313266443701224,9,0.8705723285675049,18,49.72365033535997,0.014492753623188406,0.01282051282051282,True
25,search log,exigência de atestado de capacidade,7,22105,3.0,True,True,0.02667140825035562,14,0.868012547492981,16,49.92851698127377,0.013513513513513514,0.013157894736842105,False
25,search log,exigência de atestado de capacidade,8,14495,,False,False,0.0260840108401084,22,0.8653982877731323,12,51.612909330115635,0.012195121951219513,0.013888888888888888,False
25,search log,exigência de atestado de capacidade,9,21934,,False,False,0.02582908163265306,4,0.8763748407363892,38,44.73315982011979,0.015625,0.01020408163265306,True
25,search log,exigência de atestado de capacidade,10,131051,,False,False,0.02557544757033248,32,0.8631665706634521,8,52.800404718015656,0.010869565217391304,0.014705882352941176,False
26,search log,contrato com a administração pública,1,32613,,False,False,0.032018442622950824,4,0.8487744927406311,1,28.38254307301221,0.015625,0.01639344262295082,True
26,search log,contrato com a administração pública,2,32600,,False,False,0.03200204813108039,3,0.8490420579910278,2,25.701284244259373,0.015873015873015872,0.016129032258064516,True
26,search log,contrato com a administração pública,3,18063,,False,False,0.03128054740957967,2,0.8521273136138916,6,25.015482540405646,0.016129032258064516,0.015151515151515152,True
26,search log,contrato com a administração pública,4,32614,,False,False,0.029850746268656716,7,0.8486616015434265,7,24.71419659201615,0.014925373134328358,0.014925373134328358,True
26,search log,contrato com a administração pública,5,34338,,False,False,0.02964426877470356,6,0.848730206489563,9,23.436840197930234,0.015151515151515152,0.014492753623188406,True
26,search log,contrato com a administração pública,6,99153,,False,False,0.02819138376017471,9,0.8465309739112854,13,19.984280255533882,0.014492753623188406,0.0136986301369863,True
26,search log,contrato com a administração pública,7,18044,,False,False,0.027432808155699723,23,0.8435348272323608,5,25.015482540405646,0.012048192771084338,0.015384615384615385,False
26,search log,contrato com a administração pública,8,17242,,False,False,0.024722573395139766,53,0.8392025828361511,3,25.015482540405646,0.008849557522123894,0.015873015873015872,False
26,search log,contrato com a administração pública,9,34280,,False,False,0.024523523923763828,1,0.856655478477478,63,13.710706657780618,0.01639344262295082,0.008130081300813009,True
26,search log,contrato com a administração pública,10,21117,,False,False,0.023717948717948717,5,0.8487368822097778,60,14.036723611039024,0.015384615384615385,0.008333333333333333,True
27,search log,inexigibilidade e singularidade,1,18818,3.0,True,True,0.03131881575727918,7,0.8471599817276001,1,80.85245754552176,0.014925373134328358,0.01639344262295082,True
27,search log,inexigibilidade e singularidade,2,31508,,False,False,0.03055037313432836,4,0.8484569191932678,7,67.70097919712026,0.015625,0.014925373134328358,True
27,search log,inexigibilidade e singularidade,3,33906,,False,False,0.0277569392348087,2,0.8521741628646851,26,57.69786685554457,0.016129032258064516,0.011627906976744186,True
27,search log,inexigibilidade e singularidade,4,19385,3.0,True,True,0.027526395173453996,8,0.8469794988632202,18,66.14028985084346,0.014705882352941176,0.01282051282051282,True
27,search log,inexigibilidade e singularidade,5,39572,,False,False,0.027108970929195647,3,0.850297212600708,29,55.21685220351769,0.015873015873015872,0.011235955056179775,True
27,search log,inexigibilidade e singularidade,6,18842,3.0,True,True,0.026742734890354787,19,0.8416088819503784,11,66.68623459510462,0.012658227848101266,0.014084507042253521,False
27,search log,inexigibilidade e singularidade,7,18194,,False,False,0.0264957264957265,5,0.8482606410980225,30,54.06103999261024,0.015384615384615385,0.011111111111111112,True
27,search log,inexigibilidade e singularidade,8,32936,3.0,True,True,0.026397515527950312,9,0.846716046333313,24,57.867978242271214,0.014492753623188406,0.011904761904761904,True
27,search log,inexigibilidade e singularidade,9,18841,3.0,True,True,0.0260840108401084,22,0.8408735990524292,12,66.60305709706199,0.012195121951219513,0.013888888888888888,False
27,search log,inexigibilidade e singularidade,10,17146,3.0,True,True,0.025625000000000002,40,0.8372196555137634,4,74.6036901992887,0.01,0.015625,False
28,search log,mera participação e epp,1,34979,,False,False,0.03278688524590164,1,0.8381134271621704,1,53.0051400156127,0.01639344262295082,0.01639344262295082,True
28,search log,mera participação e epp,2,35299,2.0,True,True,0.031754032258064516,4,0.8289331793785095,2,47.23769530614657,0.015625,0.016129032258064516,True
28,search log,mera participação e epp,3,35284,2.0,True,True,0.03128054740957967,2,0.8322420120239258,6,44.44423316374296,0.016129032258064516,0.015151515151515152,True
28,search log,mera participação e epp,4,35286,3.0,True,True,0.02946912242686891,11,0.8259926438331604,5,44.44423316374296,0.014084507042253521,0.015384615384615385,False
28,search log,mera participação e epp,5,35182,,False,False,0.026838432635534086,21,0.8236628174781799,9,44.00024588876887,0.012345679012345678,0.014492753623188406,False
28,search log,mera participação e epp,6,35285,,False,False,0.026333907056798625,10,0.8263835906982422,23,36.02175917840322,0.014285714285714285,0.012048192771084338,True
28,search log,mera participação e epp,7,35300,,False,False,0.026041666666666664,36,0.8214420676231384,4,44.44423316374296,0.010416666666666666,0.015625,False
28,search log,mera participação e epp,8,44132,,False,False,0.025978407557354925,18,0.8239459991455078,16,38.04315788027973,0.01282051282051282,0.013157894736842105,False
28,search log,mera participação e epp,9,14516,,False,False,0.025396825396825397,3,0.8317227363586426,45,19.09862754229054,0.015873015873015872,0.009523809523809525,True
28,search log,mera participação e epp,10,135549,2.0,True,True,0.02519288301054952,27,0.8230124711990356,13,38.40273143320202,0.011494252873563218,0.0136986301369863,False
29,search log,decisão judicial,1,29897,,False,False,0.03252247488101534,2,0.858777642250061,1,17.661194481110567,0.016129032258064516,0.01639344262295082,True
29,search log,decisão judicial,2,78174,,False,False,0.03177805800756621,1,0.8661026358604431,5,16.616305096216617,0.01639344262295082,0.015384615384615385,True
29,search log,decisão judicial,3,135731,,False,False,0.030798389007344232,3,0.8563876152038574,7,16.118351377347658,0.015873015873015872,0.014925373134328358,True
29,search log,decisão judicial,4,8214,,False,False,0.030776515151515152,6,0.8545319437980652,4,17.210027666891627,0.015151515151515152,0.015625,True
29,search log,decisão judicial,5,39847,,False,False,0.030090497737556562,5,0.8556368350982666,8,16.092861124929748,0.015384615384615385,0.014705882352941176,True
29,search log,decisão judicial,6,33778,,False,False,0.028814262023217248,7,0.8544772863388062,12,14.837517530860072,0.014925373134328358,0.013888888888888888,True
29,search log,decisão judicial,7,25598,,False,False,0.02877846790890269,10,0.8536238670349121,9,15.707159374886926,0.014285714285714285,0.014492753623188406,True
29,search log,decisão judicial,8,19628,,False,False,0.027313266443701224,9,0.8536460995674133,18,13.026011147860007,0.014492753623188406,0.01282051282051282,True
29,search log,decisão judicial,9,27972,,False,False,0.02488425925925926,4,0.8559595346450806,48,10.521306502477207,0.015625,0.009259259259259259,True
29,search log,decisão judicial,10,27797,,False,False,0.022058823529411763,8,0.8543481826782227,76,9.492938191156203,0.014705882352941176,0.007352941176470588,True
30,search log,fiscal de contrato,1,34663,,False,False,0.03149801587301587,3,0.8416690826416016,4,31.400376360713242,0.015873015873015872,0.015625,True
30,search log,fiscal de contrato,2,18341,,False,False,0.030886196246139225,1,0.8521285057067871,9,29.86731879298021,0.01639344262295082,0.014492753623188406,True
30,search log,fiscal de contrato,3,31065,,False,False,0.030679156908665108,10,0.8373478651046753,1,45.5732730797336,0.014285714285714285,0.01639344262295082,True
30,search log,fiscal de contrato,4,32598,,False,False,0.030536130536130537,6,0.8400053977966309,5,31.361714039739198,0.015151515151515152,0.015384615384615385,True
30,search log,fiscal de contrato,5,32622,,False,False,0.029910714285714284,4,0.8416137099266052,10,28.721942026317006,0.015625,0.014285714285714285,True
30,search log,fiscal de contrato,6,18947,,False,False,0.028404512489927477,13,0.835456371307373,8,29.997841313206415,0.0136986301369863,0.014705882352941176,False
30,search log,fiscal de contrato,7,11598,,False,False,0.027623285131627734,2,0.8508922457695007,27,19.988739374954758,0.016129032258064516,0.011494252873563218,True
30,search log,fiscal de contrato,8,144308,,False,False,0.027222222222222224,12,0.8361004590988159,15,27.39041004199601,0.013888888888888888,0.013333333333333334,False
30,search log,fiscal de contrato,9,31103,,False,False,0.0266900790166813,7,0.8390278816223145,25,20.59639796639447,0.014925373134328358,0.011764705882352941,True
30,search log,fiscal de contrato,10,109835,,False,False,0.025833333333333333,15,0.8350511789321899,20,25.56285365630384,0.013333333333333334,0.0125,False
31,search log,medida cautelar,1,61882,,False,False,0.031099324975891997,8,0.8487359285354614,1,42.48968085589458,0.014705882352941176,0.01639344262295082,True
31,search log,medida cautelar,2,26458,,False,False,0.030798389007344232,7,0.8490384221076965,3,37.29361438604276,0.014925373134328358,0.015873015873015872,True
31,search log,medida cautelar,3,32811,,False,False,0.030621785881252923,9,0.8485396504402161,2,38.171052930914584,0.014492753623188406,0.016129032258064516,True
31,search log,medida cautelar,4,33899,3.0,True,True,0.030309988518943745,5,0.851298987865448,7,36.49122620403717,0.015384615384615385,0.014925373134328358,True
31,search log,medida cautelar,5,31394,,False,False,0.02877846790890269,10,0.8485355377197266,9,36.25741957507296,0.014285714285714285,0.014492753623188406,True
31,search log,medida cautelar,6,27031,,False,False,0.028612012987012988,4,0.8516221642494202,17,31.81696497846288,0.015625,0.012987012987012988,True
31,search log,medida cautelar,7,102455,3.0,True,True,0.028177225029148854,2,0.8562474846839905,23,31.05942178317944,0.016129032258064516,0.012048192771084338,True
31,search log,medida cautelar,8,34105,,False,False,0.027629397679130595,1,0.856999933719635,29,29.664998352689068,0.01639344262295082,0.011235955056179775,True
31,search log,medida cautelar,9,9589,,False,False,0.026742734890354787,19,0.8439388871192932,11,35.644303307274676,0.012658227848101266,0.014084507042253521,False
31,search log,medida cautelar,10,32838,,False,False,0.026625704045058884,3,0.8547612428665161,33,28.3911841775482,0.015873015873015872,0.010752688172043012,True
32,search log,é possível a aplicação concomitante,1,60727,,False,False,0.031754032258064516,4,0.8291823863983154,2,20.577910026696447,0.015625,0.016129032258064516,True
32,search log,é possível a aplicação concomitante,2,118408,,False,False,0.03131881575727918,7,0.8279361724853516,1,21.94640942927441,0.014925373134328358,0.01639344262295082,True
32,search log,é possível a aplicação concomitante,3,97899,,False,False,0.031054405392392875,2,0.8307700157165527,7,14.076694761798995,0.016129032258064516,0.014925373134328358,True
32,search log,é possível a aplicação concomitante,4,17839,,False,False,0.030536130536130537,6,0.8286218643188477,5,14.80488470108087,0.015151515151515152,0.015384615384615385,True
32,search log,é possível a aplicação concomitante,5,21117,,False,False,0.03047794966520434,1,0.8333592414855957,11,13.78047288547452,0.01639344262295082,0.014084507042253521,True
32,search log,é possível a aplicação concomitante,6,15078,,False,False,0.03036576949620428,9,0.8266506791114807,3,17.53340400326968,0.014492753623188406,0.015873015873015872,True
32,search log,é possível a aplicação concomitante,7,20477,,False,False,0.027730294396961064,5,0.8286672830581665,21,11.965008132077848,0.015384615384615385,0.012345679012345678,True
32,search log,é possível a aplicação concomitante,8,18282,,False,False,0.026754075124025514,8,0.8271447420120239,23,11.808455482758308,0.014705882352941176,0.012048192771084338,True
32,search log,é possível a aplicação concomitante,9,31856,,False,False,0.024963924963924963,3,0.830473780632019,50,9.022515070979098,0.015873015873015872,0.00909090909090909,True
32,search log,é possível a aplicação concomitante,10,60899,,False,False,0.024028361344537813,59,0.820716142654419,4,16.066211612739043,0.008403361344537815,0.015625,False
33,search log,reajuste de contrato,1,31108,3.0,True,True,0.032266458495966696,3,0.8567191362380981,1,47.229001809645425,0.015873015873015872,0.01639344262295082,True
33,search log,reajuste de contrato,2,83622,3.0,True,True,0.030621785881252923,2,0.8568196296691895,9,41.34623577961258,0.016129032258064516,0.014492753623188406,True
33,search log,reajuste de contrato,3,17262,,False,False,0.0304147465437788,10,0.8521161675453186,2,46.191201152378845,0.014285714285714285,0.016129032258064516,True
33,search log,reajuste de contrato,4,34213,,False,False,0.03036576949620428,9,0.8521921634674072,3,46.190534279026565,0.014492753623188406,0.015873015873015872,True
33,search log,reajuste de contrato,5,17821,3.0,True,True,0.029910714285714284,4,0.8566606044769287,10,40.918774529052286,0.015625,0.014285714285714285,True
33,search log,reajuste de contrato,6,33788,,False,False,0.029850746268656716,7,0.8526749014854431,7,45.18731866297453,0.014925373134328358,0.014925373134328358,True
33,search log,reajuste de contrato,7,19353,,False,False,0.02854251012145749,5,0.8559277653694153,16,27.567267805995016,0.015384615384615385,0.013157894736842105,True
33,search log,reajuste de contrato,8,31082,,False,False,0.02821939586645469,8,0.8524899482727051,14,32.128616188879626,0.014705882352941176,0.013513513513513514,True
33,search log,reajuste de contrato,9,32604,,False,False,0.028021349599695006,1,0.8582717180252075,26,22.660521359727618,0.01639344262295082,0.011627906976744186,True
33,search log,reajuste de contrato,10,34098,,False,False,0.027651515151515153,6,0.8532490134239197,20,25.907596278395403,0.015151515151515152,0.0125,True
34,search log,publicidade e concurso público,1,33815,,False,False,0.03252247488101534,2,0.8572931289672852,1,29.01828545575243,0.016129032258064516,0.01639344262295082,True
34,search log,publicidade e concurso público,2,150303,,False,False,0.03252247488101534,1,0.8595666885375977,2,27.973512135856883,0.01639344262295082,0.016129032258064516,True
34,search log,publicidade e concurso público,3,28888,,False,False,0.031746031746031744,3,0.8549506664276123,3,24.729138940876663,0.015873015873015872,0.015873015873015872,True
34,search log,publicidade e concurso público,4,8319,,False,False,0.03007688828584351,6,0.85411137342453,7,21.739597040863725,0.015151515151515152,0.014925373134328358,True
34,search log,publicidade e concurso público,5,75314,,False,False,0.029910714285714284,10,0.8522433638572693,4,23.115975680174024,0.014285714285714285,0.015625,True
34,search log,publicidade e concurso público,6,34280,,False,False,0.029877369007803793,9,0.8531761169433594,5,22.448236766648364,0.014492753623188406,0.015384615384615385,True
34,search log,publicidade e concurso público,7,29378,,False,False,0.02967032967032967,5,0.8541736602783203,10,20.834573894768244,0.015384615384615385,0.014285714285714285,True
34,search log,publicidade e concurso público,8,19482,,False,False,0.028958333333333336,4,0.854810893535614,15,16.540633928220917,0.015625,0.013333333333333334,True
34,search log,publicidade e concurso público,9,17183,,False,False,0.02862400327131466,7,0.8540736436843872,13,19.2889796555457,0.014925373134328358,0.0136986301369863,True
34,search log,publicidade e concurso público,10,64648,,False,False,0.027417840375586856,15,0.8488417863845825,11,19.690485458330212,0.013333333333333334,0.014084507042253521,False
35,search log,falecimento e multa,1,14815,3.0,True,True,0.031099324975891997,1,0.849801242351532,8,38.79087099383324,0.01639344262295082,0.014705882352941176,True
35,search log,falecimento e multa,2,23083,,False,False,0.030158730158730156,10,0.8455619812011719,3,40.21037878545714,0.014285714285714285,0.015873015873015872,True
35,search log,falecimento e multa,3,23168,,False,False,0.030158730158730156,3,0.8491163849830627,10,36.23096483765291,0.015873015873015872,0.014285714285714285,True
35,search log,falecimento e multa,4,40931,,False,False,0.029513888888888888,4,0.8479543924331665,12,32.88111779479837,0.015625,0.013888888888888888,True
35,search log,falecimento e multa,5,35357,,False,False,0.029418126757516764,7,0.8466179370880127,9,37.76053271044827,0.014925373134328358,0.014492753623188406,True
35,search log,falecimento e multa,6,23232,,False,False,0.028629032258064516,2,0.8493171334266663,20,27.695184064745142,0.016129032258064516,0.0125,True
35,search log,falecimento e multa,7,26237,3.0,True,True,0.027972027972027972,6,0.8467468023300171,18,28.438909142651195,0.015151515151515152,0.01282051282051282,True
35,search log,falecimento e multa,8,16864,3.0,True,True,0.027730294396961064,5,0.8476017117500305,21,26.64236881429719,0.015384615384615385,0.012345679012345678,True
35,search log,falecimento e multa,9,38978,,False,False,0.027598020555767037,14,0.8429309129714966,11,33.37301830443901,0.013513513513513514,0.014084507042253521,False
35,search log,falecimento e multa,10,22894,,False,False,0.026919758412424506,35,0.8368631601333618,1,40.54740167322394,0.010526315789473684,0.01639344262295082,False
36,search log,independência das instâncias,1,27935,3.0,True,True,0.03200204813108039,3,0.8498826026916504,2,30.961694376628635,0.015873015873015872,0.016129032258064516,True
36,search log,independência das instâncias,2,27867,3.0,True,True,0.03131881575727918,7,0.8463459014892578,1,31.137583733616907,0.014925373134328358,0.01639344262295082,True
36,search log,independência das instâncias,3,133284,,False,False,0.030776515151515152,6,0.8469983339309692,4,30.743826665441283,0.015151515151515152,0.015625,True
36,search log,independência das instâncias,4,24,,False,False,0.03028233151183971,1,0.8547833561897278,12,28.01806162573283,0.01639344262295082,0.013888888888888888,True
36,search log,independência das instâncias,5,17015,,False,False,0.02946236559139785,2,0.8505135774612427,15,23.539987192808777,0.016129032258064516,0.013333333333333334,True
36,search log,independência das instâncias,6,27835,,False,False,0.02819138376017471,9,0.8442450165748596,13,27.966695820749493,0.014492753623188406,0.0136986301369863,True
36,search log,independência das instâncias,7,31402,3.0,True,True,0.02797339593114241,12,0.843273937702179,11,29.575256532465517,0.013888888888888888,0.014084507042253521,False
36,search log,independência das instâncias,8,27955,3.0,True,True,0.027777777777777776,24,0.835640013217926,3,30.76667941794171,0.011904761904761904,0.015873015873015872,False
36,search log,independência das instâncias,9,27954,,False,False,0.027432808155699723,5,0.848219096660614,23,21.836092469370445,0.015384615384615385,0.012048192771084338,True
36,search log,independência das instâncias,10,25859,,False,False,0.027364110201042444,8,0.8452869057655334,19,22.1640151383446,0.014705882352941176,0.012658227848101266,True
37,search log,planejamento estratégico,1,28909,2.0,True,True,0.03252247488101534,1,0.8681167960166931,2,64.47939633015706,0.01639344262295082,0.016129032258064516,True
37,search log,planejamento estratégico,2,28974,2.0,True,True,0.031099324975891997,8,0.8489581942558289,1,71.20591418735694,0.014705882352941176,0.01639344262295082,True
37,search log,planejamento estratégico,3,31481,1.0,True,True,0.031054405392392875,2,0.8651368618011475,7,57.10014711980009,0.016129032258064516,0.014925373134328358,True
37,search log,planejamento estratégico,4,28975,,False,False,0.030798389007344232,7,0.8500796556472778,3,63.54826409815296,0.014925373134328358,0.015873015873015872,True
37,search log,planejamento estratégico,5,28898,1.0,True,True,0.030536130536130537,5,0.8541259765625,6,58.27467601481454,0.015384615384615385,0.015151515151515152,True
37,search log,planejamento estratégico,6,28964,,False,False,0.03036576949620428,3,0.8561460375785828,9,56.55209364706737,0.015873015873015872,0.014492753623188406,True
37,search log,planejamento estratégico,7,18459,,False,False,0.02904040404040404,6,0.8515946865081787,12,50.011377151196164,0.015151515151515152,0.013888888888888888,True
37,search log,planejamento estratégico,8,29382,,False,False,0.027783137179239824,13,0.8457049131393433,11,51.72677006577934,0.0136986301369863,0.014084507042253521,False
37,search log,planejamento estratégico,9,31370,,False,False,0.027529761904761904,24,0.840955376625061,4,58.33482887293899,0.011904761904761904,0.015625,False
37,search log,planejamento estratégico,10,29395,,False,False,0.027106227106227107,10,0.8474085927009583,18,47.014595624352324,0.014285714285714285,0.01282051282051282,True
38,search log,sistema s e licitação,1,38337,,False,False,0.032018442622950824,1,0.8651756048202515,4,67.61359227483487,0.01639344262295082,0.015625,True
38,search log,sistema s e licitação,2,20845,,False,False,0.031054405392392875,7,0.8599768877029419,2,67.67019105809,0.014925373134328358,0.016129032258064516,True
38,search log,sistema s e licitação,3,115433,,False,False,0.0304147465437788,2,0.8635932207107544,10,58.35493962252419,0.016129032258064516,0.014285714285714285,True
38,search log,sistema s e licitação,4,58033,,False,False,0.03036576949620428,3,0.8617081046104431,9,59.25214446728457,0.015873015873015872,0.014492753623188406,True
38,search log,sistema s e licitação,5,21063,3.0,True,True,0.029857397504456328,6,0.8602409958839417,8,65.4462915609606,0.015151515151515152,0.014705882352941176,True
38,search log,sistema s e licitação,6,33921,,False,False,0.02886002886002886,17,0.8558177947998047,3,67.67019105809,0.012987012987012988,0.015873015873015872,False
38,search log,sistema s e licitação,7,31571,,False,False,0.028612012987012988,4,0.8615247011184692,17,38.25024362253744,0.015625,0.012987012987012988,True
38,search log,sistema s e licitação,8,150960,,False,False,0.028370221327967807,10,0.8589136600494385,11,57.94134175157115,0.014285714285714285,0.014084507042253521,True
38,search log,sistema s e licitação,9,20623,,False,False,0.028083267871170464,16,0.8559341430664062,7,66.89467694522592,0.013157894736842105,0.014925373134328358,False
38,search log,sistema s e licitação,10,30628,,False,False,0.02728937728937729,5,0.8606268763542175,24,29.36455543177407,0.015384615384615385,0.011904761904761904,True
39,search log,citação e validade,1,25480,,False,False,0.030679156908665108,10,0.8451687097549438,1,41.411243920656005,0.014285714285714285,0.01639344262295082,True
39,search log,citação e validade,2,32813,3.0,True,True,0.03047794966520434,1,0.8582614660263062,11,35.65975239661283,0.01639344262295082,0.014084507042253521,True
39,search log,citação e validade,3,26261,,False,False,0.029437229437229435,6,0.8484899997711182,10,35.92109200626258,0.015151515151515152,0.014285714285714285,True
39,search log,citação e validade,4,25257,,False,False,0.0288981288981289,5,0.8504689931869507,14,32.98232622120207,0.015384615384615385,0.013513513513513514,True
39,search log,citação e validade,5,31302,,False,False,0.02813852813852814,17,0.8429861068725586,6,37.43153022144779,0.012987012987012988,0.015151515151515152,False
39,search log,citação e validade,6,26065,,False,False,0.027650648360030512,9,0.8453085422515869,16,32.845169926923624,0.014492753623188406,0.013157894736842105,True
39,search log,citação e validade,7,26236,3.0,True,True,0.02724014336917563,2,0.8568652868270874,30,31.926015296121438,0.016129032258064516,0.011111111111111112,True
39,search log,citação e validade,8,15744,,False,False,0.02348901098901099,31,0.8400118350982666,20,32.10911786842137,0.01098901098901099,0.0125,False
39,search log,citação e validade,9,26217,,False,False,0.023284147827264113,23,0.841645359992981,29,31.946822800957023,0.012048192771084338,0.011235955056179775,False
39,search log,citação e validade,10,52114,,False,False,0.023237179487179488,18,0.842716634273529,36,31.58716437490531,0.01282051282051282,0.010416666666666666,False
40,search log,multa a particulares,1,32484,,False,False,0.032018442622950824,1,0.8682692050933838,4,17.66056103911627,0.01639344262295082,0.015625,True
40,search log,multa a particulares,2,19374,,False,False,0.0315136476426799,5,0.8573989272117615,2,19.91834340747057,0.015384615384615385,0.016129032258064516,True
40,search log,multa a particulares,3,109147,,False,False,0.03149801587301587,4,0.857422947883606,3,18.735016752619117,0.015625,0.015873015873015872,True
40,search log,multa a particulares,4,54956,,False,False,0.03131881575727918,7,0.8571019172668457,1,21.02405931741406,0.014925373134328358,0.01639344262295082,True
40,search log,multa a particulares,5,131459,,False,False,0.031054405392392875,2,0.8605004549026489,7,15.994540007470217,0.016129032258064516,0.014925373134328358,True
40,search log,multa a particulares,6,35214,,False,False,0.030536130536130537,6,0.8572962284088135,5,17.235595467927975,0.015151515151515152,0.015384615384615385,True
40,search log,multa a particulares,7,34964,3.0,True,True,0.026333789329685362,8,0.8565478324890137,26,12.377944271330993,0.014705882352941176,0.011627906976744186,True
40,search log,multa a particulares,8,35180,,False,False,0.024827586206896554,15,0.8524157404899597,27,12.216697768591915,0.013333333333333334,0.011494252873563218,False
40,search log,multa a particulares,9,126287,,False,False,0.02434759214420231,3,0.858809769153595,58,10.335731608777962,0.015873015873015872,0.00847457627118644,True
40,search log,multa a particulares,10,128138,,False,False,0.022557269752220666,64,0.8419132232666016,9,15.634715141731693,0.008064516129032258,0.014492753623188406,False
41,search log,licitação e preço de mercado,1,33042,,False,False,0.03278688524590164,1,0.8744264245033264,1,40.25968737188212,0.01639344262295082,0.01639344262295082,True
41,search log,licitação e preço de mercado,2,34256,,False,False,0.02967032967032967,10,0.8628411889076233,5,33.476317310760734,0.014285714285714285,0.015384615384615385,True
41,search log,licitação e preço de mercado,3,22168,,False,False,0.029273504273504274,5,0.865141749382019,12,29.865302492648,0.015384615384615385,0.013888888888888888,True
41,search log,licitação e preço de mercado,4,21043,,False,False,0.02625745950554135,25,0.8601073622703552,9,33.319417693063414,0.011764705882352941,0.014492753623188406,False
41,search log,licitação e preço de mercado,5,22166,,False,False,0.02603648424543947,7,0.8638343811035156,30,25.432466328140002,0.014925373134328358,0.011111111111111112,True
41,search log,licitação e preço de mercado,6,18310,,False,False,0.024696969696969696,15,0.8622038960456848,28,25.63424981073622,0.013333333333333334,0.011363636363636364,False
41,search log,licitação e preço de mercado,7,21135,3.0,True,True,0.024502524502524506,31,0.8592238426208496,14,28.529009427763906,0.01098901098901099,0.013513513513513514,False
41,search log,licitação e preço de mercado,8,31629,,False,False,0.02428613482484545,26,0.8597500324249268,19,27.228849848580037,0.011627906976744186,0.012658227848101266,False
41,search log,licitação e preço de mercado,9,18287,,False,False,0.024065540194572452,2,0.8694030046463013,66,21.60766703855015,0.016129032258064516,0.007936507936507936,True
41,search log,licitação e preço de mercado,10,21292,,False,False,0.02388019427954668,8,0.8631918430328369,49,23.733420224264567,0.014705882352941176,0.009174311926605505,True
42,search log,edital modificação,1,21070,,False,False,0.032266458495966696,1,0.8585314154624939,3,36.364427542170496,0.01639344262295082,0.015873015873015872,True
42,search log,edital modificação,2,32980,,False,False,0.03200204813108039,3,0.8551355004310608,2,38.35614611680912,0.015873015873015872,0.016129032258064516,True
42,search log,edital modificação,3,17225,,False,False,0.031009615384615385,5,0.8496696352958679,4,33.72733123719443,0.015384615384615385,0.015625,True
42,search log,edital modificação,4,83622,,False,False,0.02928692699490662,2,0.8571693897247314,16,26.822412562970694,0.016129032258064516,0.013157894736842105,True
42,search log,edital modificação,5,21162,3.0,True,True,0.029273504273504274,12,0.8454973697662354,5,32.6802674998284,0.013888888888888888,0.015384615384615385,False
42,search log,edital modificação,6,20856,,False,False,0.028790389395194696,11,0.8455926179885864,8,32.15772483892785,0.014084507042253521,0.014705882352941176,False
42,search log,edital modificação,7,18363,,False,False,0.027205882352941177,8,0.8476929664611816,20,23.462202740867777,0.014705882352941176,0.0125,True
42,search log,edital modificação,8,19388,,False,False,0.02712049508554787,7,0.847835898399353,22,23.303705633280078,0.014925373134328358,0.012195121951219513,True
42,search log,edital modificação,9,21187,,False,False,0.027056277056277056,6,0.8488695621490479,24,22.68413389571703,0.015151515151515152,0.011904761904761904,True
42,search log,edital modificação,10,21058,3.0,True,True,0.026387470207694927,29,0.8428016901016235,6,32.65938825257074,0.011235955056179775,0.015151515151515152,False
43,search log,padronização marca,1,21814,3.0,True,True,0.031544957774465976,1,0.8569170236587524,6,67.45391230241944,0.01639344262295082,0.015151515151515152,True
43,search log,padronização marca,2,21815,,False,False,0.030621785881252923,2,0.8519641160964966,9,57.11501262205642,0.016129032258064516,0.014492753623188406,True
43,search log,padronização marca,3,33055,2.0,True,True,0.03055037313432836,7,0.8366063833236694,4,70.60413248792572,0.014925373134328358,0.015625,True
43,search log,padronização marca,4,34321,3.0,True,True,0.030536130536130537,6,0.8390604257583618,5,70.60413248792572,0.015151515151515152,0.015384615384615385,True
43,search log,padronização marca,5,34258,2.0,True,True,0.0304147465437788,10,0.8276007175445557,2,71.81580204913374,0.014285714285714285,0.016129032258064516,True
43,search log,padronização marca,6,22124,3.0,True,True,0.03036576949620428,9,0.8304458856582642,3,71.31248829759019,0.014492753623188406,0.015873015873015872,True
43,search log,padronização marca,7,22785,3.0,True,True,0.030330882352941176,4,0.845298171043396,8,61.35808205907472,0.015625,0.014705882352941176,True
43,search log,padronização marca,8,33056,3.0,True,True,0.029631255487269532,8,0.8334752321243286,7,67.14168109092975,0.014705882352941176,0.014925373134328358,True
43,search log,padronização marca,9,21839,2.0,True,True,0.029386529386529386,3,0.8490121960639954,14,48.392882568462866,0.015873015873015872,0.013513513513513514,True
43,search log,padronização marca,10,33054,,False,False,0.02804284323271665,5,0.8422413468360901,19,45.18130366902075,0.015384615384615385,0.012658227848101266,True
44,search log,interesse recíproco,1,39210,,False,False,0.032018442622950824,4,0.847471296787262,1,31.380915012019187,0.015625,0.01639344262295082,True
44,search log,interesse recíproco,2,79814,,False,False,0.03200204813108039,3,0.8475356101989746,2,19.00659809648846,0.015873015873015872,0.016129032258064516,True
44,search log,interesse recíproco,3,27091,,False,False,0.030886196246139225,1,0.8518010973930359,9,15.369284986963255,0.01639344262295082,0.014492753623188406,True
44,search log,interesse recíproco,4,29651,,False,False,0.030776515151515152,6,0.8455133438110352,4,17.0432728569627,0.015151515151515152,0.015625,True
44,search log,interesse recíproco,5,50525,,False,False,0.03076923076923077,5,0.8473529815673828,5,16.967553493451852,0.015384615384615385,0.015384615384615385,True
44,search log,interesse recíproco,6,39209,,False,False,0.028693528693528692,18,0.8391134738922119,3,18.620710371815637,0.01282051282051282,0.015873015873015872,False
44,search log,interesse recíproco,7,27024,,False,False,0.02857142857142857,10,0.8423788547515869,10,14.425827023559112,0.014285714285714285,0.014285714285714285,True
44,search log,interesse recíproco,8,81299,,False,False,0.026161328190508135,7,0.8450677990913391,29,11.735644867668183,0.014925373134328358,0.011235955056179775,True
44,search log,interesse recíproco,9,15067,3.0,True,True,0.024603608529250955,2,0.8475369811058044,58,10.510649538030169,0.016129032258064516,0.00847457627118644,True
44,search log,interesse recíproco,10,27090,1.0,True,True,0.0233423111453123,9,0.8440827131271362,53,10.708043479122754,0.014492753623188406,0.008849557522123894,True
45,search log,pesquisa de preços,1,117370,3.0,True,True,0.03278688524590164,1,0.8738073110580444,1,59.70865259096055,0.01639344262295082,0.01639344262295082,True
45,search log,pesquisa de preços,2,139562,3.0,True,True,0.03225806451612903,2,0.8689920902252197,2,59.572981963430514,0.016129032258064516,0.016129032258064516,True
45,search log,pesquisa de preços,3,21789,,False,False,0.029957522915269395,11,0.8513243198394775,3,56.697211279210784,0.014084507042253521,0.015873015873015872,False
45,search log,pesquisa de preços,4,22166,,False,False,0.02976190476190476,3,0.8608123064041138,12,45.21403634968535,0.015873015873015872,0.013888888888888888,True
45,search log,pesquisa de preços,5,22170,,False,False,0.028814262023217248,12,0.8493908047676086,7,50.16719380272207,0.013888888888888888,0.014925373134328358,False
45,search log,pesquisa de preços,6,22836,,False,False,0.02877846790890269,10,0.8519935607910156,9,49.101355877485034,0.014285714285714285,0.014492753623188406,True
45,search log,pesquisa de preços,7,31629,,False,False,0.02668564312399929,13,0.8488088846206665,17,44.734057505880976,0.0136986301369863,0.012987012987012988,False
45,search log,pesquisa de preços,8,21835,,False,False,0.026334026334026334,14,0.8485051989555359,18,44.734057505880976,0.013513513513513514,0.01282051282051282,False
45,search log,pesquisa de preços,9,35676,,False,False,0.025726010101010104,4,0.8574250936508179,39,38.73832888728679,0.015625,0.010101010101010102,True
45,search log,pesquisa de preços,10,22167,,False,False,0.0250384024577573,33,0.8408979773521423,10,47.08249605269222,0.010752688172043012,0.014285714285714285,False
46,search log,planilha de custos e formação de preços,1,33042,,False,False,0.03131881575727918,7,0.8583676815032959,1,35.144283060699074,0.014925373134328358,0.01639344262295082,True
46,search log,planilha de custos e formação de preços,2,32965,,False,False,0.03128054740957967,6,0.861568033695221,2,31.46103177395913,0.015151515151515152,0.016129032258064516,True
46,search log,planilha de custos e formação de preços,3,19430,,False,False,0.03021353930031804,2,0.8648550510406494,11,26.600169713587178,0.016129032258064516,0.014084507042253521,True
46,search log,planilha de custos e formação de preços,4,29371,3.0,True,True,0.028693528693528692,3,0.864193320274353,18,23.932974323324697,0.015873015873015872,0.01282051282051282,True
46,search log,planilha de custos e formação de preços,5,33908,,False,False,0.02606951871657754,8,0.8582770824432373,28,22.451445672679867,0.014705882352941176,0.011363636363636364,True
46,search log,planilha de custos e formação de preços,6,21292,,False,False,0.025326537113730486,13,0.8553809523582458,26,22.655804094679926,0.0136986301369863,0.011627906976744186,False
46,search log,planilha de custos e formação de preços,7,29349,3.0,True,True,0.025188536953242836,5,0.8621933460235596,42,19.9214767676833,0.015384615384615385,0.00980392156862745,True
46,search log,planilha de custos e formação de preços,8,34936,,False,False,0.024799311926605505,4,0.8631495237350464,49,18.990258168953005,0.015625,0.009174311926605505,True
46,search log,planilha de custos e formação de preços,9,98015,,False,False,0.024492753623188406,9,0.8578381538391113,40,20.53562988400654,0.014492753623188406,0.01,True
46,search log,planilha de custos e formação de preços,10,31626,,False,False,0.024393871783430016,21,0.8531386852264404,23,22.972331145902587,0.012345679012345678,0.012048192771084338,False
47,search log,publicidade e propaganda,1,28888,,False,False,0.03278688524590164,1,0.8630803823471069,1,35.74680207172195,0.01639344262295082,0.01639344262295082,True
47,search log,publicidade e propaganda,2,33815,3.0,True,True,0.03225806451612903,2,0.8626978397369385,2,34.28041510730033,0.016129032258064516,0.016129032258064516,True
47,search log,publicidade e propaganda,3,29378,3.0,True,True,0.031746031746031744,3,0.8591955304145813,3,31.412000009043542,0.015873015873015872,0.015873015873015872,True
47,search log,publicidade e propaganda,4,33791,2.0,True,True,0.031009615384615385,5,0.8520426750183105,4,31.365114566218715,0.015384615384615385,0.015625,True
47,search log,publicidade e propaganda,5,29358,,False,False,0.030309988518943745,7,0.8506711721420288,5,27.14993807122006,0.014925373134328358,0.015384615384615385,True
47,search log,publicidade e propaganda,6,28860,,False,False,0.029418126757516764,9,0.8501143455505371,7,24.457857863248122,0.014492753623188406,0.014925373134328358,True
47,search log,publicidade e propaganda,7,17183,,False,False,0.0293236301369863,4,0.8535109758377075,13,19.0978417091777,0.015625,0.0136986301369863,True
47,search log,publicidade e propaganda,8,34280,,False,False,0.028665028665028666,14,0.8465294241905212,6,26.11824043335107,0.013513513513513514,0.015151515151515152,False
47,search log,publicidade e propaganda,9,150303,,False,False,0.028370221327967807,10,0.8475573062896729,11,19.469635518303647,0.014285714285714285,0.014084507042253521,True
47,search log,publicidade e propaganda,10,28889,,False,False,0.02625745950554135,25,0.8424038887023926,9,20.4752669793024,0.011764705882352941,0.014492753623188406,False
48,search log,processo seletivo e sistema s,1,20257,3.0,True,True,0.03252247488101534,2,0.8718458414077759,1,64.6574412556288,0.016129032258064516,0.01639344262295082,True
48,search log,processo seletivo e sistema s,2,113690,3.0,True,True,0.03149801587301587,4,0.8672139644622803,3,58.43173161409638,0.015625,0.015873015873015872,True
48,search log,processo seletivo e sistema s,3,31722,,False,False,0.030834914611005692,8,0.8646872639656067,2,60.82304479295263,0.014705882352941176,0.016129032258064516,True
48,search log,processo seletivo e sistema s,4,19602,,False,False,0.029877369007803793,5,0.8671910166740417,9,56.026431597551756,0.015384615384615385,0.014492753623188406,True
48,search log,processo seletivo e sistema s,5,19600,3.0,True,True,0.02921395544346364,1,0.8719364404678345,18,52.628548550162535,0.01639344262295082,0.01282051282051282,True
48,search log,processo seletivo e sistema s,6,20307,,False,False,0.029211087420042643,10,0.8597553372383118,7,56.44860728406534,0.014285714285714285,0.014925373134328358,True
48,search log,processo seletivo e sistema s,7,15793,,False,False,0.02904040404040404,6,0.8661878108978271,12,53.55103401506818,0.015151515151515152,0.013888888888888888,True
48,search log,processo seletivo e sistema s,8,19601,3.0,True,True,0.02886002886002886,3,0.8717907667160034,17,52.79310867188182,0.015873015873015872,0.012987012987012988,True
48,search log,processo seletivo e sistema s,9,44837,,False,False,0.02854251012145749,16,0.8574886322021484,5,58.07344084142342,0.013157894736842105,0.015384615384615385,False
48,search log,processo seletivo e sistema s,10,19572,3.0,True,True,0.02819138376017471,9,0.8600603342056274,13,53.34968844640984,0.014492753623188406,0.0136986301369863,True
49,search log,modalidade de licitação,1,19394,,False,False,0.03177805800756621,5,0.8698645830154419,1,69.51791532029335,0.015384615384615385,0.01639344262295082,True
49,search log,modalidade de licitação,2,19393,,False,False,0.031754032258064516,2,0.8740650415420532,4,69.12540470761249,0.016129032258064516,0.015625,True
49,search log,modalidade de licitação,3,34123,,False,False,0.03149801587301587,4,0.8733201026916504,3,69.19098622109681,0.015625,0.015873015873015872,True
49,search log,modalidade de licitação,4,18852,2.0,True,True,0.029726775956284153,1,0.8842589855194092,15,44.955954349560336,0.01639344262295082,0.013333333333333334,True
49,search log,modalidade de licitação,5,20901,,False,False,0.029571646010002173,3,0.8736226558685303,13,46.37269104513857,0.015873015873015872,0.0136986301369863,True
49,search log,modalidade de licitação,6,18232,,False,False,0.029418126757516764,9,0.8665065169334412,7,49.29366841710967,0.014492753623188406,0.014925373134328358,True
49,search log,modalidade de licitação,7,34292,,False,False,0.029083245521601686,13,0.8639481067657471,5,69.02406910024422,0.0136986301369863,0.015384615384615385,False
49,search log,modalidade de licitação,8,34110,,False,False,0.02832415420928403,22,0.8607449531555176,2,69.42522480267726,0.012195121951219513,0.016129032258064516,False
49,search log,modalidade de licitação,9,34205,,False,False,0.02821939586645469,8,0.8667028546333313,14,45.35736720257374,0.014705882352941176,0.013513513513513514,True
49,search log,modalidade de licitação,10,19399,,False,False,0.02749719416386083,6,0.868800938129425,21,20.66278299249675,0.015151515151515152,0.012345679012345678,True
50,search log,antecipação de pagamento,1,18396,,False,False,0.032266458495966696,3,0.863860547542572,1,91.77630130261143,0.015873015873015872,0.01639344262295082,True
50,search log,antecipação de pagamento,2,17818,,False,False,0.03177805800756621,1,0.8702021837234497,5,85.8701842945289,0.01639344262295082,0.015384615384615385,True
50,search log,antecipação de pagamento,3,18953,,False,False,0.030776515151515152,4,0.8632998466491699,6,84.81791992792304,0.015625,0.015151515151515152,True
50,search log,antecipação de pagamento,4,71048,3.0,True,True,0.030621785881252923,2,0.8648212552070618,9,81.5413390036192,0.016129032258064516,0.014492753623188406,True
50,search log,antecipação de pagamento,5,17334,,False,False,0.03021353930031804,11,0.8582335710525513,2,88.44477862122444,0.014084507042253521,0.016129032258064516,False
50,search log,antecipação de pagamento,6,17123,3.0,True,True,0.029513888888888888,12,0.8582264184951782,4,87.97635890834346,0.013888888888888888,0.015625,False
50,search log,antecipação de pagamento,7,17097,3.0,True,True,0.029418126757516764,9,0.8591396808624268,7,82.00012332856858,0.014492753623188406,0.014925373134328358,True
50,search log,antecipação de pagamento,8,32601,3.0,True,True,0.028309409888357256,6,0.8611241579055786,16,72.3327121954611,0.015151515151515152,0.013157894736842105,True
50,search log,antecipação de pagamento,9,7109,,False,False,0.028258706467661692,7,0.8611025810241699,15,72.51743970730287,0.014925373134328358,0.013333333333333334,True
50,search log,antecipação de pagamento,10,18398,3.0,True,True,0.027526395173453996,18,0.8534624576568604,8,81.62504316147046,0.01282051282051282,0.014705882352941176,False
51,expression from LLM question,concessão remunerada de uso de bens públicos modalidade,1,18426,,False,False,0.03278688524590164,1,0.877230167388916,1,64.9290860850748,0.01639344262295082,0.01639344262295082,True
51,expression from LLM question,concessão remunerada de uso de bens públicos modalidade,2,31277,,False,False,0.031754032258064516,4,0.8728112578392029,2,61.57539778261252,0.015625,0.016129032258064516,True
51,expression from LLM question,concessão remunerada de uso de bens públicos modalidade,3,31281,,False,False,0.031754032258064516,2,0.8738691806793213,4,52.12590922384108,0.016129032258064516,0.015625,True
51,expression from LLM question,concessão remunerada de uso de bens públicos modalidade,4,31251,2.0,True,True,0.029957522915269395,11,0.8633846640586853,3,57.28028329202428,0.014084507042253521,0.015873015873015872,False
51,expression from LLM question,concessão remunerada de uso de bens públicos modalidade,5,14270,2.0,True,True,0.02946912242686891,5,0.8723416328430176,11,48.67042151749512,0.015384615384615385,0.014084507042253521,True
51,expression from LLM question,concessão remunerada de uso de bens públicos modalidade,6,31280,,False,False,0.028665028665028666,14,0.8619738817214966,6,50.3438510541936,0.013513513513513514,0.015151515151515152,False
51,expression from LLM question,concessão remunerada de uso de bens públicos modalidade,7,17128,,False,False,0.02719970792259949,6,0.8679667711257935,23,36.07684813907989,0.015151515151515152,0.012048192771084338,True
51,expression from LLM question,concessão remunerada de uso de bens públicos modalidade,8,14862,3.0,True,True,0.02712049508554787,7,0.8644587397575378,22,39.132824441392934,0.014925373134328358,0.012195121951219513,True
51,expression from LLM question,concessão remunerada de uso de bens públicos modalidade,9,40888,,False,False,0.02594183740912095,8,0.8638243675231934,29,28.549206841684267,0.014705882352941176,0.011235955056179775,True
51,expression from LLM question,concessão remunerada de uso de bens públicos modalidade,10,17360,2.0,True,True,0.02591362126245847,10,0.8635308742523193,26,30.539448634663383,0.014285714285714285,0.011627906976744186,True
52,expression from LLM question,citação válida falecimento,1,26236,,False,False,0.0315136476426799,2,0.845788300037384,5,19.24722258334415,0.016129032258064516,0.015384615384615385,True
52,expression from LLM question,citação válida falecimento,2,139391,3.0,True,True,0.03131881575727918,1,0.8541026711463928,7,19.118882756850276,0.01639344262295082,0.014925373134328358,True
52,expression from LLM question,citação válida falecimento,3,24280,,False,False,0.02976190476190476,3,0.8444163799285889,12,17.97989135927161,0.015873015873015872,0.013888888888888888,True
52,expression from LLM question,citação válida falecimento,4,40940,3.0,True,True,0.029709507042253523,4,0.8442957401275635,11,18.425890228699032,0.015625,0.014084507042253521,True
52,expression from LLM question,citação válida falecimento,5,32813,,False,False,0.029083245521601686,5,0.842630922794342,13,17.29388905124991,0.015384615384615385,0.0136986301369863,True
52,expression from LLM question,citação válida falecimento,6,46654,,False,False,0.028309409888357256,6,0.8418259024620056,16,17.05233618182419,0.015151515151515152,0.013157894736842105,True
52,expression from LLM question,citação válida falecimento,7,31302,,False,False,0.025478740668614087,19,0.8371797800064087,18,16.618540493093864,0.012658227848101266,0.01282051282051282,False
52,expression from LLM question,citação válida falecimento,8,24278,,False,False,0.02542892156862745,42,0.8335846662521362,4,20.10033531465296,0.00980392156862745,0.015625,False
52,expression from LLM question,citação válida falecimento,9,29837,,False,False,0.025396825396825397,10,0.8411037921905518,30,15.311300057726177,0.014285714285714285,0.011111111111111112,True
52,expression from LLM question,citação válida falecimento,10,24244,,False,False,0.023774930656452253,7,0.841728925704956,53,13.287101214686402,0.014925373134328358,0.008849557522123894,True
53,expression from LLM question,garantia contratual patrimônio líquido mínimo,1,33935,,False,False,0.032018442622950824,4,0.8685704469680786,1,109.11392601481107,0.015625,0.01639344262295082,True
53,expression from LLM question,garantia contratual patrimônio líquido mínimo,2,26373,2.0,True,True,0.031009615384615385,5,0.8680480718612671,4,103.2143708854427,0.015384615384615385,0.015625,True
53,expression from LLM question,garantia contratual patrimônio líquido mínimo,3,22789,,False,False,0.03036576949620428,3,0.8726776242256165,9,97.08757254047488,0.015873015873015872,0.014492753623188406,True
53,expression from LLM question,garantia contratual patrimônio líquido mínimo,4,31662,,False,False,0.03036576949620428,9,0.8602272868156433,3,103.35473962573964,0.014492753623188406,0.015873015873015872,True
53,expression from LLM question,garantia contratual patrimônio líquido mínimo,5,48357,3.0,True,True,0.030017921146953404,2,0.8739720582962036,12,92.66291717491126,0.016129032258064516,0.013888888888888888,True
53,expression from LLM question,garantia contratual patrimônio líquido mínimo,6,21843,,False,False,0.029906956136464335,1,0.8754823803901672,14,83.71774502389736,0.01639344262295082,0.013513513513513514,True
53,expression from LLM question,garantia contratual patrimônio líquido mínimo,7,22212,2.0,True,True,0.028991596638655463,10,0.8556484580039978,8,97.1307547689439,0.014285714285714285,0.014705882352941176,True
53,expression from LLM question,garantia contratual patrimônio líquido mínimo,8,21801,2.0,True,True,0.028790389395194696,8,0.8622575402259827,11,96.93659736529067,0.014705882352941176,0.014084507042253521,True
53,expression from LLM question,garantia contratual patrimônio líquido mínimo,9,31524,,False,False,0.02862400327131466,7,0.8647348880767822,13,84.78759286908466,0.014925373134328358,0.0136986301369863,True
53,expression from LLM question,garantia contratual patrimônio líquido mínimo,10,22211,2.0,True,True,0.028484848484848488,15,0.8482229113578796,6,103.01692983897917,0.013333333333333334,0.015151515151515152,False
54,expression from LLM question,garantia de participação patrimônio líquido mínimo,1,33935,,False,False,0.03177805800756621,5,0.8705909252166748,1,106.81654467510319,0.015384615384615385,0.01639344262295082,True
54,expression from LLM question,garantia de participação patrimônio líquido mínimo,2,26373,2.0,True,True,0.03149801587301587,3,0.8724949955940247,4,100.93764050578748,0.015873015873015872,0.015625,True
54,expression from LLM question,garantia de participação patrimônio líquido mínimo,3,22789,,False,False,0.030886196246139225,1,0.8800846934318542,9,94.99833209282596,0.01639344262295082,0.014492753623188406,True
54,expression from LLM question,garantia de participação patrimônio líquido mínimo,4,22211,2.0,True,True,0.03036576949620428,9,0.865121603012085,3,101.18233136680185,0.014492753623188406,0.015873015873015872,True
54,expression from LLM question,garantia de participação patrimônio líquido mínimo,5,22212,2.0,True,True,0.029857397504456328,6,0.8687965869903564,8,95.04380445552803,0.015151515151515152,0.014705882352941176,True
54,expression from LLM question,garantia de participação patrimônio líquido mínimo,6,21843,,False,False,0.02964254577157803,2,0.8781700134277344,14,81.34889117748222,0.016129032258064516,0.013513513513513514,True
54,expression from LLM question,garantia de participação patrimônio líquido mínimo,7,48357,2.0,True,True,0.029513888888888888,4,0.8710144758224487,12,90.22519441047798,0.015625,0.013888888888888888,True
54,expression from LLM question,garantia de participação patrimônio líquido mínimo,8,31662,,False,False,0.029236022193768675,11,0.8608795404434204,6,100.71016342133731,0.014084507042253521,0.015151515151515152,False
54,expression from LLM question,garantia de participação patrimônio líquido mínimo,9,22840,,False,False,0.027984344422700584,13,0.8602787256240845,10,94.71663899745386,0.0136986301369863,0.014285714285714285,False
54,expression from LLM question,garantia de participação patrimônio líquido mínimo,10,31524,,False,False,0.027984344422700584,10,0.864471435546875,13,82.33122978527166,0.014285714285714285,0.0136986301369863,True
55,expression from LLM question,despesas sem cobertura contratual multa,1,18112,,False,False,0.032018442622950824,4,0.8596754670143127,1,29.223551120886466,0.015625,0.01639344262295082,True
55,expression from LLM question,despesas sem cobertura contratual multa,2,18924,2.0,True,True,0.03177805800756621,1,0.8794868588447571,5,21.672123336292298,0.01639344262295082,0.015384615384615385,True
55,expression from LLM question,despesas sem cobertura contratual multa,3,34734,,False,False,0.030536130536130537,5,0.8583962321281433,6,21.59927946084977,0.015384615384615385,0.015151515151515152,True
55,expression from LLM question,despesas sem cobertura contratual multa,4,17815,,False,False,0.0304147465437788,10,0.856216549873352,2,22.603515889109627,0.014285714285714285,0.016129032258064516,True
55,expression from LLM question,despesas sem cobertura contratual multa,5,19450,,False,False,0.0304147465437788,2,0.8607489466667175,10,18.97832008973913,0.016129032258064516,0.014285714285714285,True
55,expression from LLM question,despesas sem cobertura contratual multa,6,35446,,False,False,0.03036576949620428,9,0.8562529683113098,3,22.456816182101196,0.014492753623188406,0.015873015873015872,True
55,expression from LLM question,despesas sem cobertura contratual multa,7,15316,,False,False,0.029957522915269395,3,0.8601140379905701,11,18.506014108830563,0.015873015873015872,0.014084507042253521,True
55,expression from LLM question,despesas sem cobertura contratual multa,8,34114,,False,False,0.02749719416386083,6,0.8581935167312622,21,14.434364098673045,0.015151515151515152,0.012345679012345678,True
55,expression from LLM question,despesas sem cobertura contratual multa,9,35218,,False,False,0.024321266968325792,8,0.856736958026886,44,11.999800473995855,0.014705882352941176,0.009615384615384616,True
55,expression from LLM question,despesas sem cobertura contratual multa,10,35399,,False,False,0.024201491487266073,43,0.8500292301177979,9,20.116758909773363,0.009708737864077669,0.014492753623188406,False
56,expression from LLM question,uso de áreas comerciais em aeroportos pregão,1,14278,,False,False,0.03131881575727918,7,0.8439664840698242,1,71.59849120241103,0.014925373134328358,0.01639344262295082,True
56,expression from LLM question,uso de áreas comerciais em aeroportos pregão,2,31249,3.0,True,True,0.03125,4,0.850341796875,4,55.66571389990413,0.015625,0.015625,True
56,expression from LLM question,uso de áreas comerciais em aeroportos pregão,3,18865,3.0,True,True,0.031099324975891997,1,0.8678961992263794,8,47.6897816970529,0.01639344262295082,0.014705882352941176,True
56,expression from LLM question,uso de áreas comerciais em aeroportos pregão,4,14273,2.0,True,True,0.031024531024531024,6,0.8457132577896118,3,59.00991929373825,0.015151515151515152,0.015873015873015872,True
56,expression from LLM question,uso de áreas comerciais em aeroportos pregão,5,31252,1.0,True,True,0.030621785881252923,9,0.8391562700271606,2,59.69646972580924,0.014492753623188406,0.016129032258064516,True
56,expression from LLM question,uso de áreas comerciais em aeroportos pregão,6,17360,,False,False,0.0304147465437788,2,0.8663666248321533,10,39.832107914293,0.016129032258064516,0.014285714285714285,True
56,expression from LLM question,uso de áreas comerciais em aeroportos pregão,7,2845,,False,False,0.029957522915269395,3,0.8571438193321228,11,39.23232296654581,0.015873015873015872,0.014084507042253521,True
56,expression from LLM question,uso de áreas comerciais em aeroportos pregão,8,14114,2.0,True,True,0.02946912242686891,11,0.8389530777931213,5,54.94610222061238,0.014084507042253521,0.015384615384615385,False
56,expression from LLM question,uso de áreas comerciais em aeroportos pregão,9,31278,2.0,True,True,0.027809742999616416,19,0.836151659488678,6,53.774164977002506,0.012658227848101266,0.015151515151515152,False
56,expression from LLM question,uso de áreas comerciais em aeroportos pregão,10,31250,1.0,True,True,0.02712049508554787,22,0.8353052139282227,7,51.83379909938222,0.012195121951219513,0.014925373134328358,False
57,expression from LLM question,cessão das áreas comerciais de centrais públicas de abastecimento de gêneros alimentícios licitação,1,18426,2.0,True,True,0.03252247488101534,2,0.865328311920166,1,58.03293727906931,0.016129032258064516,0.01639344262295082,True
57,expression from LLM question,cessão das áreas comerciais de centrais públicas de abastecimento de gêneros alimentícios licitação,2,5714,3.0,True,True,0.032266458495966696,1,0.87214195728302,3,54.488149693303356,0.01639344262295082,0.015873015873015872,True
57,expression from LLM question,cessão das áreas comerciais de centrais públicas de abastecimento de gêneros alimentícios licitação,3,31251,,False,False,0.0315136476426799,5,0.8613364696502686,2,56.203161816976895,0.015384615384615385,0.016129032258064516,True
57,expression from LLM question,cessão das áreas comerciais de centrais públicas de abastecimento de gêneros alimentícios licitação,4,31281,,False,False,0.029877369007803793,9,0.855431318283081,5,47.6877264304359,0.014492753623188406,0.015384615384615385,True
57,expression from LLM question,cessão das áreas comerciais de centrais públicas de abastecimento de gêneros alimentícios licitação,5,18100,2.0,True,True,0.02862400327131466,13,0.8539487719535828,7,43.49147888645811,0.0136986301369863,0.014925373134328358,False
57,expression from LLM question,cessão das áreas comerciais de centrais públicas de abastecimento de gêneros alimentícios licitação,6,14862,,False,False,0.027271052146674038,7,0.8579778671264648,21,32.06201913347857,0.014925373134328358,0.012345679012345678,True
57,expression from LLM question,cessão das áreas comerciais de centrais públicas de abastecimento de gêneros alimentícios licitação,7,31618,,False,False,0.02690100430416069,8,0.8566914796829224,22,29.894382882462846,0.014705882352941176,0.012195121951219513,True
57,expression from LLM question,cessão das áreas comerciais de centrais públicas de abastecimento de gêneros alimentícios licitação,8,17360,,False,False,0.02664576802507837,6,0.8580408692359924,27,23.12217915773372,0.015151515151515152,0.011494252873563218,True
57,expression from LLM question,cessão das áreas comerciais de centrais públicas de abastecimento de gêneros alimentícios licitação,9,18037,,False,False,0.026494565217391304,4,0.8631103038787842,32,18.063489883251265,0.015625,0.010869565217391304,True
57,expression from LLM question,cessão das áreas comerciais de centrais públicas de abastecimento de gêneros alimentícios licitação,10,18223,,False,False,0.02552166934189406,10,0.8551071286201477,29,21.93042235510172,0.014285714285714285,0.011235955056179775,True
58,expression from LLM question,capacidade bens pertinentes e compatíveis com o objeto da licitação comprovação,1,33077,,False,False,0.03131881575727918,7,0.863416850566864,1,72.88935605611135,0.014925373134328358,0.01639344262295082,True
58,expression from LLM question,capacidade bens pertinentes e compatíveis com o objeto da licitação comprovação,2,22780,,False,False,0.0304147465437788,10,0.8625775575637817,2,69.22224225075755,0.014285714285714285,0.016129032258064516,True
58,expression from LLM question,capacidade bens pertinentes e compatíveis com o objeto da licitação comprovação,3,21939,,False,False,0.03036576949620428,9,0.8629441261291504,3,68.37555636913991,0.014492753623188406,0.015873015873015872,True
58,expression from LLM question,capacidade bens pertinentes e compatíveis com o objeto da licitação comprovação,4,21923,,False,False,0.028958333333333336,4,0.8657633662223816,15,57.62328580032036,0.015625,0.013333333333333334,True
58,expression from LLM question,capacidade bens pertinentes e compatíveis com o objeto da licitação comprovação,5,22146,,False,False,0.028665028665028666,6,0.8643036484718323,14,59.24987866797418,0.015151515151515152,0.013513513513513514,True
58,expression from LLM question,capacidade bens pertinentes e compatíveis com o objeto da licitação comprovação,6,22773,,False,False,0.02854251012145749,16,0.8608826994895935,5,67.49677361988309,0.013157894736842105,0.015384615384615385,False
58,expression from LLM question,capacidade bens pertinentes e compatíveis com o objeto da licitação comprovação,7,22144,,False,False,0.027757078986587184,1,0.8689016103744507,28,43.90490832732151,0.01639344262295082,0.011363636363636364,True
58,expression from LLM question,capacidade bens pertinentes e compatíveis com o objeto da licitação comprovação,8,22833,,False,False,0.027730294396961064,5,0.8644042611122131,21,45.89454177413509,0.015384615384615385,0.012345679012345678,True
58,expression from LLM question,capacidade bens pertinentes e compatíveis com o objeto da licitação comprovação,9,31671,,False,False,0.026625704045058884,3,0.867230236530304,33,38.16643057225957,0.015873015873015872,0.010752688172043012,True
58,expression from LLM question,capacidade bens pertinentes e compatíveis com o objeto da licitação comprovação,10,17377,,False,False,0.02651914295749912,13,0.8619099259376526,18,51.18320148760908,0.0136986301369863,0.01282051282051282,False
59,expression from LLM question,extrapolação dos limites para alterações consensuais qualitativas de contratos de obras e serviços,1,18359,,False,False,0.03177805800756621,1,0.8718661069869995,5,72.08344327315243,0.01639344262295082,0.015384615384615385,True
59,expression from LLM question,extrapolação dos limites para alterações consensuais qualitativas de contratos de obras e serviços,2,18018,,False,False,0.031544957774465976,6,0.8575172424316406,1,78.37419506858723,0.015151515151515152,0.01639344262295082,True
59,expression from LLM question,extrapolação dos limites para alterações consensuais qualitativas de contratos de obras e serviços,3,122672,,False,False,0.030798389007344232,7,0.8571937084197998,3,73.39495300978498,0.014925373134328358,0.015873015873015872,True
59,expression from LLM question,extrapolação dos limites para alterações consensuais qualitativas de contratos de obras e serviços,4,83623,,False,False,0.029827662395050816,2,0.8610096573829651,13,67.70509748154117,0.016129032258064516,0.0136986301369863,True
59,expression from LLM question,extrapolação dos limites para alterações consensuais qualitativas de contratos de obras e serviços,5,17090,3.0,True,True,0.02976190476190476,3,0.85964035987854,12,68.59253090787568,0.015873015873015872,0.013888888888888888,True
59,expression from LLM question,extrapolação dos limites para alterações consensuais qualitativas de contratos de obras e serviços,6,18936,1.0,True,True,0.027984344422700584,13,0.8547004461288452,10,70.23378437291083,0.0136986301369863,0.014285714285714285,False
59,expression from LLM question,extrapolação dos limites para alterações consensuais qualitativas de contratos de obras e serviços,7,67219,,False,False,0.027673192771084338,23,0.8537662029266357,4,72.08344327315243,0.012048192771084338,0.015625,False
59,expression from LLM question,extrapolação dos limites para alterações consensuais qualitativas de contratos de obras e serviços,8,56317,,False,False,0.027479766610201392,9,0.8561629056930542,17,64.33563277267909,0.014492753623188406,0.012987012987012988,True
59,expression from LLM question,extrapolação dos limites para alterações consensuais qualitativas de contratos de obras e serviços,9,49135,,False,False,0.026655348047538198,35,0.853008508682251,2,76.3668597503705,0.010526315789473684,0.016129032258064516,False
59,expression from LLM question,extrapolação dos limites para alterações consensuais qualitativas de contratos de obras e serviços,10,18019,,False,False,0.026419626007891578,27,0.8534500002861023,7,71.86470119666609,0.011494252873563218,0.014925373134328358,False
60,expression from LLM question,responsabilidade do gestor sucessor omissão do antecessor,1,144943,,False,False,0.03252247488101534,2,0.8629181385040283,1,57.31860693125478,0.016129032258064516,0.01639344262295082,True
60,expression from LLM question,responsabilidade do gestor sucessor omissão do antecessor,2,35065,,False,False,0.030536130536130537,6,0.8580456972122192,5,53.38086197095309,0.015151515151515152,0.015384615384615385,True
60,expression from LLM question,responsabilidade do gestor sucessor omissão do antecessor,3,35341,,False,False,0.029910714285714284,4,0.8607393503189087,10,50.41888577496082,0.015625,0.014285714285714285,True
60,expression from LLM question,responsabilidade do gestor sucessor omissão do antecessor,4,34673,,False,False,0.029437229437229435,10,0.8544372320175171,6,53.13378211935735,0.014285714285714285,0.015151515151515152,True
60,expression from LLM question,responsabilidade do gestor sucessor omissão do antecessor,5,34672,3.0,True,True,0.028169014084507043,11,0.854202389717102,11,50.10078667951848,0.014084507042253521,0.014084507042253521,False
60,expression from LLM question,responsabilidade do gestor sucessor omissão do antecessor,6,35257,,False,False,0.027884615384615386,5,0.8606608510017395,20,43.42150029711961,0.015384615384615385,0.0125,True
60,expression from LLM question,responsabilidade do gestor sucessor omissão do antecessor,7,34958,,False,False,0.027745885954841176,18,0.8507310152053833,7,51.46191689928792,0.01282051282051282,0.014925373134328358,False
60,expression from LLM question,responsabilidade do gestor sucessor omissão do antecessor,8,35340,,False,False,0.02750455373406193,1,0.8668233156204224,30,40.55516603665146,0.01639344262295082,0.011111111111111112,True
60,expression from LLM question,responsabilidade do gestor sucessor omissão do antecessor,9,29178,,False,False,0.026838432635534086,9,0.8550967574119568,21,43.099936091454204,0.014492753623188406,0.012345679012345678,True
60,expression from LLM question,responsabilidade do gestor sucessor omissão do antecessor,10,35329,,False,False,0.026742581090407176,32,0.8461697101593018,3,54.75413589051877,0.010869565217391304,0.015873015873015872,False
61,expression from LLM question,projeto de parceria público-privada modalidade,1,16157,1.0,True,True,0.03200204813108039,2,0.845474362373352,3,22.007090733541016,0.016129032258064516,0.015873015873015872,True
61,expression from LLM question,projeto de parceria público-privada modalidade,2,86184,,False,False,0.031754032258064516,4,0.8395865559577942,2,24.09845149438656,0.015625,0.016129032258064516,True
61,expression from LLM question,projeto de parceria público-privada modalidade,3,38549,,False,False,0.031544957774465976,6,0.8393824100494385,1,32.42661579398373,0.015151515151515152,0.01639344262295082,True
61,expression from LLM question,projeto de parceria público-privada modalidade,4,17128,2.0,True,True,0.031099324975891997,1,0.8551231622695923,8,17.236890664848957,0.01639344262295082,0.014705882352941176,True
61,expression from LLM question,projeto de parceria público-privada modalidade,5,68698,1.0,True,True,0.03055037313432836,7,0.8389244079589844,4,20.45307535448482,0.014925373134328358,0.015625,True
61,expression from LLM question,projeto de parceria público-privada modalidade,6,15107,,False,False,0.030309988518943745,5,0.8394048810005188,7,19.578171488597786,0.015384615384615385,0.014925373134328358,True
61,expression from LLM question,projeto de parceria público-privada modalidade,7,15071,,False,False,0.029386529386529386,3,0.8432818055152893,14,11.268423688329818,0.015873015873015872,0.013513513513513514,True
61,expression from LLM question,projeto de parceria público-privada modalidade,8,41779,,False,False,0.02877846790890269,9,0.8384880423545837,10,12.899213629195543,0.014492753623188406,0.014285714285714285,True
61,expression from LLM question,projeto de parceria público-privada modalidade,9,15489,,False,False,0.02877846790890269,10,0.8384832739830017,9,13.29207340631872,0.014285714285714285,0.014492753623188406,True
61,expression from LLM question,projeto de parceria público-privada modalidade,10,19609,,False,False,0.0260840108401084,12,0.8366316556930542,22,9.067264592490666,0.013888888888888888,0.012195121951219513,False
62,expression from LLM question,objeto do certame contrato social licitante,1,34226,1.0,True,True,0.03278688524590164,1,0.877272367477417,1,54.0104811602374,0.01639344262295082,0.01639344262295082,True
62,expression from LLM question,objeto do certame contrato social licitante,2,39216,1.0,True,True,0.03225806451612903,2,0.8706251978874207,2,49.70449250653828,0.016129032258064516,0.016129032258064516,True
62,expression from LLM question,objeto do certame contrato social licitante,3,42635,1.0,True,True,0.031024531024531024,6,0.8661384582519531,3,40.299380204558524,0.015151515151515152,0.015873015873015872,True
62,expression from LLM question,objeto do certame contrato social licitante,4,21130,,False,False,0.030090497737556562,5,0.8662803769111633,8,21.159253383863053,0.015384615384615385,0.014705882352941176,True
62,expression from LLM question,objeto do certame contrato social licitante,5,31563,,False,False,0.029850746268656716,7,0.8653343915939331,7,21.69691224212315,0.014925373134328358,0.014925373134328358,True
62,expression from LLM question,objeto do certame contrato social licitante,6,42817,2.0,True,True,0.029138513513513514,14,0.863434910774231,4,25.215121695739345,0.013513513513513514,0.015625,False
62,expression from LLM question,objeto do certame contrato social licitante,7,32613,,False,False,0.028782894736842105,4,0.8667525053024292,16,16.702423015337708,0.015625,0.013157894736842105,True
62,expression from LLM question,objeto do certame contrato social licitante,8,33040,,False,False,0.02871794871794872,15,0.8633347749710083,5,22.78397742792095,0.013333333333333334,0.015384615384615385,False
62,expression from LLM question,objeto do certame contrato social licitante,9,13156,,False,False,0.028404512489927477,8,0.8648250102996826,13,18.19554173230271,0.014705882352941176,0.0136986301369863,True
62,expression from LLM question,objeto do certame contrato social licitante,10,34127,,False,False,0.027799227799227798,10,0.8644019365310669,14,18.0535046283179,0.014285714285714285,0.013513513513513514,True
63,expression from LLM question,responsabilidade gestão dos recursos Fundo Municipal de Saúde,1,80730,,False,False,0.03200204813108039,3,0.8782181143760681,2,75.56361950048753,0.015873015873015872,0.016129032258064516,True
63,expression from LLM question,responsabilidade gestão dos recursos Fundo Municipal de Saúde,2,66911,,False,False,0.031544957774465976,6,0.8743578195571899,1,79.66344334728494,0.015151515151515152,0.01639344262295082,True
63,expression from LLM question,responsabilidade gestão dos recursos Fundo Municipal de Saúde,3,17184,3.0,True,True,0.031099324975891997,1,0.8821328282356262,8,68.81455735432854,0.01639344262295082,0.014705882352941176,True
63,expression from LLM question,responsabilidade gestão dos recursos Fundo Municipal de Saúde,4,34746,2.0,True,True,0.031009615384615385,5,0.8755989074707031,4,73.70501416892098,0.015384615384615385,0.015625,True
63,expression from LLM question,responsabilidade gestão dos recursos Fundo Municipal de Saúde,5,75014,3.0,True,True,0.02946912242686891,11,0.8709864020347595,5,69.47130754126943,0.014084507042253521,0.015384615384615385,False
63,expression from LLM question,responsabilidade gestão dos recursos Fundo Municipal de Saúde,6,19452,,False,False,0.028629032258064516,2,0.8796083927154541,20,27.58923043693556,0.016129032258064516,0.0125,True
63,expression from LLM question,responsabilidade gestão dos recursos Fundo Municipal de Saúde,7,4856,2.0,True,True,0.02844551282051282,4,0.8780148029327393,18,54.485868082340374,0.015625,0.01282051282051282,True
63,expression from LLM question,responsabilidade gestão dos recursos Fundo Municipal de Saúde,8,13583,3.0,True,True,0.028438886647841874,7,0.8739321827888489,14,59.48191373333627,0.014925373134328358,0.013513513513513514,True
63,expression from LLM question,responsabilidade gestão dos recursos Fundo Municipal de Saúde,9,13795,,False,False,0.02782608695652174,9,0.8726109266281128,15,55.80155263902816,0.014492753623188406,0.013333333333333334,True
63,expression from LLM question,responsabilidade gestão dos recursos Fundo Municipal de Saúde,10,142168,,False,False,0.027402402402402402,14,0.8680391311645508,12,61.07305864125267,0.013513513513513514,0.013888888888888888,False
64,expression from LLM question,pesquisa de mercado orçamento fornecedores,1,22170,,False,False,0.031746031746031744,3,0.8566160202026367,3,77.44207765665391,0.015873015873015872,0.015873015873015872,True
64,expression from LLM question,pesquisa de mercado orçamento fornecedores,2,31629,3.0,True,True,0.030886196246139225,1,0.865394651889801,9,66.78145632858264,0.01639344262295082,0.014492753623188406,True
64,expression from LLM question,pesquisa de mercado orçamento fornecedores,3,22836,,False,False,0.030309988518943745,5,0.8553581833839417,7,68.96021821064053,0.015384615384615385,0.014925373134328358,True
64,expression from LLM question,pesquisa de mercado orçamento fornecedores,4,22166,,False,False,0.03021353930031804,2,0.8588275909423828,11,64.98244737897747,0.016129032258064516,0.014084507042253521,True
64,expression from LLM question,pesquisa de mercado orçamento fornecedores,5,21789,,False,False,0.029051670471052088,19,0.8378794193267822,1,78.98447897500814,0.012658227848101266,0.01639344262295082,False
64,expression from LLM question,pesquisa de mercado orçamento fornecedores,6,117370,,False,False,0.02797067901234568,4,0.8559675216674805,21,58.14648080229664,0.015625,0.012345679012345678,True
64,expression from LLM question,pesquisa de mercado orçamento fornecedores,7,21135,,False,False,0.027526395173453996,8,0.8480585813522339,18,64.22546130171038,0.014705882352941176,0.01282051282051282,True
64,expression from LLM question,pesquisa de mercado orçamento fornecedores,8,54852,3.0,True,True,0.026992753623188405,9,0.8473798036575317,20,59.71787644006679,0.014492753623188406,0.0125,True
64,expression from LLM question,pesquisa de mercado orçamento fornecedores,9,22167,,False,False,0.02661064425770308,24,0.8364566564559937,8,66.86566689166378,0.011904761904761904,0.014705882352941176,False
64,expression from LLM question,pesquisa de mercado orçamento fornecedores,10,21192,,False,False,0.0264957264957265,30,0.8351701498031616,5,72.85148525690805,0.011111111111111112,0.015384615384615385,False
65,expression from LLM question,pesquisa de preços obrigatória em licitações,1,22170,,False,False,0.031099324975891997,8,0.8785272836685181,1,80.06829913046386,0.014705882352941176,0.01639344262295082,True
65,expression from LLM question,pesquisa de preços obrigatória em licitações,2,21864,3.0,True,True,0.03047794966520434,1,0.8865659236907959,11,69.96754576950147,0.01639344262295082,0.014084507042253521,True
65,expression from LLM question,pesquisa de preços obrigatória em licitações,3,31629,,False,False,0.030117753623188408,4,0.8822259306907654,9,71.63297351613684,0.015625,0.014492753623188406,True
65,expression from LLM question,pesquisa de preços obrigatória em licitações,4,22166,,False,False,0.030017921146953404,2,0.8827491998672485,12,69.80363366634836,0.016129032258064516,0.013888888888888888,True
65,expression from LLM question,pesquisa de preços obrigatória em licitações,5,21135,3.0,True,True,0.029850746268656716,7,0.8786033391952515,7,77.00993905070325,0.014925373134328358,0.014925373134328358,True
65,expression from LLM question,pesquisa de preços obrigatória em licitações,6,22168,,False,False,0.02857142857142857,10,0.8759804964065552,10,71.19668417517566,0.014285714285714285,0.014285714285714285,True
65,expression from LLM question,pesquisa de preços obrigatória em licitações,7,117370,,False,False,0.027500922849760058,3,0.8822329044342041,26,57.4039285707307,0.015873015873015872,0.011627906976744186,True
65,expression from LLM question,pesquisa de preços obrigatória em licitações,8,21827,,False,False,0.026856524873828405,13,0.8725137710571289,16,69.59323760224916,0.0136986301369863,0.013157894736842105,False
65,expression from LLM question,pesquisa de preços obrigatória em licitações,9,18894,,False,False,0.0264957264957265,5,0.8812153339385986,30,52.5683945948752,0.015384615384615385,0.011111111111111112,True
65,expression from LLM question,pesquisa de preços obrigatória em licitações,10,22836,,False,False,0.02581612258494337,16,0.8715907335281372,19,69.19545942696666,0.013157894736842105,0.012658227848101266,False
66,expression from LLM question,vantajosidade adesão à ata,1,210,,False,False,0.03177805800756621,5,0.8461883664131165,1,32.1971596983411,0.015384615384615385,0.01639344262295082,True
66,expression from LLM question,vantajosidade adesão à ata,2,20840,,False,False,0.031544957774465976,1,0.851662278175354,6,29.253161103400025,0.01639344262295082,0.015151515151515152,True
66,expression from LLM question,vantajosidade adesão à ata,3,205,,False,False,0.031024531024531024,6,0.8446429967880249,3,30.06627903109411,0.015151515151515152,0.015873015873015872,True
66,expression from LLM question,vantajosidade adesão à ata,4,170,,False,False,0.0304147465437788,10,0.8435648679733276,2,30.943837604903095,0.014285714285714285,0.016129032258064516,True
66,expression from LLM question,vantajosidade adesão à ata,5,217,,False,False,0.030330882352941176,4,0.8486939668655396,8,27.532948857541694,0.015625,0.014705882352941176,True
66,expression from LLM question,vantajosidade adesão à ata,6,20860,,False,False,0.030330882352941176,8,0.844312310218811,4,29.334035224659296,0.014705882352941176,0.015625,True
66,expression from LLM question,vantajosidade adesão à ata,7,21203,,False,False,0.029957522915269395,3,0.848841667175293,11,24.46703012593806,0.015873015873015872,0.014084507042253521,True
66,expression from LLM question,vantajosidade adesão à ata,8,16981,,False,False,0.028814262023217248,7,0.8443531394004822,12,24.28133302465375,0.014925373134328358,0.013888888888888888,True
66,expression from LLM question,vantajosidade adesão à ata,9,62306,3.0,True,True,0.028629032258064516,2,0.8498303890228271,20,21.286720782992695,0.016129032258064516,0.0125,True
66,expression from LLM question,vantajosidade adesão à ata,10,195,,False,False,0.02782608695652174,9,0.8443037271499634,15,22.264118371486504,0.014492753623188406,0.013333333333333334,True
67,expression from LLM question,compensação entre acréscimos e supressões contratos administrativos,1,10089,3.0,True,True,0.03125763125763126,3,0.875918984413147,5,105.63300110767074,0.015873015873015872,0.015384615384615385,True
67,expression from LLM question,compensação entre acréscimos e supressões contratos administrativos,2,49135,3.0,True,True,0.03125763125763126,5,0.8717232346534729,3,109.04884052721104,0.015384615384615385,0.015873015873015872,True
67,expression from LLM question,compensação entre acréscimos e supressões contratos administrativos,3,104455,,False,False,0.0304147465437788,10,0.8699183464050293,2,109.82996286214197,0.014285714285714285,0.016129032258064516,True
67,expression from LLM question,compensação entre acréscimos e supressões contratos administrativos,4,18019,3.0,True,True,0.03007688828584351,7,0.8709131479263306,6,104.47387413266135,0.014925373134328358,0.015151515151515152,True
67,expression from LLM question,compensação entre acréscimos e supressões contratos administrativos,5,18018,,False,False,0.02921395544346364,18,0.8596620559692383,1,110.8794783603743,0.01282051282051282,0.01639344262295082,False
67,expression from LLM question,compensação entre acréscimos e supressões contratos administrativos,6,18359,,False,False,0.02919863597612958,9,0.8699501752853394,8,104.42737082366479,0.014492753623188406,0.014705882352941176,True
67,expression from LLM question,compensação entre acréscimos e supressões contratos administrativos,7,17207,,False,False,0.028484848484848488,6,0.8716442584991455,15,99.66481823271592,0.015151515151515152,0.013333333333333334,True
67,expression from LLM question,compensação entre acréscimos e supressões contratos administrativos,8,20539,,False,False,0.02788769549651404,1,0.8793006539344788,27,82.90555665826861,0.01639344262295082,0.011494252873563218,True
67,expression from LLM question,compensação entre acréscimos e supressões contratos administrativos,9,18936,,False,False,0.027417840375586856,15,0.8636500239372253,11,103.11456418954349,0.013333333333333334,0.014084507042253521,False
67,expression from LLM question,compensação entre acréscimos e supressões contratos administrativos,10,11604,,False,False,0.026333113890717574,2,0.8773770928382874,38,51.49233515285069,0.016129032258064516,0.01020408163265306,True
68,expression from LLM question,vedado restabelecimento item suprimido,1,104455,3.0,True,True,0.03252247488101534,1,0.8504041433334351,2,31.249857029398054,0.01639344262295082,0.016129032258064516,True
68,expression from LLM question,vedado restabelecimento item suprimido,2,122672,,False,False,0.03252247488101534,2,0.8498406410217285,1,34.25964097142132,0.016129032258064516,0.01639344262295082,True
68,expression from LLM question,vedado restabelecimento item suprimido,3,21107,,False,False,0.02854251012145749,5,0.8447989225387573,16,18.700851956315972,0.015384615384615385,0.013157894736842105,True
68,expression from LLM question,vedado restabelecimento item suprimido,4,31643,,False,False,0.025568181818181816,6,0.8438868522644043,36,15.07991998854021,0.015151515151515152,0.010416666666666666,True
68,expression from LLM question,vedado restabelecimento item suprimido,5,34636,,False,False,0.024540757749712976,7,0.8434640169143677,44,13.970806615555807,0.014925373134328358,0.009615384615384616,True
68,expression from LLM question,vedado restabelecimento item suprimido,6,13117,,False,False,0.024396929824561403,4,0.8451935052871704,54,12.349418245691762,0.015625,0.008771929824561403,True
68,expression from LLM question,vedado restabelecimento item suprimido,7,71349,,False,False,0.024201491487266073,9,0.8420966267585754,43,14.136464468542446,0.014492753623188406,0.009708737864077669,True
68,expression from LLM question,vedado restabelecimento item suprimido,8,2597,,False,False,0.023634453781512604,8,0.8421198129653931,52,12.579560718520252,0.014705882352941176,0.008928571428571428,True
68,expression from LLM question,vedado restabelecimento item suprimido,9,32058,,False,False,0.02253968253968254,3,0.8456610441207886,90,9.930484867497196,0.015873015873015872,0.006666666666666667,True
68,expression from LLM question,vedado restabelecimento item suprimido,10,33982,,False,False,0.021919302071973828,10,0.8408544063568115,71,11.32637500614537,0.014285714285714285,0.007633587786259542,True
69,expression from LLM question,marca aquisição cartuchos,1,21867,3.0,True,True,0.032266458495966696,3,0.8283905386924744,1,55.28736933803212,0.015873015873015872,0.01639344262295082,True
69,expression from LLM question,marca aquisição cartuchos,2,34146,3.0,True,True,0.03200204813108039,2,0.8292205333709717,3,47.117693925587446,0.016129032258064516,0.015873015873015872,True
69,expression from LLM question,marca aquisição cartuchos,3,34132,3.0,True,True,0.031054405392392875,7,0.8189871907234192,2,47.415944205182996,0.014925373134328358,0.016129032258064516,True
69,expression from LLM question,marca aquisição cartuchos,4,22172,,False,False,0.029910714285714284,10,0.817165732383728,4,46.16963027542726,0.014285714285714285,0.015625,True
69,expression from LLM question,marca aquisição cartuchos,5,28920,2.0,True,True,0.029857397504456328,8,0.8187784552574158,6,41.536669702421534,0.014705882352941176,0.015151515151515152,True
69,expression from LLM question,marca aquisição cartuchos,6,93766,,False,False,0.02967032967032967,5,0.8218534588813782,10,25.68437000086797,0.015384615384615385,0.014285714285714285,True
69,expression from LLM question,marca aquisição cartuchos,7,21802,,False,False,0.0293236301369863,4,0.8223915696144104,13,21.246343217080472,0.015625,0.0136986301369863,True
69,expression from LLM question,marca aquisição cartuchos,8,61084,,False,False,0.029236022193768675,6,0.8197838664054871,11,24.896809272809477,0.015151515151515152,0.014084507042253521,True
69,expression from LLM question,marca aquisição cartuchos,9,17191,1.0,True,True,0.028790389395194696,11,0.8169887661933899,8,33.733859809314175,0.014084507042253521,0.014705882352941176,False
69,expression from LLM question,marca aquisição cartuchos,10,18816,,False,False,0.02782608695652174,9,0.8184430599212646,15,20.25491958122803,0.014492753623188406,0.013333333333333334,True
70,expression from LLM question,SUS recursos União competência do TCU,1,25448,,False,False,0.032018442622950824,1,0.8945602178573608,4,40.78657360340217,0.01639344262295082,0.015625,True
70,expression from LLM question,SUS recursos União competência do TCU,2,25605,,False,False,0.03128054740957967,6,0.8857256174087524,2,41.37358278381135,0.015151515151515152,0.016129032258064516,True
70,expression from LLM question,SUS recursos União competência do TCU,3,18900,,False,False,0.030679156908665108,10,0.8842699527740479,1,46.04579448749124,0.014285714285714285,0.01639344262295082,True
70,expression from LLM question,SUS recursos União competência do TCU,4,55897,,False,False,0.03055037313432836,4,0.8868537545204163,7,38.55149050573341,0.015625,0.014925373134328358,True
70,expression from LLM question,SUS recursos União competência do TCU,5,13142,,False,False,0.029877369007803793,5,0.8860567808151245,9,37.228609293578096,0.015384615384615385,0.014492753623188406,True
70,expression from LLM question,SUS recursos União competência do TCU,6,25573,3.0,True,True,0.029571646010002173,3,0.886890172958374,13,33.65516608089257,0.015873015873015872,0.0136986301369863,True
70,expression from LLM question,SUS recursos União competência do TCU,7,15255,,False,False,0.028949545078577336,2,0.889416515827179,18,32.313875555279004,0.016129032258064516,0.01282051282051282,True
70,expression from LLM question,SUS recursos União competência do TCU,8,52566,,False,False,0.028790389395194696,11,0.8842307925224304,8,38.50474239282845,0.014084507042253521,0.014705882352941176,False
70,expression from LLM question,SUS recursos União competência do TCU,9,31005,3.0,True,True,0.02667140825035562,14,0.8833762407302856,16,32.660231212796035,0.013513513513513514,0.013157894736842105,False
70,expression from LLM question,SUS recursos União competência do TCU,10,31004,,False,False,0.026234567901234566,12,0.8837601542472839,21,32.03739108163875,0.013888888888888888,0.012345679012345678,False
71,expression from LLM question,preços referenciais sistemas oficiais estimativa de custos,1,22170,2.0,True,True,0.032266458495966696,1,0.8724383115768433,3,45.75441810717509,0.01639344262295082,0.015873015873015872,True
71,expression from LLM question,preços referenciais sistemas oficiais estimativa de custos,2,117370,,False,False,0.031544957774465976,6,0.8577367663383484,1,48.88282791805823,0.015151515151515152,0.01639344262295082,True
71,expression from LLM question,preços referenciais sistemas oficiais estimativa de custos,3,54843,3.0,True,True,0.031054405392392875,2,0.8663557171821594,7,42.573186462210714,0.016129032258064516,0.014925373134328358,True
71,expression from LLM question,preços referenciais sistemas oficiais estimativa de custos,4,139562,,False,False,0.02928692699490662,16,0.8545921444892883,2,45.83128883030353,0.013157894736842105,0.016129032258064516,False
71,expression from LLM question,preços referenciais sistemas oficiais estimativa de custos,5,69161,2.0,True,True,0.028693528693528692,3,0.8655496835708618,18,35.34338770461163,0.015873015873015872,0.01282051282051282,True
71,expression from LLM question,preços referenciais sistemas oficiais estimativa de custos,6,22166,,False,False,0.028083267871170464,7,0.8564914464950562,16,35.368994980857174,0.014925373134328358,0.013157894736842105,True
71,expression from LLM question,preços referenciais sistemas oficiais estimativa de custos,7,20582,,False,False,0.027106227106227107,18,0.8535796403884888,10,40.5234314217895,0.01282051282051282,0.014285714285714285,False
71,expression from LLM question,preços referenciais sistemas oficiais estimativa de custos,8,27209,,False,False,0.026860955056179775,4,0.8587005138397217,29,34.111103737722225,0.015625,0.011235955056179775,True
71,expression from LLM question,preços referenciais sistemas oficiais estimativa de custos,9,43507,,False,False,0.02625418060200669,5,0.8584133386611938,32,34.111103737722225,0.015384615384615385,0.010869565217391304,True
71,expression from LLM question,preços referenciais sistemas oficiais estimativa de custos,10,21827,,False,False,0.0261986301369863,13,0.8549646139144897,20,35.16610218884065,0.0136986301369863,0.0125,False
72,expression from LLM question,ponderação técnica e preço,1,20506,3.0,True,True,0.03252247488101534,2,0.8809370994567871,1,85.54977037444134,0.016129032258064516,0.01639344262295082,True
72,expression from LLM question,ponderação técnica e preço,2,20970,3.0,True,True,0.03200204813108039,3,0.8735524415969849,2,76.4813406327533,0.015873015873015872,0.016129032258064516,True
72,expression from LLM question,ponderação técnica e preço,3,34126,3.0,True,True,0.029877369007803793,5,0.87017822265625,9,65.78913142791531,0.015384615384615385,0.014492753623188406,True
72,expression from LLM question,ponderação técnica e preço,4,20969,,False,False,0.02976190476190476,12,0.8669477701187134,3,76.4813406327533,0.013888888888888888,0.015873015873015872,False
72,expression from LLM question,ponderação técnica e preço,5,20869,,False,False,0.0293236301369863,13,0.8665223717689514,4,76.00883517746216,0.0136986301369863,0.015625,False
72,expression from LLM question,ponderação técnica e preço,6,20592,,False,False,0.029211087420042643,7,0.8695824146270752,10,64.31241421909849,0.014925373134328358,0.014285714285714285,True
72,expression from LLM question,ponderação técnica e preço,7,21064,3.0,True,True,0.028404512489927477,8,0.8681174516677856,13,60.98385136572585,0.014705882352941176,0.0136986301369863,True
72,expression from LLM question,ponderação técnica e preço,8,15740,3.0,True,True,0.028298204527712725,1,0.8813183307647705,24,50.11283984594063,0.01639344262295082,0.011904761904761904,True
72,expression from LLM question,ponderação técnica e preço,9,31689,3.0,True,True,0.02817460317460317,10,0.8672310709953308,12,62.10130766008493,0.014285714285714285,0.013888888888888888,True
72,expression from LLM question,ponderação técnica e preço,10,34233,,False,False,0.028083267871170464,16,0.8634133338928223,7,66.11663999636023,0.013157894736842105,0.014925373134328358,False
73,expression from LLM question,pontuação desarrazoada licitações técnica e preço,1,20506,3.0,True,True,0.03278688524590164,1,0.8776280879974365,1,72.01345375640254,0.01639344262295082,0.01639344262295082,True
73,expression from LLM question,pontuação desarrazoada licitações técnica e preço,2,20970,,False,False,0.031746031746031744,3,0.8751393556594849,3,64.98762527538027,0.015873015873015872,0.015873015873015872,True
73,expression from LLM question,pontuação desarrazoada licitações técnica e preço,3,31526,,False,False,0.030621785881252923,2,0.8769332766532898,9,60.8154501179253,0.016129032258064516,0.014492753623188406,True
73,expression from LLM question,pontuação desarrazoada licitações técnica e preço,4,31594,,False,False,0.030309988518943745,5,0.8722509145736694,7,63.200433757339205,0.015384615384615385,0.014925373134328358,True
73,expression from LLM question,pontuação desarrazoada licitações técnica e preço,5,21207,,False,False,0.02946236559139785,15,0.866602897644043,2,66.10577003291735,0.013333333333333334,0.016129032258064516,False
73,expression from LLM question,pontuação desarrazoada licitações técnica e preço,6,20869,3.0,True,True,0.027884615384615386,20,0.8646669983863831,5,64.75048537289071,0.0125,0.015384615384615385,False
73,expression from LLM question,pontuação desarrazoada licitações técnica e preço,7,31689,,False,False,0.027650648360030512,9,0.8697145581245422,16,60.164693884054124,0.014492753623188406,0.013157894736842105,True
73,expression from LLM question,pontuação desarrazoada licitações técnica e preço,8,33080,,False,False,0.026387470207694927,6,0.8707689046859741,29,54.10597993760665,0.015151515151515152,0.011235955056179775,True
73,expression from LLM question,pontuação desarrazoada licitações técnica e preço,9,21229,3.0,True,True,0.025694893341952164,8,0.8697490692138672,31,53.681278509859915,0.014705882352941176,0.01098901098901099,True
73,expression from LLM question,pontuação desarrazoada licitações técnica e preço,10,33082,3.0,True,True,0.025451688923802042,7,0.8706334829330444,35,51.67756622259488,0.014925373134328358,0.010526315789473684,True
74,expression from LLM question,prorrogação de contrato administrativo término prazo de vigência,1,18409,3.0,True,True,0.03252247488101534,2,0.8949737548828125,1,68.3028747771114,0.016129032258064516,0.01639344262295082,True
74,expression from LLM question,prorrogação de contrato administrativo término prazo de vigência,2,18954,3.0,True,True,0.03200204813108039,3,0.8902985453605652,2,68.29225087066594,0.015873015873015872,0.016129032258064516,True
74,expression from LLM question,prorrogação de contrato administrativo término prazo de vigência,3,31061,2.0,True,True,0.030536130536130537,5,0.8851324319839478,6,35.86781804422655,0.015384615384615385,0.015151515151515152,True
74,expression from LLM question,prorrogação de contrato administrativo término prazo de vigência,4,18955,2.0,True,True,0.029877369007803793,9,0.8790891766548157,5,49.055828884196366,0.014492753623188406,0.015384615384615385,True
74,expression from LLM question,prorrogação de contrato administrativo término prazo de vigência,5,31058,,False,False,0.02921395544346364,1,0.8976828455924988,18,25.81372680629714,0.01639344262295082,0.01282051282051282,True
74,expression from LLM question,prorrogação de contrato administrativo término prazo de vigência,6,19450,,False,False,0.028665028665028666,6,0.8819721341133118,14,27.179061938638966,0.015151515151515152,0.013513513513513514,True
74,expression from LLM question,prorrogação de contrato administrativo término prazo de vigência,7,32596,,False,False,0.02862400327131466,7,0.8802213668823242,13,27.31000959358649,0.014925373134328358,0.0136986301369863,True
74,expression from LLM question,prorrogação de contrato administrativo término prazo de vigência,8,31101,3.0,True,True,0.028373015873015873,20,0.873141884803772,3,67.73732745808218,0.0125,0.015873015873015872,False
74,expression from LLM question,prorrogação de contrato administrativo término prazo de vigência,9,18369,,False,False,0.027673192771084338,4,0.8873372077941895,23,23.356381542299793,0.015625,0.012048192771084338,True
74,expression from LLM question,prorrogação de contrato administrativo término prazo de vigência,10,34194,,False,False,0.027242401779095628,11,0.8775546550750732,16,26.93622083255413,0.014084507042253521,0.013157894736842105,False
75,expression from LLM question,atestado de capacidade técnica serviços advocatícios conselho de fiscalização profissional,1,25628,,False,False,0.0315136476426799,2,0.8834680318832397,5,24.824847640390086,0.016129032258064516,0.015384615384615385,True
75,expression from LLM question,atestado de capacidade técnica serviços advocatícios conselho de fiscalização profissional,2,79794,1.0,True,True,0.030886196246139225,9,0.8682624101638794,1,37.266807275953205,0.014492753623188406,0.01639344262295082,True
75,expression from LLM question,atestado de capacidade técnica serviços advocatícios conselho de fiscalização profissional,3,33938,,False,False,0.029236022193768675,11,0.8678246736526489,6,24.796780614638333,0.014084507042253521,0.015151515151515152,False
75,expression from LLM question,atestado de capacidade técnica serviços advocatícios conselho de fiscalização profissional,4,135758,1.0,True,True,0.027623285131627734,27,0.8626120686531067,2,34.07436509201409,0.011494252873563218,0.016129032258064516,False
75,expression from LLM question,atestado de capacidade técnica serviços advocatícios conselho de fiscalização profissional,5,33076,,False,False,0.026387470207694927,6,0.8707917928695679,29,21.53824769169967,0.015151515151515152,0.011235955056179775,True
75,expression from LLM question,atestado de capacidade técnica serviços advocatícios conselho de fiscalização profissional,6,17017,3.0,True,True,0.026373626373626377,5,0.8728142380714417,31,21.342562807225843,0.015384615384615385,0.01098901098901099,True
75,expression from LLM question,atestado de capacidade técnica serviços advocatícios conselho de fiscalização profissional,7,21823,,False,False,0.02607709750566893,3,0.8799235820770264,38,21.034001008483862,0.015873015873015872,0.01020408163265306,True
75,expression from LLM question,atestado de capacidade técnica serviços advocatícios conselho de fiscalização profissional,8,22147,,False,False,0.025561706284597852,14,0.864993155002594,23,22.08316903459136,0.013513513513513514,0.012048192771084338,False
75,expression from LLM question,atestado de capacidade técnica serviços advocatícios conselho de fiscalização profissional,9,21873,,False,False,0.02532051282051282,20,0.8638026118278503,18,22.766875630340813,0.0125,0.01282051282051282,False
75,expression from LLM question,atestado de capacidade técnica serviços advocatícios conselho de fiscalização profissional,10,17967,,False,False,0.025015634771732333,18,0.8643964529037476,22,22.18571545407073,0.01282051282051282,0.012195121951219513,False
76,expression from LLM question,reposição de importâncias indevidamente percebidas boa-fé servidores erro escusável por órgão/entidade,1,33621,3.0,True,True,0.032018442622950824,4,0.8666717410087585,1,90.04604431120369,0.015625,0.01639344262295082,True
76,expression from LLM question,reposição de importâncias indevidamente percebidas boa-fé servidores erro escusável por órgão/entidade,2,32035,3.0,True,True,0.03128054740957967,2,0.8713123798370361,6,79.32999262736158,0.016129032258064516,0.015151515151515152,True
76,expression from LLM question,reposição de importâncias indevidamente percebidas boa-fé servidores erro escusável por órgão/entidade,3,41098,,False,False,0.03009207275993712,1,0.8729047179222107,13,72.13808325442433,0.01639344262295082,0.0136986301369863,True
76,expression from LLM question,reposição de importâncias indevidamente percebidas boa-fé servidores erro escusável por órgão/entidade,4,32034,3.0,True,True,0.030090497737556562,8,0.8639472723007202,5,79.43338442879745,0.014705882352941176,0.015384615384615385,True
76,expression from LLM question,reposição de importâncias indevidamente percebidas boa-fé servidores erro escusável por órgão/entidade,5,32020,,False,False,0.03007688828584351,6,0.8656983375549316,7,78.79641979530277,0.015151515151515152,0.014925373134328358,True
76,expression from LLM question,reposição de importâncias indevidamente percebidas boa-fé servidores erro escusável por órgão/entidade,6,29883,,False,False,0.02877846790890269,9,0.8639278411865234,10,78.54838080569985,0.014492753623188406,0.014285714285714285,True
76,expression from LLM question,reposição de importâncias indevidamente percebidas boa-fé servidores erro escusável por órgão/entidade,7,32033,,False,False,0.028404512489927477,13,0.860434353351593,8,78.79641979530277,0.0136986301369863,0.014705882352941176,False
76,expression from LLM question,reposição de importâncias indevidamente percebidas boa-fé servidores erro escusável por órgão/entidade,8,29832,3.0,True,True,0.028381642512077296,12,0.8606232404708862,9,78.73176808577807,0.013888888888888888,0.014492753623188406,False
76,expression from LLM question,reposição de importâncias indevidamente percebidas boa-fé servidores erro escusável por órgão/entidade,9,93703,,False,False,0.027799227799227798,10,0.8635395765304565,14,64.80551631012347,0.014285714285714285,0.013513513513513514,True
76,expression from LLM question,reposição de importâncias indevidamente percebidas boa-fé servidores erro escusável por órgão/entidade,10,29854,3.0,True,True,0.027529761904761904,24,0.8559554815292358,4,80.84698995654124,0.011904761904761904,0.015625,False
77,expression from LLM question,aquisição direta risco a saúde,1,60328,,False,False,0.03225806451612903,2,0.8504619598388672,2,26.28865845339047,0.016129032258064516,0.016129032258064516,True
77,expression from LLM question,aquisição direta risco a saúde,2,108456,,False,False,0.031544957774465976,6,0.8438026309013367,1,31.543364796261894,0.015151515151515152,0.01639344262295082,True
77,expression from LLM question,aquisição direta risco a saúde,3,149284,,False,False,0.03125763125763126,3,0.8459421992301941,5,20.010072386687014,0.015873015873015872,0.015384615384615385,True
77,expression from LLM question,aquisição direta risco a saúde,4,17184,,False,False,0.030158730158730156,10,0.8411557674407959,3,23.32130378059485,0.014285714285714285,0.015873015873015872,True
77,expression from LLM question,aquisição direta risco a saúde,5,17137,,False,False,0.029631255487269532,7,0.8435537815093994,8,19.248913011806057,0.014925373134328358,0.014705882352941176,True
77,expression from LLM question,aquisição direta risco a saúde,6,108454,,False,False,0.029236022193768675,11,0.8403356671333313,6,19.668398256715292,0.014084507042253521,0.015151515151515152,False
77,expression from LLM question,aquisição direta risco a saúde,7,18012,,False,False,0.02701252236135957,5,0.8438818454742432,26,13.785604700761082,0.015384615384615385,0.011627906976744186,True
77,expression from LLM question,aquisição direta risco a saúde,8,32628,,False,False,0.026736111111111113,4,0.8454385995864868,30,12.207623416502832,0.015625,0.011111111111111112,True
77,expression from LLM question,aquisição direta risco a saúde,9,31790,,False,False,0.023587687227267368,1,0.8542896509170532,79,9.197144798818908,0.01639344262295082,0.007194244604316547,True
77,expression from LLM question,aquisição direta risco a saúde,10,34691,,False,False,0.0233423111453123,9,0.8433475494384766,53,10.983284996584912,0.014492753623188406,0.008849557522123894,True
78,expression from LLM question,pregão divulgação dos preços estimados no edital,1,18241,,False,False,0.032018442622950824,4,0.8732843995094299,1,54.93066676770451,0.015625,0.01639344262295082,True
78,expression from LLM question,pregão divulgação dos preços estimados no edital,2,14895,3.0,True,True,0.03128054740957967,2,0.8803117871284485,6,47.912631408961445,0.016129032258064516,0.015151515151515152,True
78,expression from LLM question,pregão divulgação dos preços estimados no edital,3,14555,3.0,True,True,0.030886196246139225,1,0.8825676441192627,9,43.712962912036396,0.01639344262295082,0.014492753623188406,True
78,expression from LLM question,pregão divulgação dos preços estimados no edital,4,17173,2.0,True,True,0.02976190476190476,12,0.8661934733390808,3,52.73355638873627,0.013888888888888888,0.015873015873015872,False
78,expression from LLM question,pregão divulgação dos preços estimados no edital,5,67011,3.0,True,True,0.029571646010002173,3,0.8740246295928955,13,40.431698945890915,0.015873015873015872,0.0136986301369863,True
78,expression from LLM question,pregão divulgação dos preços estimados no edital,6,13226,3.0,True,True,0.029273504273504274,5,0.8722792267799377,12,40.72202624503003,0.015384615384615385,0.013888888888888888,True
78,expression from LLM question,pregão divulgação dos preços estimados no edital,7,19390,2.0,True,True,0.028665028665028666,6,0.8718529939651489,14,36.39558609190435,0.015151515151515152,0.013513513513513514,True
78,expression from LLM question,pregão divulgação dos preços estimados no edital,8,71456,3.0,True,True,0.02857142857142857,10,0.8664644956588745,10,41.63201889314741,0.014285714285714285,0.014285714285714285,True
78,expression from LLM question,pregão divulgação dos preços estimados no edital,9,19398,,False,False,0.02832415420928403,22,0.8639873266220093,2,52.97348778849336,0.012195121951219513,0.016129032258064516,False
78,expression from LLM question,pregão divulgação dos preços estimados no edital,10,117380,,False,False,0.02712049508554787,7,0.8704638481140137,22,22.970669474075336,0.014925373134328358,0.012195121951219513,True
79,expression from LLM question,instrutor treinamento inexigibilidade de licitação,1,31507,3.0,True,True,0.03252247488101534,2,0.8807310461997986,1,65.46717794961906,0.016129032258064516,0.01639344262295082,True
79,expression from LLM question,instrutor treinamento inexigibilidade de licitação,2,18218,,False,False,0.03125763125763126,5,0.8721941709518433,3,63.97011955501912,0.015384615384615385,0.015873015873015872,True
79,expression from LLM question,instrutor treinamento inexigibilidade de licitação,3,34290,3.0,True,True,0.031024531024531024,3,0.878760576248169,6,58.919248208113814,0.015873015873015872,0.015151515151515152,True
79,expression from LLM question,instrutor treinamento inexigibilidade de licitação,4,18818,,False,False,0.030834914611005692,8,0.8702412247657776,2,65.13328872401738,0.014705882352941176,0.016129032258064516,True
79,expression from LLM question,instrutor treinamento inexigibilidade de licitação,5,32925,2.0,True,True,0.030679156908665108,1,0.8816719055175781,10,50.125805779718256,0.01639344262295082,0.014285714285714285,True
79,expression from LLM question,instrutor treinamento inexigibilidade de licitação,6,18845,,False,False,0.029513888888888888,12,0.8664900064468384,4,63.634091579816214,0.013888888888888888,0.015625,False
79,expression from LLM question,instrutor treinamento inexigibilidade de licitação,7,19385,,False,False,0.028381642512077296,9,0.8694093227386475,12,48.86291336755273,0.014492753623188406,0.013888888888888888,True
79,expression from LLM question,instrutor treinamento inexigibilidade de licitação,8,18846,,False,False,0.028371628371628373,17,0.8650034666061401,5,61.66333315243932,0.012987012987012988,0.015384615384615385,False
79,expression from LLM question,instrutor treinamento inexigibilidade de licitação,9,17145,,False,False,0.02661064425770308,24,0.8623517751693726,8,54.94509337615933,0.011904761904761904,0.014705882352941176,False
79,expression from LLM question,instrutor treinamento inexigibilidade de licitação,10,17146,,False,False,0.026540946394272742,23,0.8627508878707886,9,51.64774612240577,0.012048192771084338,0.014492753623188406,False
80,expression from LLM question,reajuste de preços e repactuação,1,17262,3.0,True,True,0.03225806451612903,2,0.8661225438117981,2,60.24195566302286,0.016129032258064516,0.016129032258064516,True
80,expression from LLM question,reajuste de preços e repactuação,2,31105,,False,False,0.031099324975891997,8,0.8555289506912231,1,66.34929788061876,0.014705882352941176,0.01639344262295082,True
80,expression from LLM question,reajuste de preços e repactuação,3,34213,,False,False,0.030776515151515152,6,0.8558560013771057,4,55.83616410764322,0.015151515151515152,0.015625,True
80,expression from LLM question,reajuste de preços e repactuação,4,19353,,False,False,0.03009207275993712,1,0.8700037002563477,13,35.06817205094181,0.01639344262295082,0.0136986301369863,True
80,expression from LLM question,reajuste de preços e repactuação,5,31106,,False,False,0.029571646010002173,13,0.8524582386016846,3,58.45152600330334,0.0136986301369863,0.015873015873015872,False
80,expression from LLM question,reajuste de preços e repactuação,6,31080,3.0,True,True,0.029437229437229435,10,0.8526980876922607,6,47.34532420837382,0.014285714285714285,0.015151515151515152,True
80,expression from LLM question,reajuste de preços e repactuação,7,31104,3.0,True,True,0.029138513513513514,4,0.8584059476852417,14,34.398846054624755,0.015625,0.013513513513513514,True
80,expression from LLM question,reajuste de preços e repactuação,8,31108,3.0,True,True,0.02886002886002886,3,0.8627025485038757,17,29.861124433236412,0.015873015873015872,0.012987012987012988,True
80,expression from LLM question,reajuste de preços e repactuação,9,9751,,False,False,0.028814262023217248,7,0.8556770086288452,12,37.08382723775432,0.014925373134328358,0.013888888888888888,True
80,expression from LLM question,reajuste de preços e repactuação,10,34098,,False,False,0.028577260665441927,9,0.8549047708511353,11,38.75942904886659,0.014492753623188406,0.014084507042253521,True
81,expression from LLM question,recomposição reajuste,1,42820,3.0,True,True,0.03278688524590164,1,0.8559905290603638,1,47.84247299044812,0.01639344262295082,0.01639344262295082,True
81,expression from LLM question,recomposição reajuste,2,42821,3.0,True,True,0.031754032258064516,4,0.8516404628753662,2,38.64553738796707,0.015625,0.016129032258064516,True
81,expression from LLM question,recomposição reajuste,3,42822,,False,False,0.03149801587301587,3,0.8522045612335205,4,33.931358323493235,0.015873015873015872,0.015625,True
81,expression from LLM question,recomposição reajuste,4,31082,,False,False,0.03057889822595705,8,0.8413592576980591,3,34.00945661436857,0.014705882352941176,0.015873015873015872,True
81,expression from LLM question,recomposição reajuste,5,83622,,False,False,0.027893738140417457,2,0.85239577293396,25,21.674292726288044,0.016129032258064516,0.011764705882352941,True
81,expression from LLM question,recomposição reajuste,6,34759,,False,False,0.027106227106227107,10,0.838100790977478,18,23.712812615962523,0.014285714285714285,0.01282051282051282,True
81,expression from LLM question,recomposição reajuste,7,31108,1.0,True,True,0.02667140825035562,16,0.8353837728500366,14,24.591863288249506,0.013157894736842105,0.013513513513513514,False
81,expression from LLM question,recomposição reajuste,8,34097,,False,False,0.02638888888888889,12,0.8373055458068848,20,22.47755025190853,0.013888888888888888,0.0125,False
81,expression from LLM question,recomposição reajuste,9,42819,,False,False,0.025987006496751626,27,0.832587480545044,9,26.626799442655066,0.011494252873563218,0.014492753623188406,False
81,expression from LLM question,recomposição reajuste,10,42659,,False,False,0.025816993464052286,30,0.8321245908737183,8,28.576153256660067,0.011111111111111112,0.014705882352941176,False
82,expression from LLM question,retenção de pagamentos perda da regularidade fiscal,1,18386,2.0,True,True,0.03177805800756621,1,0.8725748658180237,5,29.351336598000373,0.01639344262295082,0.015384615384615385,True
82,expression from LLM question,retenção de pagamentos perda da regularidade fiscal,2,97198,,False,False,0.03177805800756621,5,0.8602942824363708,1,49.06512445372322,0.015384615384615385,0.01639344262295082,True
82,expression from LLM question,retenção de pagamentos perda da regularidade fiscal,3,77814,,False,False,0.031754032258064516,4,0.8606006503105164,2,40.60720793547601,0.015625,0.016129032258064516,True
82,expression from LLM question,retenção de pagamentos perda da regularidade fiscal,4,17220,3.0,True,True,0.031754032258064516,2,0.8721942901611328,4,34.687352110481214,0.016129032258064516,0.015625,True
82,expression from LLM question,retenção de pagamentos perda da regularidade fiscal,5,17258,,False,False,0.030303030303030304,6,0.8600152730941772,6,28.90777572023872,0.015151515151515152,0.015151515151515152,True
82,expression from LLM question,retenção de pagamentos perda da regularidade fiscal,6,17213,,False,False,0.030158730158730156,10,0.8575443029403687,3,37.044685099186275,0.014285714285714285,0.015873015873015872,True
82,expression from LLM question,retenção de pagamentos perda da regularidade fiscal,7,43957,,False,False,0.029411764705882353,8,0.8588483333587646,8,28.301032694754188,0.014705882352941176,0.014705882352941176,True
82,expression from LLM question,retenção de pagamentos perda da regularidade fiscal,8,97654,,False,False,0.027912386121341344,17,0.8545781970024109,7,28.49230050991942,0.012987012987012988,0.014925373134328358,False
82,expression from LLM question,retenção de pagamentos perda da regularidade fiscal,9,60639,,False,False,0.026419626007891578,7,0.8597957491874695,27,15.737666206714108,0.014925373134328358,0.011494252873563218,True
82,expression from LLM question,retenção de pagamentos perda da regularidade fiscal,10,124080,,False,False,0.025278219395866455,25,0.8522162437438965,14,22.05374357655263,0.011764705882352941,0.013513513513513514,False
83,expression from LLM question,irregulares despesas desnecessárias e anteriores à celebração do contrato,1,31071,,False,False,0.032266458495966696,3,0.8477394580841064,1,24.19405612190568,0.015873015873015872,0.01639344262295082,True
83,expression from LLM question,irregulares despesas desnecessárias e anteriores à celebração do contrato,2,16124,,False,False,0.031754032258064516,2,0.8489105701446533,4,18.975323789339015,0.016129032258064516,0.015625,True
83,expression from LLM question,irregulares despesas desnecessárias e anteriores à celebração do contrato,3,21036,,False,False,0.03076923076923077,5,0.846080482006073,5,15.870688836091187,0.015384615384615385,0.015384615384615385,True
83,expression from LLM question,irregulares despesas desnecessárias e anteriores à celebração do contrato,4,17215,,False,False,0.030679156908665108,1,0.8490700721740723,10,13.714591511535046,0.01639344262295082,0.014285714285714285,True
83,expression from LLM question,irregulares despesas desnecessárias e anteriores à celebração do contrato,5,17269,,False,False,0.030158730158730156,10,0.8438053131103516,3,20.918869819898518,0.014285714285714285,0.015873015873015872,True
83,expression from LLM question,irregulares despesas desnecessárias e anteriores à celebração do contrato,6,26995,,False,False,0.029418126757516764,7,0.8457373976707458,9,14.137217444053245,0.014925373134328358,0.014492753623188406,True
83,expression from LLM question,irregulares despesas desnecessárias e anteriores à celebração do contrato,7,31127,,False,False,0.029411764705882353,8,0.845099151134491,8,15.117573756297967,0.014705882352941176,0.014705882352941176,True
83,expression from LLM question,irregulares despesas desnecessárias e anteriores à celebração do contrato,8,19450,,False,False,0.028958333333333336,4,0.8464670181274414,15,12.362258301296418,0.015625,0.013333333333333334,True
83,expression from LLM question,irregulares despesas desnecessárias e anteriores à celebração do contrato,9,15042,,False,False,0.028850145288501453,6,0.8459124565124512,13,12.815208674963445,0.015151515151515152,0.0136986301369863,True
83,expression from LLM question,irregulares despesas desnecessárias e anteriores à celebração do contrato,10,31075,,False,False,0.021337365591397848,132,0.8363507986068726,2,23.591220345630713,0.005208333333333333,0.016129032258064516,False
84,expression from LLM question,vínculo trabalhista ou societário pré-existente competitividade das licitantes,1,26874,2.0,True,True,0.032266458495966696,1,0.8693760633468628,3,66.40908698672858,0.01639344262295082,0.015873015873015872,True
84,expression from LLM question,vínculo trabalhista ou societário pré-existente competitividade das licitantes,2,25267,,False,False,0.031054405392392875,2,0.8664592504501343,7,57.785528065641536,0.016129032258064516,0.014925373134328358,True
84,expression from LLM question,vínculo trabalhista ou societário pré-existente competitividade das licitantes,3,80979,2.0,True,True,0.030679156908665108,10,0.8603523969650269,1,73.33346317984531,0.014285714285714285,0.01639344262295082,True
84,expression from LLM question,vínculo trabalhista ou societário pré-existente competitividade das licitantes,4,22810,,False,False,0.03055037313432836,7,0.8618465065956116,4,58.1157773337875,0.014925373134328358,0.015625,True
84,expression from LLM question,vínculo trabalhista ou societário pré-existente competitividade das licitantes,5,22827,,False,False,0.02967032967032967,5,0.8622785210609436,10,56.554408252875355,0.015384615384615385,0.014285714285714285,True
84,expression from LLM question,vínculo trabalhista ou societário pré-existente competitividade das licitantes,6,31683,,False,False,0.029138513513513514,4,0.8638769388198853,14,53.33199403615932,0.015625,0.013513513513513514,True
84,expression from LLM question,vínculo trabalhista ou societário pré-existente competitividade das licitantes,7,34993,,False,False,0.02719970792259949,6,0.8621488213539124,23,42.68874342018715,0.015151515151515152,0.012048192771084338,True
84,expression from LLM question,vínculo trabalhista ou societário pré-existente competitividade das licitantes,8,22108,3.0,True,True,0.02658450704225352,11,0.8594589829444885,20,45.625618713513546,0.014084507042253521,0.0125,False
84,expression from LLM question,vínculo trabalhista ou societário pré-existente competitividade das licitantes,9,22116,,False,False,0.02631578947368421,16,0.8583361506462097,16,53.10033358793542,0.013157894736842105,0.013157894736842105,False
84,expression from LLM question,vínculo trabalhista ou societário pré-existente competitividade das licitantes,10,18879,,False,False,0.025793650793650792,12,0.8594504594802856,24,41.79867115591964,0.013888888888888888,0.011904761904761904,False
85,expression from LLM question,técnica e preço profissionais quadro permanente,1,26874,,False,False,0.030886196246139225,9,0.8456127643585205,1,62.740253229283965,0.014492753623188406,0.01639344262295082,True
85,expression from LLM question,técnica e preço profissionais quadro permanente,2,22108,,False,False,0.030834914611005692,2,0.8536551594734192,8,57.571181337871586,0.016129032258064516,0.014705882352941176,True
85,expression from LLM question,técnica e preço profissionais quadro permanente,3,5606,,False,False,0.03055037313432836,7,0.8472719192504883,4,61.70233834978469,0.014925373134328358,0.015625,True
85,expression from LLM question,técnica e preço profissionais quadro permanente,4,25660,,False,False,0.029827662395050816,13,0.8434209227561951,2,62.66001312246593,0.0136986301369863,0.016129032258064516,False
85,expression from LLM question,técnica e preço profissionais quadro permanente,5,22841,,False,False,0.029571646010002173,3,0.85331130027771,13,50.95927827408553,0.015873015873015872,0.0136986301369863,True
85,expression from LLM question,técnica e preço profissionais quadro permanente,6,25483,,False,False,0.029386529386529386,14,0.8429583311080933,3,62.33063669623398,0.013513513513513514,0.015873015873015872,False
85,expression from LLM question,técnica e preço profissionais quadro permanente,7,22810,3.0,True,True,0.028958333333333336,4,0.8518314957618713,15,47.09383120919853,0.015625,0.013333333333333334,True
85,expression from LLM question,técnica e preço profissionais quadro permanente,8,21832,,False,False,0.028021349599695006,1,0.8622488975524902,26,43.07275965073165,0.01639344262295082,0.011627906976744186,True
85,expression from LLM question,técnica e preço profissionais quadro permanente,9,22827,,False,False,0.027972027972027972,18,0.8412117958068848,6,58.034205173680135,0.01282051282051282,0.015151515151515152,False
85,expression from LLM question,técnica e preço profissionais quadro permanente,10,18879,,False,False,0.026387470207694927,6,0.8488538861274719,29,41.78934282270663,0.015151515151515152,0.011235955056179775,True
86,expression from LLM question,erro material desclassificação da proposta,1,17181,,False,False,0.031054405392392875,7,0.8697807788848877,2,49.374980754700054,0.014925373134328358,0.016129032258064516,True
86,expression from LLM question,erro material desclassificação da proposta,2,74550,,False,False,0.031024531024531024,6,0.8711934089660645,3,46.20136931558529,0.015151515151515152,0.015873015873015872,True
86,expression from LLM question,erro material desclassificação da proposta,3,18911,,False,False,0.031009615384615385,4,0.8739444017410278,5,44.00514661382422,0.015625,0.015384615384615385,True
86,expression from LLM question,erro material desclassificação da proposta,4,18309,,False,False,0.030679156908665108,1,0.8827606439590454,10,40.15505884209012,0.01639344262295082,0.014285714285714285,True
86,expression from LLM question,erro material desclassificação da proposta,5,20849,,False,False,0.030679156908665108,10,0.8688898086547852,1,51.934891896291205,0.014285714285714285,0.01639344262295082,True
86,expression from LLM question,erro material desclassificação da proposta,6,23590,,False,False,0.030330882352941176,8,0.8695240616798401,4,45.13692170303042,0.014705882352941176,0.015625,True
86,expression from LLM question,erro material desclassificação da proposta,7,40621,,False,False,0.029030910609857977,3,0.8793444633483887,16,35.75944533517113,0.015873015873015872,0.013157894736842105,True
86,expression from LLM question,erro material desclassificação da proposta,8,23588,2.0,True,True,0.028790389395194696,11,0.8687084913253784,8,40.29637026123532,0.014084507042253521,0.014705882352941176,False
86,expression from LLM question,erro material desclassificação da proposta,9,20558,,False,False,0.027884615384615386,5,0.8732293844223022,20,35.48929940117175,0.015384615384615385,0.0125,True
86,expression from LLM question,erro material desclassificação da proposta,10,19427,,False,False,0.02782608695652174,9,0.8692522644996643,15,35.81063846310818,0.014492753623188406,0.013333333333333334,True
87,expression from LLM question,vedação à inclusão documento habilitação diligência,1,33088,,False,False,0.03252247488101534,2,0.8635570406913757,1,35.50048935900882,0.016129032258064516,0.01639344262295082,True
87,expression from LLM question,vedação à inclusão documento habilitação diligência,2,21908,,False,False,0.03177805800756621,1,0.8659754991531372,5,29.201612538578047,0.01639344262295082,0.015384615384615385,True
87,expression from LLM question,vedação à inclusão documento habilitação diligência,3,113541,3.0,True,True,0.031054405392392875,7,0.8547724485397339,2,33.0251568136411,0.014925373134328358,0.016129032258064516,True
87,expression from LLM question,vedação à inclusão documento habilitação diligência,4,33089,,False,False,0.030158730158730156,10,0.8524265289306641,3,31.626963112722066,0.014285714285714285,0.015873015873015872,True
87,expression from LLM question,vedação à inclusão documento habilitação diligência,5,21869,,False,False,0.029957522915269395,3,0.8580872416496277,11,26.914828285069014,0.015873015873015872,0.014084507042253521,True
87,expression from LLM question,vedação à inclusão documento habilitação diligência,6,14484,,False,False,0.026838432635534086,9,0.8525561094284058,21,26.01372818837191,0.014492753623188406,0.012345679012345678,True
87,expression from LLM question,vedação à inclusão documento habilitação diligência,7,32975,,False,False,0.025708635464733027,14,0.8499441146850586,22,25.790814684973917,0.013513513513513514,0.012195121951219513,False
87,expression from LLM question,vedação à inclusão documento habilitação diligência,8,32944,,False,False,0.025645240835114255,17,0.8492648005485535,19,26.206628127639185,0.012987012987012988,0.012658227848101266,False
87,expression from LLM question,vedação à inclusão documento habilitação diligência,9,34310,,False,False,0.024152480721664482,19,0.8489958047866821,27,23.3560262867502,0.012658227848101266,0.011494252873563218,False
87,expression from LLM question,vedação à inclusão documento habilitação diligência,10,25232,,False,False,0.023625,4,0.858074963092804,65,16.133733388146368,0.015625,0.008,True
88,expression from LLM question,exigência comprovação de quantitativos mínimos características semelhantes,1,22780,3.0,True,True,0.03252247488101534,2,0.8754336833953857,1,58.44634488643282,0.016129032258064516,0.01639344262295082,True
88,expression from LLM question,exigência comprovação de quantitativos mínimos características semelhantes,2,26373,,False,False,0.03076923076923077,5,0.8708008527755737,5,56.58089188891667,0.015384615384615385,0.015384615384615385,True
88,expression from LLM question,exigência comprovação de quantitativos mínimos características semelhantes,3,21939,3.0,True,True,0.03057889822595705,8,0.868569552898407,3,57.1546961537002,0.014705882352941176,0.015873015873015872,True
88,expression from LLM question,exigência comprovação de quantitativos mínimos características semelhantes,4,31524,,False,False,0.029236022193768675,6,0.8699329495429993,11,51.57036376027045,0.015151515151515152,0.014084507042253521,True
88,expression from LLM question,exigência comprovação de quantitativos mínimos características semelhantes,5,21843,,False,False,0.029211087420042643,7,0.8687790632247925,10,54.68820763740514,0.014925373134328358,0.014285714285714285,True
88,expression from LLM question,exigência comprovação de quantitativos mínimos características semelhantes,6,22840,,False,False,0.02817460317460317,10,0.8669425249099731,12,50.63083682393221,0.014285714285714285,0.013888888888888888,True
88,expression from LLM question,exigência comprovação de quantitativos mínimos características semelhantes,7,33077,,False,False,0.02815814850530376,1,0.8770214319229126,25,43.30115181346695,0.01639344262295082,0.011764705882352941,True
88,expression from LLM question,exigência comprovação de quantitativos mínimos características semelhantes,8,21844,,False,False,0.028125,4,0.87210613489151,20,44.70131611258756,0.015625,0.0125,True
88,expression from LLM question,exigência comprovação de quantitativos mínimos características semelhantes,9,22149,,False,False,0.02792120864410021,3,0.8726115822792053,23,44.148514917693554,0.015873015873015872,0.012048192771084338,True
88,expression from LLM question,exigência comprovação de quantitativos mínimos características semelhantes,10,22789,,False,False,0.027031963470319637,13,0.8652105331420898,15,49.37506293916867,0.0136986301369863,0.013333333333333334,False
89,expression from LLM question,extensão sanção de impedimento de licitar e contratar,1,34633,,False,False,0.03200204813108039,2,0.8659075498580933,3,76.32406519705906,0.016129032258064516,0.015873015873015872,True
89,expression from LLM question,extensão sanção de impedimento de licitar e contratar,2,68667,3.0,True,True,0.031009615384615385,5,0.8651220798492432,4,69.6795618559929,0.015384615384615385,0.015625,True
89,expression from LLM question,extensão sanção de impedimento de licitar e contratar,3,34773,,False,False,0.029827662395050816,13,0.8631266951560974,2,76.36240363483208,0.0136986301369863,0.016129032258064516,False
89,expression from LLM question,extensão sanção de impedimento de licitar e contratar,4,11624,,False,False,0.029726775956284153,15,0.8625319004058838,1,76.3941979761622,0.013333333333333334,0.01639344262295082,False
89,expression from LLM question,extensão sanção de impedimento de licitar e contratar,5,34890,2.0,True,True,0.02919863597612958,9,0.8637418746948242,8,64.95545699944651,0.014492753623188406,0.014705882352941176,True
89,expression from LLM question,extensão sanção de impedimento de licitar e contratar,6,34995,2.0,True,True,0.028370221327967807,10,0.8636621832847595,11,64.94391691013494,0.014285714285714285,0.014084507042253521,True
89,expression from LLM question,extensão sanção de impedimento de licitar e contratar,7,34705,,False,False,0.028309409888357256,16,0.862358808517456,6,64.95545699944651,0.013157894736842105,0.015151515151515152,False
89,expression from LLM question,extensão sanção de impedimento de licitar e contratar,8,16918,,False,False,0.026988636363636364,4,0.8653393983840942,28,47.20106041074538,0.015625,0.011363636363636364,True
89,expression from LLM question,extensão sanção de impedimento de licitar e contratar,9,14890,2.0,True,True,0.026754075124025514,8,0.8639398813247681,23,57.42942788133677,0.014705882352941176,0.012048192771084338,True
89,expression from LLM question,extensão sanção de impedimento de licitar e contratar,10,14523,,False,False,0.026234567901234566,12,0.8632316589355469,21,60.90332065458978,0.013888888888888888,0.012345679012345678,False
90,expression from LLM question,habilitação técnico-operacional obras e serviços de engenharia,1,135758,3.0,True,True,0.03225806451612903,2,0.8546074628829956,2,39.455485168841854,0.016129032258064516,0.016129032258064516,True
90,expression from LLM question,habilitação técnico-operacional obras e serviços de engenharia,2,79794,3.0,True,True,0.032018442622950824,4,0.8520556092262268,1,42.167151543906996,0.015625,0.01639344262295082,True
90,expression from LLM question,habilitação técnico-operacional obras e serviços de engenharia,3,22773,3.0,True,True,0.03131881575727918,1,0.8548852205276489,7,24.855412933875847,0.01639344262295082,0.014925373134328358,True
90,expression from LLM question,habilitação técnico-operacional obras e serviços de engenharia,4,31531,,False,False,0.031024531024531024,3,0.8530568480491638,6,26.42590462310424,0.015873015873015872,0.015151515151515152,True
90,expression from LLM question,habilitação técnico-operacional obras e serviços de engenharia,5,18219,,False,False,0.03055037313432836,7,0.847322940826416,4,31.382468967387346,0.014925373134328358,0.015625,True
90,expression from LLM question,habilitação técnico-operacional obras e serviços de engenharia,6,21823,,False,False,0.025516795865633074,12,0.8463213443756104,26,20.467343927153127,0.013888888888888888,0.011627906976744186,False
90,expression from LLM question,habilitação técnico-operacional obras e serviços de engenharia,7,21832,,False,False,0.025155279503105588,10,0.8468964099884033,32,18.808813504443403,0.014285714285714285,0.010869565217391304,True
90,expression from LLM question,habilitação técnico-operacional obras e serviços de engenharia,8,128212,,False,False,0.024152480721664482,27,0.8439099788665771,19,21.883128923542372,0.011494252873563218,0.012658227848101266,False
90,expression from LLM question,habilitação técnico-operacional obras e serviços de engenharia,9,22775,,False,False,0.02378987898789879,41,0.8421350717544556,12,23.79742343022582,0.009900990099009901,0.013888888888888888,False
90,expression from LLM question,habilitação técnico-operacional obras e serviços de engenharia,10,34333,,False,False,0.022772772772772773,14,0.8458389043807983,48,16.789906141468784,0.013513513513513514,0.009259259259259259,False
91,expression from LLM question,controle adesão,1,29414,,False,False,0.031544957774465976,6,0.8365329504013062,1,49.37496719389087,0.015151515151515152,0.01639344262295082,True
91,expression from LLM question,controle adesão,2,31482,1.0,True,True,0.030834914611005692,8,0.8341525793075562,2,49.37496719389087,0.014705882352941176,0.016129032258064516,True
91,expression from LLM question,controle adesão,3,29413,1.0,True,True,0.030798389007344232,7,0.836284339427948,3,44.363373790533984,0.014925373134328358,0.015873015873015872,True
91,expression from LLM question,controle adesão,4,28965,1.0,True,True,0.030309988518943745,5,0.8367277979850769,7,37.67160844336048,0.015384615384615385,0.014925373134328358,True
91,expression from LLM question,controle adesão,5,28901,,False,False,0.02728937728937729,24,0.8273793458938599,5,44.13614586328476,0.011904761904761904,0.015384615384615385,False
91,expression from LLM question,controle adesão,6,28910,,False,False,0.027272727272727275,17,0.8287578225135803,10,37.3707962390096,0.012987012987012988,0.014285714285714285,False
91,expression from LLM question,controle adesão,7,16276,,False,False,0.02490096208262592,2,0.8421757221221924,54,25.143898898974097,0.016129032258064516,0.008771929824561403,True
91,expression from LLM question,controle adesão,8,118408,,False,False,0.022832722832722835,10,0.8316094875335693,57,23.304301110530076,0.014285714285714285,0.008547008547008548,True
91,expression from LLM question,controle adesão,9,18340,,False,False,0.022819244604316547,4,0.8378727436065674,79,19.367953005718167,0.015625,0.007194244604316547,True
91,expression from LLM question,controle adesão,10,28902,,False,False,0.022243713733075435,81,0.8207906484603882,6,44.13614586328476,0.0070921985815602835,0.015151515151515152,False
92,expression from LLM question,alvará de funcionamento habilitação jurídica,1,45379,3.0,True,True,0.031754032258064516,2,0.8480571508407593,4,31.97395440135564,0.016129032258064516,0.015625,True
92,expression from LLM question,alvará de funcionamento habilitação jurídica,2,40328,3.0,True,True,0.03131881575727918,1,0.8711560964584351,7,28.579731931342764,0.01639344262295082,0.014925373134328358,True
92,expression from LLM question,alvará de funcionamento habilitação jurídica,3,32943,,False,False,0.03128054740957967,6,0.8389010429382324,2,34.476729145366384,0.015151515151515152,0.016129032258064516,True
92,expression from LLM question,alvará de funcionamento habilitação jurídica,4,21908,,False,False,0.030117753623188408,4,0.8430153727531433,9,27.18042683783466,0.015625,0.014492753623188406,True
92,expression from LLM question,alvará de funcionamento habilitação jurídica,5,21869,,False,False,0.028531243721117136,3,0.8432101011276245,19,21.46639229527066,0.015873015873015872,0.012658227848101266,True
92,expression from LLM question,alvará de funcionamento habilitação jurídica,6,22833,,False,False,0.028404512489927477,8,0.8376356363296509,13,22.43353059012708,0.014705882352941176,0.0136986301369863,True
92,expression from LLM question,alvará de funcionamento habilitação jurídica,7,34310,,False,False,0.02815814850530376,25,0.8320341110229492,1,34.622893997929765,0.011764705882352941,0.01639344262295082,False
92,expression from LLM question,alvará de funcionamento habilitação jurídica,8,25615,,False,False,0.027346637102734665,22,0.8331825137138367,6,28.920676829243682,0.012195121951219513,0.015151515151515152,False
92,expression from LLM question,alvará de funcionamento habilitação jurídica,9,34217,,False,False,0.02455892731122089,5,0.8423272371292114,49,14.7747875754088,0.015384615384615385,0.009174311926605505,True
92,expression from LLM question,alvará de funcionamento habilitação jurídica,10,31667,,False,False,0.023934382143337367,7,0.8378080129623413,51,14.51535904202112,0.014925373134328358,0.009009009009009009,True
93,expression from LLM question,acumulação de cargo secretário municipal professor,1,20797,3.0,True,True,0.03278688524590164,1,0.877719521522522,1,54.8611388427572,0.01639344262295082,0.01639344262295082,True
93,expression from LLM question,acumulação de cargo secretário municipal professor,2,19506,2.0,True,True,0.031754032258064516,4,0.866916835308075,2,47.684284659980854,0.015625,0.016129032258064516,True
93,expression from LLM question,acumulação de cargo secretário municipal professor,3,19553,2.0,True,True,0.030117753623188408,9,0.8608508110046387,4,45.206567682212246,0.014492753623188406,0.015625,True
93,expression from LLM question,acumulação de cargo secretário municipal professor,4,15732,,False,False,0.029437229437229435,10,0.8599504232406616,6,42.90206221605936,0.014285714285714285,0.015151515151515152,True
93,expression from LLM question,acumulação de cargo secretário municipal professor,5,19539,2.0,True,True,0.029206349206349208,15,0.8573846817016602,3,45.206567682212246,0.013333333333333334,0.015873015873015872,False
93,expression from LLM question,acumulação de cargo secretário municipal professor,6,19581,,False,False,0.02919863597612958,8,0.8620537519454956,9,40.081699275723565,0.014705882352941176,0.014492753623188406,True
93,expression from LLM question,acumulação de cargo secretário municipal professor,7,19582,,False,False,0.02871794871794872,5,0.8663081526756287,15,34.25542156437837,0.015384615384615385,0.013333333333333334,True
93,expression from LLM question,acumulação de cargo secretário municipal professor,8,59282,,False,False,0.02813852813852814,6,0.8640899658203125,17,29.70314848358961,0.015151515151515152,0.012987012987012988,True
93,expression from LLM question,acumulação de cargo secretário municipal professor,9,19586,2.0,True,True,0.02804284323271665,19,0.855992317199707,5,45.206567682212246,0.012658227848101266,0.015384615384615385,False
93,expression from LLM question,acumulação de cargo secretário municipal professor,10,31727,,False,False,0.0277569392348087,2,0.8690927624702454,26,25.22229756793635,0.016129032258064516,0.011627906976744186,True
94,expression from LLM question,prescrição da pretensão punitiva julgamento das contas,1,138140,,False,False,0.03128054740957967,6,0.8828016519546509,2,57.66897804419007,0.015151515151515152,0.016129032258064516,True
94,expression from LLM question,prescrição da pretensão punitiva julgamento das contas,2,87667,2.0,True,True,0.029877369007803793,5,0.8838005065917969,9,50.0424194026977,0.015384615384615385,0.014492753623188406,True
94,expression from LLM question,prescrição da pretensão punitiva julgamento das contas,3,26585,,False,False,0.029850746268656716,7,0.8813679814338684,7,50.79793279397808,0.014925373134328358,0.014925373134328358,True
94,expression from LLM question,prescrição da pretensão punitiva julgamento das contas,4,11469,,False,False,0.029411764705882353,8,0.8808369636535645,8,50.79605228756805,0.014705882352941176,0.014705882352941176,True
94,expression from LLM question,prescrição da pretensão punitiva julgamento das contas,5,37772,,False,False,0.02886002886002886,17,0.8730631470680237,3,55.06521784012327,0.012987012987012988,0.015873015873015872,False
94,expression from LLM question,prescrição da pretensão punitiva julgamento das contas,6,11471,,False,False,0.027799227799227798,14,0.8757739067077637,10,49.8267868997406,0.013513513513513514,0.014285714285714285,False
94,expression from LLM question,prescrição da pretensão punitiva julgamento das contas,7,49905,,False,False,0.027529761904761904,4,0.8851789236068726,24,45.99863005596266,0.015625,0.011904761904761904,True
94,expression from LLM question,prescrição da pretensão punitiva julgamento das contas,8,26483,3.0,True,True,0.02724014336917563,2,0.8961488604545593,30,43.00570657835892,0.016129032258064516,0.011111111111111112,True
94,expression from LLM question,prescrição da pretensão punitiva julgamento das contas,9,40133,,False,False,0.026702720973466286,1,0.9005802869796753,37,39.886962984765994,0.01639344262295082,0.010309278350515464,True
94,expression from LLM question,prescrição da pretensão punitiva julgamento das contas,10,50448,2.0,True,True,0.026702720973466286,37,0.8678860664367676,1,61.32044167069426,0.010309278350515464,0.01639344262295082,False
95,expression from LLM question,Banco de Preços em Saúde referência medicamentos,1,86727,3.0,True,True,0.03177805800756621,5,0.8703952431678772,1,78.87956777633124,0.015384615384615385,0.01639344262295082,True
95,expression from LLM question,Banco de Preços em Saúde referência medicamentos,2,20581,3.0,True,True,0.03149801587301587,3,0.8742483854293823,4,62.59146422067555,0.015873015873015872,0.015625,True
95,expression from LLM question,Banco de Preços em Saúde referência medicamentos,3,61975,3.0,True,True,0.03131881575727918,1,0.8768903613090515,7,61.82910786376114,0.01639344262295082,0.014925373134328358,True
95,expression from LLM question,Banco de Preços em Saúde referência medicamentos,4,27209,3.0,True,True,0.03128054740957967,2,0.8756626844406128,6,61.82910786376114,0.016129032258064516,0.015151515151515152,True
95,expression from LLM question,Banco de Preços em Saúde referência medicamentos,5,28030,,False,False,0.031009615384615385,4,0.871759295463562,5,61.82910786376114,0.015625,0.015384615384615385,True
95,expression from LLM question,Banco de Preços em Saúde referência medicamentos,6,47183,2.0,True,True,0.0304147465437788,10,0.8670405745506287,2,64.34108980168429,0.014285714285714285,0.016129032258064516,True
95,expression from LLM question,Banco de Preços em Saúde referência medicamentos,7,85914,3.0,True,True,0.03036576949620428,9,0.8678337335586548,3,62.855980371226245,0.014492753623188406,0.015873015873015872,True
95,expression from LLM question,Banco de Preços em Saúde referência medicamentos,8,43507,3.0,True,True,0.029411764705882353,8,0.8680163621902466,8,61.82910786376114,0.014705882352941176,0.014705882352941176,True
95,expression from LLM question,Banco de Preços em Saúde referência medicamentos,9,21291,2.0,True,True,0.029236022193768675,6,0.8695783019065857,11,42.42750628292799,0.015151515151515152,0.014084507042253521,True
95,expression from LLM question,Banco de Preços em Saúde referência medicamentos,10,35676,3.0,True,True,0.028370221327967807,11,0.8663211464881897,10,47.47226676640207,0.014084507042253521,0.014285714285714285,False
96,expression from LLM question,alteração contratual serviços já previstos no edital ,1,20512,,False,False,0.031099324975891997,8,0.8587687015533447,1,46.201186183635926,0.014705882352941176,0.01639344262295082,True
96,expression from LLM question,alteração contratual serviços já previstos no edital ,2,21089,,False,False,0.030798389007344232,7,0.8603289127349854,3,43.53419633026488,0.014925373134328358,0.015873015873015872,True
96,expression from LLM question,alteração contratual serviços já previstos no edital ,3,18057,,False,False,0.02889344262295082,1,0.8688901662826538,20,32.825522105834686,0.01639344262295082,0.0125,True
96,expression from LLM question,alteração contratual serviços já previstos no edital ,4,18363,,False,False,0.028612012987012988,4,0.8630285263061523,17,33.588706974144415,0.015625,0.012987012987012988,True
96,expression from LLM question,alteração contratual serviços já previstos no edital ,5,18364,,False,False,0.026129032258064518,2,0.8653860092163086,40,29.255755551289177,0.016129032258064516,0.01,True
96,expression from LLM question,alteração contratual serviços já previstos no edital ,6,18365,,False,False,0.026021080368906456,6,0.8609764575958252,32,29.67620221412202,0.015151515151515152,0.010869565217391304,True
96,expression from LLM question,alteração contratual serviços já previstos no edital ,7,17225,,False,False,0.025528455284552845,15,0.856338620185852,22,31.209437671096037,0.013333333333333334,0.012195121951219513,False
96,expression from LLM question,alteração contratual serviços já previstos no edital ,8,83622,,False,False,0.023747031621047368,3,0.8630930185317993,67,21.283255167496833,0.015873015873015872,0.007874015748031496,True
96,expression from LLM question,alteração contratual serviços já previstos no edital ,9,20511,2.0,True,True,0.02318045862412762,58,0.8496015667915344,8,42.141380268191014,0.00847457627118644,0.014705882352941176,False
96,expression from LLM question,alteração contratual serviços já previstos no edital ,10,17226,,False,False,0.022875816993464054,25,0.8529165983200073,30,29.828314571203762,0.011764705882352941,0.011111111111111112,False
97,expression from LLM question,licitação princípio da legalidade estrita afastado,1,34306,,False,False,0.03252247488101534,2,0.8611600399017334,1,35.78758920911588,0.016129032258064516,0.01639344262295082,True
97,expression from LLM question,licitação princípio da legalidade estrita afastado,2,18203,,False,False,0.030303030303030304,6,0.8585077524185181,6,24.709253060592335,0.015151515151515152,0.015151515151515152,True
97,expression from LLM question,licitação princípio da legalidade estrita afastado,3,21908,,False,False,0.02976190476190476,3,0.8608383536338806,12,19.77362906662931,0.015873015873015872,0.013888888888888888,True
97,expression from LLM question,licitação princípio da legalidade estrita afastado,4,452,3.0,True,True,0.02938045560996381,1,0.8643375635147095,17,18.369664800219553,0.01639344262295082,0.012987012987012988,True
97,expression from LLM question,licitação princípio da legalidade estrita afastado,5,33040,,False,False,0.029211087420042643,10,0.8571393489837646,7,24.127111959356313,0.014285714285714285,0.014925373134328358,True
97,expression from LLM question,licitação princípio da legalidade estrita afastado,6,31522,,False,False,0.02871794871794872,5,0.8591295480728149,15,19.107051189259703,0.015384615384615385,0.013333333333333334,True
97,expression from LLM question,licitação princípio da legalidade estrita afastado,7,21869,,False,False,0.02844551282051282,4,0.8593935370445251,18,17.54229197619696,0.015625,0.01282051282051282,True
97,expression from LLM question,licitação princípio da legalidade estrita afastado,8,9718,,False,False,0.027364110201042444,8,0.8572062253952026,19,17.383987477445586,0.014705882352941176,0.012658227848101266,True
97,expression from LLM question,licitação princípio da legalidade estrita afastado,9,17276,,False,False,0.026838432635534086,9,0.8571574687957764,21,16.122216112853597,0.014492753623188406,0.012345679012345678,True
97,expression from LLM question,licitação princípio da legalidade estrita afastado,10,32917,,False,False,0.024909420289855072,36,0.8513796329498291,9,22.4859721442504,0.010416666666666666,0.014492753623188406,False
98,expression from LLM question,renovação de contrato serviços de natureza continuada pesquisa de preços,1,31625,1.0,True,True,0.032266458495966696,1,0.8776796460151672,3,31.416867362488087,0.01639344262295082,0.015873015873015872,True
98,expression from LLM question,renovação de contrato serviços de natureza continuada pesquisa de preços,2,18940,,False,False,0.03131881575727918,7,0.8673098683357239,1,34.42609729143823,0.014925373134328358,0.01639344262295082,True
98,expression from LLM question,renovação de contrato serviços de natureza continuada pesquisa de preços,3,31031,,False,False,0.030834914611005692,2,0.8743016719818115,8,27.259580864913794,0.016129032258064516,0.014705882352941176,True
98,expression from LLM question,renovação de contrato serviços de natureza continuada pesquisa de preços,4,34213,,False,False,0.029386529386529386,3,0.8726092576980591,14,25.94521539938087,0.015873015873015872,0.013513513513513514,True
98,expression from LLM question,renovação de contrato serviços de natureza continuada pesquisa de preços,5,43880,3.0,True,True,0.028814262023217248,12,0.8662172555923462,7,27.703830708308313,0.013888888888888888,0.014925373134328358,False
98,expression from LLM question,renovação de contrato serviços de natureza continuada pesquisa de preços,6,20532,,False,False,0.02857142857142857,10,0.8663937449455261,10,26.834035805408366,0.014285714285714285,0.014285714285714285,True
98,expression from LLM question,renovação de contrato serviços de natureza continuada pesquisa de preços,7,17819,,False,False,0.027205882352941177,8,0.8671495914459229,20,25.16871886307462,0.014705882352941176,0.0125,True
98,expression from LLM question,renovação de contrato serviços de natureza continuada pesquisa de preços,8,19353,,False,False,0.026838432635534086,9,0.8671069741249084,21,24.918627803474248,0.014492753623188406,0.012345679012345678,True
98,expression from LLM question,renovação de contrato serviços de natureza continuada pesquisa de preços,9,33814,,False,False,0.026767330130404943,34,0.8567577004432678,2,31.70528574118224,0.010638297872340425,0.016129032258064516,False
98,expression from LLM question,renovação de contrato serviços de natureza continuada pesquisa de preços,10,18337,,False,False,0.026742734890354787,11,0.8663135766983032,19,25.473224142532356,0.014084507042253521,0.012658227848101266,False
99,expression from LLM question,contratações de software cartas de exclusividade,1,51929,,False,False,0.032266458495966696,3,0.8552825450897217,1,69.01967079880433,0.015873015873015872,0.01639344262295082,True
99,expression from LLM question,contratações de software cartas de exclusividade,2,40299,,False,False,0.031754032258064516,2,0.8612076044082642,4,61.957210183362655,0.016129032258064516,0.015625,True
99,expression from LLM question,contratações de software cartas de exclusividade,3,64928,3.0,True,True,0.03047794966520434,1,0.8765698671340942,11,52.277514488866,0.01639344262295082,0.014084507042253521,True
99,expression from LLM question,contratações de software cartas de exclusividade,4,17353,,False,False,0.029631255487269532,7,0.8495210409164429,8,61.123107500767794,0.014925373134328358,0.014705882352941176,True
99,expression from LLM question,contratações de software cartas de exclusividade,5,32920,2.0,True,True,0.029138513513513514,4,0.853878378868103,14,50.35576161311036,0.015625,0.013513513513513514,True
99,expression from LLM question,contratações de software cartas de exclusividade,6,17290,,False,False,0.02904040404040404,6,0.8503562808036804,12,51.894999345106825,0.015151515151515152,0.013888888888888888,True
99,expression from LLM question,contratações de software cartas de exclusividade,7,17291,,False,False,0.02862400327131466,13,0.8434208631515503,7,61.123107500767794,0.0136986301369863,0.014925373134328358,False
99,expression from LLM question,contratações de software cartas de exclusividade,8,22492,,False,False,0.02804284323271665,19,0.8390477895736694,5,61.123107500767794,0.012658227848101266,0.015384615384615385,False
99,expression from LLM question,contratações de software cartas de exclusividade,9,129558,,False,False,0.027205882352941177,8,0.8493713140487671,20,39.234334668192155,0.014705882352941176,0.0125,True
99,expression from LLM question,contratações de software cartas de exclusividade,10,17354,,False,False,0.026631393298059962,21,0.8386350870132446,10,52.79464670635348,0.012345679012345678,0.014285714285714285,False
100,expression from LLM question,assistência médica a servidores,1,39042,2.0,True,True,0.03252247488101534,1,0.8648198843002319,2,36.18730936199421,0.01639344262295082,0.016129032258064516,True
100,expression from LLM question,assistência médica a servidores,2,39040,2.0,True,True,0.032266458495966696,3,0.8612092733383179,1,37.25824611325331,0.015873015873015872,0.01639344262295082,True
100,expression from LLM question,assistência médica a servidores,3,34219,2.0,True,True,0.031754032258064516,2,0.8617160320281982,4,34.746708315786606,0.016129032258064516,0.015625,True
100,expression from LLM question,assistência médica a servidores,4,39041,,False,False,0.031009615384615385,4,0.8574712872505188,5,32.937759588971005,0.015625,0.015384615384615385,True
100,expression from LLM question,assistência médica a servidores,5,94594,,False,False,0.03036576949620428,9,0.8548404574394226,3,35.43363699321468,0.014492753623188406,0.015873015873015872,True
100,expression from LLM question,assistência médica a servidores,6,31239,,False,False,0.030303030303030304,6,0.8566399216651917,6,29.857152473463902,0.015151515151515152,0.015151515151515152,True
100,expression from LLM question,assistência médica a servidores,7,20304,,False,False,0.028790389395194696,8,0.8550474643707275,11,18.76154629941836,0.014705882352941176,0.014084507042253521,True
100,expression from LLM question,assistência médica a servidores,8,71349,3.0,True,True,0.028381642512077296,12,0.8534676432609558,9,19.822302078999712,0.013888888888888888,0.014492753623188406,False
100,expression from LLM question,assistência médica a servidores,9,167,,False,False,0.028205128205128206,5,0.8570137619972229,18,12.402660686881005,0.015384615384615385,0.01282051282051282,True
100,expression from LLM question,assistência médica a servidores,10,39043,3.0,True,True,0.02761904761904762,15,0.8506941795349121,10,19.70334650058441,0.013333333333333334,0.014285714285714285,False
101,LLM,Qual é a modalidade de licitação adequada para a concessão remunerada de uso de bens públicos?,1,16247,,False,False,0.03252247488101534,1,0.8714881539344788,2,39.540726813695265,0.01639344262295082,0.016129032258064516,True
101,LLM,Qual é a modalidade de licitação adequada para a concessão remunerada de uso de bens públicos?,2,17285,,False,False,0.031544957774465976,6,0.866182804107666,1,41.38280954805166,0.015151515151515152,0.01639344262295082,True
101,LLM,Qual é a modalidade de licitação adequada para a concessão remunerada de uso de bens públicos?,3,17360,2.0,True,True,0.030798389007344232,3,0.8700695037841797,7,29.687087131044663,0.015873015873015872,0.014925373134328358,True
101,LLM,Qual é a modalidade de licitação adequada para a concessão remunerada de uso de bens públicos?,4,14270,,False,False,0.03057889822595705,8,0.8653749227523804,3,35.18142451581154,0.014705882352941176,0.015873015873015872,True
101,LLM,Qual é a modalidade de licitação adequada para a concessão remunerada de uso de bens públicos?,5,2845,3.0,True,True,0.030117753623188408,4,0.8696340918540955,9,28.16766344267767,0.015625,0.014492753623188406,True
101,LLM,Qual é a modalidade de licitação adequada para a concessão remunerada de uso de bens públicos?,6,31277,,False,False,0.029910714285714284,10,0.8644035458564758,4,35.090596211913,0.014285714285714285,0.015625,True
101,LLM,Qual é a modalidade de licitação adequada para a concessão remunerada de uso de bens públicos?,7,18426,,False,False,0.02946912242686891,11,0.8638929128646851,5,33.440166615557644,0.014084507042253521,0.015384615384615385,False
101,LLM,Qual é a modalidade de licitação adequada para a concessão remunerada de uso de bens públicos?,8,16245,,False,False,0.028577260665441927,9,0.8651810884475708,11,26.9643954493831,0.014492753623188406,0.014084507042253521,True
101,LLM,Qual é a modalidade de licitação adequada para a concessão remunerada de uso de bens públicos?,9,40888,,False,False,0.02736498731424429,2,0.8706698417663574,29,21.06953492817655,0.016129032258064516,0.011235955056179775,True
101,LLM,Qual é a modalidade de licitação adequada para a concessão remunerada de uso de bens públicos?,10,17128,,False,False,0.026878868258178604,5,0.8662009239196777,27,23.568045094866058,0.015384615384615385,0.011494252873563218,True
102,LLM,A citação é considerada válida após o falecimento do responsável se a defesa já foi apresentada?,1,25480,,False,False,0.030679156908665108,10,0.8560307621955872,1,39.401700458597034,0.014285714285714285,0.01639344262295082,True
102,LLM,A citação é considerada válida após o falecimento do responsável se a defesa já foi apresentada?,2,26236,,False,False,0.02946912242686891,5,0.8595215082168579,11,32.768421347846605,0.015384615384615385,0.014084507042253521,True
102,LLM,A citação é considerada válida após o falecimento do responsável se a defesa já foi apresentada?,3,25257,,False,False,0.029116045245077504,2,0.8659455180168152,17,31.157310292976025,0.016129032258064516,0.012987012987012988,True
102,LLM,A citação é considerada válida após o falecimento do responsável se a defesa já foi apresentada?,4,32813,,False,False,0.028531243721117136,3,0.8602203130722046,19,30.80943240278418,0.015873015873015872,0.012658227848101266,True
102,LLM,A citação é considerada válida após o falecimento do responsável se a defesa já foi apresentada?,5,139391,3.0,True,True,0.027629397679130595,1,0.8727173805236816,29,28.244004838399064,0.01639344262295082,0.011235955056179775,True
102,LLM,A citação é considerada válida após o falecimento do responsável se a defesa já foi apresentada?,6,25600,,False,False,0.027271052146674038,7,0.8578640222549438,21,30.17996697987468,0.014925373134328358,0.012345679012345678,True
102,LLM,A citação é considerada válida após o falecimento do responsável se a defesa já foi apresentada?,7,31302,,False,False,0.026050420168067225,25,0.8529059886932373,10,32.83916769892876,0.011764705882352941,0.014285714285714285,False
102,LLM,A citação é considerada válida após o falecimento do responsável se a defesa já foi apresentada?,8,41964,,False,False,0.025219941348973606,50,0.849501371383667,2,35.5220814662177,0.00909090909090909,0.016129032258064516,False
102,LLM,A citação é considerada válida após o falecimento do responsável se a defesa já foi apresentada?,9,40940,,False,False,0.024321266968325792,8,0.857561469078064,44,25.960204473834395,0.014705882352941176,0.009615384615384616,True
102,LLM,A citação é considerada válida após o falecimento do responsável se a defesa já foi apresentada?,10,63,,False,False,0.02247431506849315,4,0.8597772121429443,86,24.677374510289123,0.015625,0.00684931506849315,True
103,LLM,A prestação de garantia contratual é permitida juntamente com a exigência de patrimônio líquido mínimo?,1,33935,3.0,True,True,0.03177805800756621,5,0.8759236335754395,1,110.37247070643579,0.015384615384615385,0.01639344262295082,True
103,LLM,A prestação de garantia contratual é permitida juntamente com a exigência de patrimônio líquido mínimo?,2,26373,3.0,True,True,0.03149801587301587,3,0.8806866407394409,4,104.4644376756334,0.015873015873015872,0.015625,True
103,LLM,A prestação de garantia contratual é permitida juntamente com a exigência de patrimônio líquido mínimo?,3,22789,3.0,True,True,0.030886196246139225,1,0.8858801126480103,9,98.26959704000816,0.01639344262295082,0.014492753623188406,True
103,LLM,A prestação de garantia contratual é permitida juntamente com a exigência de patrimônio líquido mínimo?,4,25757,3.0,True,True,0.030158730158730156,10,0.8689887523651123,3,104.67076507396119,0.014285714285714285,0.015873015873015872,True
103,LLM,A prestação de garantia contratual é permitida juntamente com a exigência de patrimônio líquido mínimo?,5,22212,3.0,True,True,0.029857397504456328,6,0.874980092048645,8,98.31551997561803,0.015151515151515152,0.014705882352941176,True
103,LLM,A prestação de garantia contratual é permitida juntamente com a exigência de patrimônio líquido mínimo?,6,21843,,False,False,0.02964254577157803,2,0.8828544020652771,14,84.72943844881051,0.016129032258064516,0.013513513513513514,True
103,LLM,A prestação de garantia contratual é permitida juntamente com a exigência de patrimônio líquido mínimo?,7,48357,3.0,True,True,0.029513888888888888,4,0.8772392272949219,12,93.66420848465111,0.015625,0.013888888888888888,True
103,LLM,A prestação de garantia contratual é permitida juntamente com a exigência de patrimônio líquido mínimo?,8,21801,,False,False,0.02900988017658188,7,0.8748873472213745,11,98.11650953033829,0.014925373134328358,0.014084507042253521,True
103,LLM,A prestação de garantia contratual é permitida juntamente com a exigência de patrimônio líquido mínimo?,9,31524,,False,False,0.028404512489927477,8,0.8729725480079651,13,85.74319694306249,0.014705882352941176,0.0136986301369863,True
103,LLM,A prestação de garantia contratual é permitida juntamente com a exigência de patrimônio líquido mínimo?,10,22840,,False,False,0.028370221327967807,11,0.8678568005561829,10,98.19364828808659,0.014084507042253521,0.014285714285714285,False
104,LLM,A exigência de garantia de participação é permitida juntamente com a exigência de patrimônio líquido mínimo?,1,26373,3.0,True,True,0.031746031746031744,3,0.8806682229042053,3,104.17174931976793,0.015873015873015872,0.015873015873015872,True
104,LLM,A exigência de garantia de participação é permitida juntamente com a exigência de patrimônio líquido mínimo?,2,33935,,False,False,0.030621785881252923,9,0.8731770515441895,2,105.16836816159993,0.014492753623188406,0.016129032258064516,True
104,LLM,A exigência de garantia de participação é permitida juntamente com a exigência de patrimônio líquido mínimo?,3,22789,,False,False,0.03047794966520434,1,0.8844555616378784,11,97.55891154631676,0.01639344262295082,0.014084507042253521,True
104,LLM,A exigência de garantia de participação é permitida juntamente com a exigência de patrimônio líquido mínimo?,4,21843,,False,False,0.030017921146953404,2,0.8819721341133118,12,86.31255990167216,0.016129032258064516,0.013888888888888888,True
104,LLM,A exigência de garantia de participação é permitida juntamente com a exigência de patrimônio líquido mínimo?,5,22212,3.0,True,True,0.029910714285714284,4,0.8801223635673523,10,97.60690116755188,0.015625,0.014285714285714285,True
104,LLM,A exigência de garantia de participação é permitida juntamente com a exigência de patrimônio líquido mínimo?,6,22840,,False,False,0.029411764705882353,8,0.8732180595397949,8,98.03179045879293,0.014705882352941176,0.014705882352941176,True
104,LLM,A exigência de garantia de participação é permitida juntamente com a exigência de patrimônio líquido mínimo?,7,31524,,False,False,0.028850145288501453,6,0.8756005167961121,13,86.14433994588266,0.015151515151515152,0.0136986301369863,True
104,LLM,A exigência de garantia de participação é permitida juntamente com a exigência de patrimônio líquido mínimo?,8,21801,,False,False,0.02877846790890269,10,0.8709061741828918,9,97.6085288491024,0.014285714285714285,0.014492753623188406,True
104,LLM,A exigência de garantia de participação é permitida juntamente com a exigência de patrimônio líquido mínimo?,9,21897,,False,False,0.02854251012145749,5,0.8770798444747925,16,81.44020679329785,0.015384615384615385,0.013157894736842105,True
104,LLM,A exigência de garantia de participação é permitida juntamente com a exigência de patrimônio líquido mínimo?,10,22211,3.0,True,True,0.028484848484848488,15,0.8682633638381958,6,103.5745481070409,0.013333333333333334,0.015151515151515152,False
105,LLM,Quais são as consequências para os responsáveis que realizam despesas sem cobertura contratual?,1,18924,,False,False,0.03278688524590164,1,0.8506922125816345,1,18.023458778381155,0.01639344262295082,0.01639344262295082,True
105,LLM,Quais são as consequências para os responsáveis que realizam despesas sem cobertura contratual?,2,62634,,False,False,0.031754032258064516,4,0.846899151802063,2,16.713608158251393,0.015625,0.016129032258064516,True
105,LLM,Quais são as consequências para os responsáveis que realizam despesas sem cobertura contratual?,3,146241,,False,False,0.0315136476426799,2,0.8486599922180176,5,15.019546582673332,0.016129032258064516,0.015384615384615385,True
105,LLM,Quais são as consequências para os responsáveis que realizam despesas sem cobertura contratual?,4,27213,,False,False,0.03149801587301587,3,0.8479487299919128,4,16.11577721757506,0.015873015873015872,0.015625,True
105,LLM,Quais são as consequências para os responsáveis que realizam despesas sem cobertura contratual?,5,34734,,False,False,0.03036576949620428,9,0.8463493585586548,3,16.473222033354624,0.014492753623188406,0.015873015873015872,True
105,LLM,Quais são as consequências para os responsáveis que realizam despesas sem cobertura contratual?,6,35081,,False,False,0.029850746268656716,7,0.8463563919067383,7,14.703133118592525,0.014925373134328358,0.014925373134328358,True
105,LLM,Quais são as consequências para os responsáveis que realizam despesas sem cobertura contratual?,7,73790,,False,False,0.02964426877470356,6,0.8464068174362183,9,13.837444296711864,0.015151515151515152,0.014492753623188406,True
105,LLM,Quais são as consequências para os responsáveis que realizam despesas sem cobertura contratual?,8,35189,1.0,True,True,0.02946912242686891,5,0.8467622399330139,11,12.388847227672395,0.015384615384615385,0.014084507042253521,True
105,LLM,Quais são as consequências para os responsáveis que realizam despesas sem cobertura contratual?,9,51880,,False,False,0.029437229437229435,10,0.8460239171981812,6,14.906849434265824,0.014285714285714285,0.015151515151515152,True
105,LLM,Quais são as consequências para os responsáveis que realizam despesas sem cobertura contratual?,10,17992,3.0,True,True,0.025516795865633074,26,0.8443560600280762,12,11.96190441963309,0.011627906976744186,0.013888888888888888,False
106,LLM,O pregão é adequado para concessões de uso de áreas comerciais em aeroportos?,1,18865,3.0,True,True,0.03278688524590164,1,0.886052668094635,1,46.50464341252823,0.01639344262295082,0.01639344262295082,True
106,LLM,O pregão é adequado para concessões de uso de áreas comerciais em aeroportos?,2,17360,2.0,True,True,0.03200204813108039,2,0.8836331367492676,3,39.01211334047004,0.016129032258064516,0.015873015873015872,True
106,LLM,O pregão é adequado para concessões de uso de áreas comerciais em aeroportos?,3,14273,,False,False,0.031754032258064516,4,0.8651720285415649,2,39.5797698602231,0.015625,0.016129032258064516,True
106,LLM,O pregão é adequado para concessões de uso de áreas comerciais em aeroportos?,4,2845,2.0,True,True,0.03149801587301587,3,0.8744612336158752,4,38.780137559057074,0.015873015873015872,0.015625,True
106,LLM,O pregão é adequado para concessões de uso de áreas comerciais em aeroportos?,5,31249,2.0,True,True,0.030536130536130537,5,0.8650851845741272,6,36.67084973857527,0.015384615384615385,0.015151515151515152,True
106,LLM,O pregão é adequado para concessões de uso de áreas comerciais em aeroportos?,6,18248,,False,False,0.029877369007803793,9,0.8562877178192139,5,37.30455694225658,0.014492753623188406,0.015384615384615385,True
106,LLM,O pregão é adequado para concessões de uso de áreas comerciais em aeroportos?,7,18243,,False,False,0.029418126757516764,7,0.8595489859580994,9,34.14434555244705,0.014925373134328358,0.014492753623188406,True
106,LLM,O pregão é adequado para concessões de uso de áreas comerciais em aeroportos?,8,14114,1.0,True,True,0.028814262023217248,12,0.8545874357223511,7,35.79148187108962,0.013888888888888888,0.014925373134328358,False
106,LLM,O pregão é adequado para concessões de uso de áreas comerciais em aeroportos?,9,18864,,False,False,0.028404512489927477,8,0.8588000535964966,13,30.2014431633981,0.014705882352941176,0.0136986301369863,True
106,LLM,O pregão é adequado para concessões de uso de áreas comerciais em aeroportos?,10,31252,1.0,True,True,0.02797339593114241,11,0.8555319309234619,12,32.50932094224923,0.014084507042253521,0.013888888888888888,False
107,LLM,Quais normas devem ser observadas na cessão das áreas comerciais de centrais públicas de abastecimento de gêneros alimentícios?,1,5714,3.0,True,True,0.03278688524590164,1,0.8675628900527954,1,45.40445399209331,0.01639344262295082,0.01639344262295082,True
107,LLM,Quais normas devem ser observadas na cessão das áreas comerciais de centrais públicas de abastecimento de gêneros alimentícios?,2,31251,,False,False,0.0315136476426799,5,0.8485342264175415,2,38.93269425363607,0.015384615384615385,0.016129032258064516,True
107,LLM,Quais normas devem ser observadas na cessão das áreas comerciais de centrais públicas de abastecimento de gêneros alimentícios?,3,18100,,False,False,0.029877369007803793,9,0.8453835248947144,5,33.40080178398721,0.014492753623188406,0.015384615384615385,True
107,LLM,Quais normas devem ser observadas na cessão das áreas comerciais de centrais públicas de abastecimento de gêneros alimentícios?,4,14862,,False,False,0.028958333333333336,4,0.8488750457763672,15,27.290392438416003,0.015625,0.013333333333333334,True
107,LLM,Quais normas devem ser observadas na cessão das áreas comerciais de centrais públicas de abastecimento de gêneros alimentícios?,5,17331,,False,False,0.028177225029148854,2,0.8539544343948364,23,22.61523878184659,0.016129032258064516,0.012048192771084338,True
107,LLM,Quais normas devem ser observadas na cessão das áreas comerciais de centrais públicas de abastecimento de gêneros alimentícios?,6,31281,,False,False,0.027783137179239824,11,0.844203531742096,13,28.623868946994843,0.014084507042253521,0.0136986301369863,False
107,LLM,Quais normas devem ser observadas na cessão das áreas comerciais de centrais públicas de abastecimento de gêneros alimentícios?,7,18124,1.0,True,True,0.026779422128259338,6,0.848530113697052,26,19.69655473060618,0.015151515151515152,0.011627906976744186,True
107,LLM,Quais normas devem ser observadas na cessão das áreas comerciais de centrais públicas de abastecimento de gêneros alimentícios?,8,31280,,False,False,0.026553280111072546,26,0.840837299823761,7,32.910635468047246,0.011627906976744186,0.014925373134328358,False
107,LLM,Quais normas devem ser observadas na cessão das áreas comerciais de centrais públicas de abastecimento de gêneros alimentícios?,9,18037,,False,False,0.02628900949796472,7,0.8474614024162292,28,18.216101898710725,0.014925373134328358,0.011363636363636364,True
107,LLM,Quais normas devem ser observadas na cessão das áreas comerciais de centrais públicas de abastecimento de gêneros alimentícios?,10,14279,2.0,True,True,0.0261986301369863,13,0.8437075614929199,20,25.980534022904635,0.0136986301369863,0.0125,False
108,LLM,É necessário exigir ao licitante comprovar que já forneceu bens pertinentes e compatíveis com o objeto da licitação?,1,31671,,False,False,0.03252247488101534,1,0.8650726079940796,2,52.26269513793194,0.01639344262295082,0.016129032258064516,True
108,LLM,É necessário exigir ao licitante comprovar que já forneceu bens pertinentes e compatíveis com o objeto da licitação?,2,22113,,False,False,0.03128054740957967,2,0.8606551885604858,6,46.730818555666616,0.016129032258064516,0.015151515151515152,True
108,LLM,É necessário exigir ao licitante comprovar que já forneceu bens pertinentes e compatíveis com o objeto da licitação?,3,22833,,False,False,0.031099324975891997,8,0.8583091497421265,1,52.600503329390115,0.014705882352941176,0.01639344262295082,True
108,LLM,É necessário exigir ao licitante comprovar que já forneceu bens pertinentes e compatíveis com o objeto da licitação?,4,22856,,False,False,0.031009615384615385,4,0.859121561050415,5,47.57173573782418,0.015625,0.015384615384615385,True
108,LLM,É necessário exigir ao licitante comprovar que já forneceu bens pertinentes e compatíveis com o objeto da licitação?,5,31664,,False,False,0.0288981288981289,5,0.8589264154434204,14,26.136887111404047,0.015384615384615385,0.013513513513513514,True
108,LLM,É necessário exigir ao licitante comprovar que já forneceu bens pertinentes e compatíveis com o objeto da licitação?,6,26373,,False,False,0.027346637102734665,6,0.8588294386863708,22,24.331961882982686,0.015151515151515152,0.012195121951219513,True
108,LLM,É necessário exigir ao licitante comprovar que já forneceu bens pertinentes e compatíveis com o objeto da licitação?,7,107375,,False,False,0.025833333333333333,15,0.8566615581512451,20,24.65165658909823,0.013333333333333334,0.0125,False
108,LLM,É necessário exigir ao licitante comprovar que já forneceu bens pertinentes e compatíveis com o objeto da licitação?,8,25757,,False,False,0.02484567901234568,20,0.8558571934700012,21,24.564334926061,0.0125,0.012345679012345678,False
108,LLM,É necessário exigir ao licitante comprovar que já forneceu bens pertinentes e compatíveis com o objeto da licitação?,9,36634,,False,False,0.024593763724198508,39,0.853395938873291,9,32.25553358871843,0.010101010101010102,0.014492753623188406,False
108,LLM,É necessário exigir ao licitante comprovar que já forneceu bens pertinentes e compatíveis com o objeto da licitação?,10,33071,,False,False,0.024493705528188286,3,0.8596442341804504,56,19.578482289008946,0.015873015873015872,0.008620689655172414,True
109,LLM,"É permitido a extrapolar os limites estabelecidos no art. 65, §§ 1º e 2º, da Lei 8.666/1993 para alterações consensuais qualitativas de contratos de obras e serviços?",1,18359,,False,False,0.03177805800756621,1,0.8875178694725037,5,91.69916691984106,0.01639344262295082,0.015384615384615385,True
109,LLM,"É permitido a extrapolar os limites estabelecidos no art. 65, §§ 1º e 2º, da Lei 8.666/1993 para alterações consensuais qualitativas de contratos de obras e serviços?",2,18018,,False,False,0.031544957774465976,6,0.8650220632553101,1,102.09654350675916,0.015151515151515152,0.01639344262295082,True
109,LLM,"É permitido a extrapolar os limites estabelecidos no art. 65, §§ 1º e 2º, da Lei 8.666/1993 para alterações consensuais qualitativas de contratos de obras e serviços?",3,17090,3.0,True,True,0.0304147465437788,2,0.8692546486854553,10,89.93190945412586,0.016129032258064516,0.014285714285714285,True
109,LLM,"É permitido a extrapolar os limites estabelecidos no art. 65, §§ 1º e 2º, da Lei 8.666/1993 para alterações consensuais qualitativas de contratos de obras e serviços?",4,18936,,False,False,0.029631255487269532,7,0.8649097681045532,8,90.86517146685455,0.014925373134328358,0.014705882352941176,True
109,LLM,"É permitido a extrapolar os limites estabelecidos no art. 65, §§ 1º e 2º, da Lei 8.666/1993 para alterações consensuais qualitativas de contratos de obras e serviços?",5,17206,,False,False,0.028381642512077296,9,0.8643951416015625,12,86.9546061911101,0.014492753623188406,0.013888888888888888,True
109,LLM,"É permitido a extrapolar os limites estabelecidos no art. 65, §§ 1º e 2º, da Lei 8.666/1993 para alterações consensuais qualitativas de contratos de obras e serviços?",6,109711,,False,False,0.028258706467661692,15,0.8619266152381897,7,91.25963029054128,0.013333333333333334,0.014925373134328358,False
109,LLM,"É permitido a extrapolar os limites estabelecidos no art. 65, §§ 1º e 2º, da Lei 8.666/1993 para alterações consensuais qualitativas de contratos de obras e serviços?",7,18019,,False,False,0.02749719416386083,21,0.8600335717201233,6,91.52294728573293,0.012345679012345678,0.015151515151515152,False
109,LLM,"É permitido a extrapolar os limites estabelecidos no art. 65, §§ 1º e 2º, da Lei 8.666/1993 para alterações consensuais qualitativas de contratos de obras e serviços?",8,20539,,False,False,0.02701252236135957,5,0.8652676343917847,26,76.59415156450733,0.015384615384615385,0.011627906976744186,True
109,LLM,"É permitido a extrapolar os limites estabelecidos no art. 65, §§ 1º e 2º, da Lei 8.666/1993 para alterações consensuais qualitativas de contratos de obras e serviços?",9,104455,,False,False,0.02651914295749912,13,0.8622671365737915,18,85.11795865759791,0.0136986301369863,0.01282051282051282,False
109,LLM,"É permitido a extrapolar os limites estabelecidos no art. 65, §§ 1º e 2º, da Lei 8.666/1993 para alterações consensuais qualitativas de contratos de obras e serviços?",10,83623,,False,False,0.02557544757033248,8,0.8645265102386475,32,62.41706784453607,0.014705882352941176,0.010869565217391304,True
110,LLM,Qual a responsabilidade do gestor sucessor quando o gestor antecessor omitiu o dever de prestar contas?,1,111444,3.0,True,True,0.031754032258064516,4,0.8749600648880005,2,84.83253808212204,0.015625,0.016129032258064516,True
110,LLM,Qual a responsabilidade do gestor sucessor quando o gestor antecessor omitiu o dever de prestar contas?,2,120403,,False,False,0.031746031746031744,3,0.877966046333313,3,79.01360611422645,0.015873015873015872,0.015873015873015872,True
110,LLM,Qual a responsabilidade do gestor sucessor quando o gestor antecessor omitiu o dever de prestar contas?,3,137127,3.0,True,True,0.031099324975891997,8,0.8724979162216187,1,85.02650332890427,0.014705882352941176,0.01639344262295082,True
110,LLM,Qual a responsabilidade do gestor sucessor quando o gestor antecessor omitiu o dever de prestar contas?,4,84720,,False,False,0.031054405392392875,2,0.8823531270027161,7,70.46933506393894,0.016129032258064516,0.014925373134328358,True
110,LLM,Qual a responsabilidade do gestor sucessor quando o gestor antecessor omitiu o dever de prestar contas?,5,35428,3.0,True,True,0.030776515151515152,6,0.8726696372032166,4,78.42417378249239,0.015151515151515152,0.015625,True
110,LLM,Qual a responsabilidade do gestor sucessor quando o gestor antecessor omitiu o dever de prestar contas?,6,34673,,False,False,0.03028233151183971,1,0.8837772607803345,12,57.97376967686936,0.01639344262295082,0.013888888888888888,True
110,LLM,Qual a responsabilidade do gestor sucessor quando o gestor antecessor omitiu o dever de prestar contas?,7,145500,3.0,True,True,0.029877369007803793,9,0.8723430037498474,5,75.68620555234773,0.014492753623188406,0.015384615384615385,True
110,LLM,Qual a responsabilidade do gestor sucessor quando o gestor antecessor omitiu o dever de prestar contas?,8,35435,3.0,True,True,0.028594771241830064,12,0.8709681630134583,8,61.6159359527348,0.013888888888888888,0.014705882352941176,False
110,LLM,Qual a responsabilidade do gestor sucessor quando o gestor antecessor omitiu o dever de prestar contas?,9,34672,3.0,True,True,0.028309409888357256,16,0.8693397045135498,6,71.14005389535735,0.013157894736842105,0.015151515151515152,False
110,LLM,Qual a responsabilidade do gestor sucessor quando o gestor antecessor omitiu o dever de prestar contas?,10,35329,,False,False,0.02782608695652174,15,0.8700459599494934,9,60.486068427377894,0.013333333333333334,0.014492753623188406,False
111,LLM,Qual é a modalidade de licitação utilizada para contratar serviços técnicos necessários à estruturação de projeto de parceria público-privada relativo a infraestrutura de rede de iluminação pública?,1,18828,,False,False,0.03200204813108039,3,0.8616697192192078,2,25.345615870425284,0.015873015873015872,0.016129032258064516,True
111,LLM,Qual é a modalidade de licitação utilizada para contratar serviços técnicos necessários à estruturação de projeto de parceria público-privada relativo a infraestrutura de rede de iluminação pública?,2,142364,,False,False,0.031024531024531024,6,0.8587480783462524,3,23.916949428984093,0.015151515151515152,0.015873015873015872,True
111,LLM,Qual é a modalidade de licitação utilizada para contratar serviços técnicos necessários à estruturação de projeto de parceria público-privada relativo a infraestrutura de rede de iluminação pública?,3,44087,,False,False,0.030886196246139225,9,0.8580347895622253,1,29.191283246670512,0.014492753623188406,0.01639344262295082,True
111,LLM,Qual é a modalidade de licitação utilizada para contratar serviços técnicos necessários à estruturação de projeto de parceria público-privada relativo a infraestrutura de rede de iluminação pública?,4,44162,3.0,True,True,0.030886196246139225,1,0.8742679357528687,9,20.516648931608955,0.01639344262295082,0.014492753623188406,True
111,LLM,Qual é a modalidade de licitação utilizada para contratar serviços técnicos necessários à estruturação de projeto de parceria público-privada relativo a infraestrutura de rede de iluminação pública?,5,85589,,False,False,0.03076923076923077,5,0.8590110540390015,5,23.107388692228884,0.015384615384615385,0.015384615384615385,True
111,LLM,Qual é a modalidade de licitação utilizada para contratar serviços técnicos necessários à estruturação de projeto de parceria público-privada relativo a infraestrutura de rede de iluminação pública?,6,54765,1.0,True,True,0.029910714285714284,4,0.8605504035949707,10,20.17873645276099,0.015625,0.014285714285714285,True
111,LLM,Qual é a modalidade de licitação utilizada para contratar serviços técnicos necessários à estruturação de projeto de parceria público-privada relativo a infraestrutura de rede de iluminação pública?,7,118313,,False,False,0.029850746268656716,7,0.8583676815032959,7,22.600291460563415,0.014925373134328358,0.014925373134328358,True
111,LLM,Qual é a modalidade de licitação utilizada para contratar serviços técnicos necessários à estruturação de projeto de parceria público-privada relativo a infraestrutura de rede de iluminação pública?,8,18245,,False,False,0.027529761904761904,24,0.8559990525245667,4,23.271512766319645,0.011904761904761904,0.015625,False
111,LLM,Qual é a modalidade de licitação utilizada para contratar serviços técnicos necessários à estruturação de projeto de parceria público-privada relativo a infraestrutura de rede de iluminação pública?,9,44311,,False,False,0.027118043247075507,2,0.8666795492172241,31,14.042973632418565,0.016129032258064516,0.01098901098901099,True
111,LLM,Qual é a modalidade de licitação utilizada para contratar serviços técnicos necessários à estruturação de projeto de parceria público-privada relativo a infraestrutura de rede de iluminação pública?,10,44084,,False,False,0.0253441802252816,8,0.8580942153930664,34,13.272519959100286,0.014705882352941176,0.010638297872340425,True
112,LLM,O que acontece se não houver compatibilidade entre o objeto do certame e as atividades previstas no contrato social da empresa licitante?,1,34137,,False,False,0.032018442622950824,4,0.8548352718353271,1,40.27209072130856,0.015625,0.01639344262295082,True
112,LLM,O que acontece se não houver compatibilidade entre o objeto do certame e as atividades previstas no contrato social da empresa licitante?,2,34138,,False,False,0.031754032258064516,2,0.8568252325057983,4,33.03907567276203,0.016129032258064516,0.015625,True
112,LLM,O que acontece se não houver compatibilidade entre o objeto do certame e as atividades previstas no contrato social da empresa licitante?,3,34127,,False,False,0.03128054740957967,6,0.8532799482345581,2,39.71322305637382,0.015151515151515152,0.016129032258064516,True
112,LLM,O que acontece se não houver compatibilidade entre o objeto do certame e as atividades previstas no contrato social da empresa licitante?,4,42635,1.0,True,True,0.03125763125763126,5,0.8546623587608337,3,38.308422490781915,0.015384615384615385,0.015873015873015872,True
112,LLM,O que acontece se não houver compatibilidade entre o objeto do certame e as atividades previstas no contrato social da empresa licitante?,5,125359,2.0,True,True,0.028594771241830064,8,0.8530217409133911,12,24.018737347340025,0.014705882352941176,0.013888888888888888,True
112,LLM,O que acontece se não houver compatibilidade entre o objeto do certame e as atividades previstas no contrato social da empresa licitante?,6,42817,1.0,True,True,0.02857142857142857,10,0.8525773286819458,10,25.883940277215956,0.014285714285714285,0.014285714285714285,True
112,LLM,O que acontece se não houver compatibilidade entre o objeto do certame e as atividades previstas no contrato social da empresa licitante?,7,13694,3.0,True,True,0.02821869488536155,3,0.8562435507774353,21,19.136436014557354,0.015873015873015872,0.012345679012345678,True
112,LLM,O que acontece se não houver compatibilidade entre o objeto do certame e as atividades previstas no contrato social da empresa licitante?,8,20903,,False,False,0.027346637102734665,22,0.8506582975387573,6,31.97061791330436,0.012195121951219513,0.015151515151515152,False
112,LLM,O que acontece se não houver compatibilidade entre o objeto do certame e as atividades previstas no contrato social da empresa licitante?,9,70767,,False,False,0.027031963470319637,15,0.8515527248382568,13,23.44599452602084,0.013333333333333334,0.0136986301369863,False
112,LLM,O que acontece se não houver compatibilidade entre o objeto do certame e as atividades previstas no contrato social da empresa licitante?,10,7892,,False,False,0.02681010928961749,1,0.8574138283729553,36,14.713559120967089,0.01639344262295082,0.010416666666666666,True
113,LLM,Quem é responsável pela gestão dos recursos do Fundo Municipal de Saúde?,1,75014,2.0,True,True,0.03225806451612903,2,0.8732928037643433,2,67.23560291173773,0.016129032258064516,0.016129032258064516,True
113,LLM,Quem é responsável pela gestão dos recursos do Fundo Municipal de Saúde?,2,80730,,False,False,0.03131881575727918,1,0.8793215155601501,7,62.961286465103996,0.01639344262295082,0.014925373134328358,True
113,LLM,Quem é responsável pela gestão dos recursos do Fundo Municipal de Saúde?,3,34746,2.0,True,True,0.030886196246139225,9,0.8625840544700623,1,70.7769822283993,0.014492753623188406,0.01639344262295082,True
113,LLM,Quem é responsável pela gestão dos recursos do Fundo Municipal de Saúde?,4,17184,3.0,True,True,0.030776515151515152,4,0.8684156537055969,6,63.48946516923374,0.015625,0.015151515151515152,True
113,LLM,Quem é responsável pela gestão dos recursos do Fundo Municipal de Saúde?,5,4856,2.0,True,True,0.029571646010002173,3,0.8688549995422363,13,49.51936063079442,0.015873015873015872,0.0136986301369863,True
113,LLM,Quem é responsável pela gestão dos recursos do Fundo Municipal de Saúde?,6,66911,,False,False,0.02946912242686891,11,0.8617843389511108,5,64.34252037280724,0.014084507042253521,0.015384615384615385,False
113,LLM,Quem é responsável pela gestão dos recursos do Fundo Municipal de Saúde?,7,13583,3.0,True,True,0.028594771241830064,8,0.8628567457199097,12,49.73296272473661,0.014705882352941176,0.013888888888888888,True
113,LLM,Quem é responsável pela gestão dos recursos do Fundo Municipal de Saúde?,8,93700,,False,False,0.028404512489927477,13,0.8603327870368958,8,62.71373615300541,0.0136986301369863,0.014705882352941176,False
113,LLM,Quem é responsável pela gestão dos recursos do Fundo Municipal de Saúde?,9,19452,,False,False,0.02749719416386083,6,0.8631393909454346,21,25.234828724450335,0.015151515151515152,0.012345679012345678,True
113,LLM,Quem é responsável pela gestão dos recursos do Fundo Municipal de Saúde?,10,32583,,False,False,0.02712049508554787,7,0.8628571033477783,22,23.664234108656444,0.014925373134328358,0.012195121951219513,True
114,LLM,É obrigatória pesquisa de mercado na elaboração do orçamento-base da licitação?,1,22170,2.0,True,True,0.031099324975891997,8,0.8707636594772339,1,73.61816585170078,0.014705882352941176,0.01639344262295082,True
114,LLM,É obrigatória pesquisa de mercado na elaboração do orçamento-base da licitação?,2,31629,3.0,True,True,0.030886196246139225,1,0.8828448057174683,9,65.2849454998457,0.01639344262295082,0.014492753623188406,True
114,LLM,É obrigatória pesquisa de mercado na elaboração do orçamento-base da licitação?,3,21135,3.0,True,True,0.030309988518943745,5,0.8757394552230835,7,68.55109970183415,0.015384615384615385,0.014925373134328358,True
114,LLM,É obrigatória pesquisa de mercado na elaboração do orçamento-base da licitação?,4,22166,,False,False,0.029571646010002173,3,0.8783376812934875,13,63.20864036971595,0.015873015873015872,0.0136986301369863,True
114,LLM,É obrigatória pesquisa de mercado na elaboração do orçamento-base da licitação?,5,22168,,False,False,0.029437229437229435,6,0.873633623123169,10,64.838661026492,0.015151515151515152,0.014285714285714285,True
114,LLM,É obrigatória pesquisa de mercado na elaboração do orçamento-base da licitação?,6,21864,3.0,True,True,0.02797067901234568,4,0.8774313926696777,21,61.433616488353096,0.015625,0.012345679012345678,True
114,LLM,É obrigatória pesquisa de mercado na elaboração do orçamento-base da licitação?,7,21827,,False,False,0.026875901875901876,17,0.8653644323348999,12,63.2428389638782,0.012987012987012988,0.013888888888888888,False
114,LLM,É obrigatória pesquisa de mercado na elaboração do orçamento-base da licitação?,8,21790,,False,False,0.02631578947368421,16,0.8654309511184692,16,63.20218583955334,0.013157894736842105,0.013157894736842105,False
114,LLM,É obrigatória pesquisa de mercado na elaboração do orçamento-base da licitação?,9,21835,,False,False,0.026279628993473032,22,0.8640531301498413,11,63.2428389638782,0.012195121951219513,0.014084507042253521,False
114,LLM,É obrigatória pesquisa de mercado na elaboração do orçamento-base da licitação?,10,33046,,False,False,0.02565284178187404,2,0.8799282908439636,45,40.26900835349909,0.016129032258064516,0.009523809523809525,True
115,LLM,A pesquisa de preços correntes no mercado é obrigatória em licitações?,1,21135,3.0,True,True,0.031544957774465976,6,0.8714028596878052,1,69.1303601681197,0.015151515151515152,0.01639344262295082,True
115,LLM,A pesquisa de preços correntes no mercado é obrigatória em licitações?,2,21864,3.0,True,True,0.031544957774465976,1,0.8898760676383972,6,62.14667405859081,0.01639344262295082,0.015151515151515152,True
115,LLM,A pesquisa de preços correntes no mercado é obrigatória em licitações?,3,22168,,False,False,0.030090497737556562,8,0.8692147135734558,5,62.95283800963214,0.014705882352941176,0.015384615384615385,True
115,LLM,A pesquisa de preços correntes no mercado é obrigatória em licitações?,4,22166,,False,False,0.029827662395050816,2,0.8778240084648132,13,59.486484587991285,0.016129032258064516,0.0136986301369863,True
115,LLM,A pesquisa de preços correntes no mercado é obrigatória em licitações?,5,31629,3.0,True,True,0.028577260665441927,9,0.8681931495666504,11,61.28323282259942,0.014492753623188406,0.014084507042253521,True
115,LLM,A pesquisa de preços correntes no mercado é obrigatória em licitações?,6,22170,,False,False,0.02782608695652174,15,0.864050030708313,9,61.51279062510086,0.013333333333333334,0.014492753623188406,False
115,LLM,A pesquisa de preços correntes no mercado é obrigatória em licitações?,7,117370,,False,False,0.02674825174825175,5,0.871711015701294,28,44.805152912060365,0.015384615384615385,0.011363636363636364,True
115,LLM,A pesquisa de preços correntes no mercado é obrigatória em licitações?,8,18894,,False,False,0.026553280111072546,7,0.8693640232086182,26,46.92984975239022,0.014925373134328358,0.011627906976744186,True
115,LLM,A pesquisa de preços correntes no mercado é obrigatória em licitações?,9,21827,,False,False,0.02581612258494337,19,0.8629312515258789,16,59.27821575828082,0.012658227848101266,0.013157894736842105,False
115,LLM,A pesquisa de preços correntes no mercado é obrigatória em licitações?,10,20532,,False,False,0.02541827541827542,24,0.8599557280540466,14,59.486484587991285,0.011904761904761904,0.013513513513513514,False
116,LLM,O que fazer para verificar a vantajosidade da adesão à ata?,1,20840,,False,False,0.031024531024531024,3,0.8484060764312744,6,32.137944351378906,0.015873015873015872,0.015151515151515152,True
116,LLM,O que fazer para verificar a vantajosidade da adesão à ata?,2,62306,3.0,True,True,0.031024531024531024,6,0.842928409576416,3,34.557094285995476,0.015151515151515152,0.015873015873015872,True
116,LLM,O que fazer para verificar a vantajosidade da adesão à ata?,3,50537,3.0,True,True,0.030886196246139225,9,0.8402736783027649,1,39.754301773802744,0.014492753623188406,0.01639344262295082,True
116,LLM,O que fazer para verificar a vantajosidade da adesão à ata?,4,16981,,False,False,0.030834914611005692,8,0.840404212474823,2,34.97850643266211,0.014705882352941176,0.016129032258064516,True
116,LLM,O que fazer para verificar a vantajosidade da adesão à ata?,5,14526,3.0,True,True,0.030090497737556562,5,0.8435221910476685,8,30.85307068591615,0.015384615384615385,0.014705882352941176,True
116,LLM,O que fazer para verificar a vantajosidade da adesão à ata?,6,20500,3.0,True,True,0.029551337359792925,1,0.8526812195777893,16,28.677066956412517,0.01639344262295082,0.013157894736842105,True
116,LLM,O que fazer para verificar a vantajosidade da adesão à ata?,7,21203,,False,False,0.02832415420928403,2,0.8491466045379639,22,27.746196112312916,0.016129032258064516,0.012195121951219513,True
116,LLM,O que fazer para verificar a vantajosidade da adesão à ata?,8,20561,3.0,True,True,0.025793650793650792,24,0.833414614200592,12,30.01259107070409,0.011904761904761904,0.013888888888888888,False
116,LLM,O que fazer para verificar a vantajosidade da adesão à ata?,9,77927,,False,False,0.025645240835114255,19,0.8344390988349915,17,28.373086517765493,0.012658227848101266,0.012987012987012988,False
116,LLM,O que fazer para verificar a vantajosidade da adesão à ata?,10,74335,,False,False,0.025240384615384616,4,0.8454281091690063,44,18.143622834292273,0.015625,0.009615384615384616,True
117,LLM,É permitida a compensação entre acréscimos e supressões nos contratos administrativos?,1,104455,,False,False,0.03252247488101534,2,0.8746514320373535,1,121.06704291499872,0.016129032258064516,0.01639344262295082,True
117,LLM,É permitida a compensação entre acréscimos e supressões nos contratos administrativos?,2,10089,3.0,True,True,0.031009615384615385,4,0.8730926513671875,5,114.95136248669816,0.015625,0.015384615384615385,True
117,LLM,É permitida a compensação entre acréscimos e supressões nos contratos administrativos?,3,17089,2.0,True,True,0.031009615384615385,5,0.8705425262451172,4,118.09168049092793,0.015384615384615385,0.015625,True
117,LLM,É permitida a compensação entre acréscimos e supressões nos contratos administrativos?,4,49135,3.0,True,True,0.030798389007344232,7,0.8677834272384644,3,118.35697562384979,0.014925373134328358,0.015873015873015872,True
117,LLM,É permitida a compensação entre acréscimos e supressões nos contratos administrativos?,5,17090,,False,False,0.030303030303030304,6,0.8686109781265259,6,113.97792588893174,0.015151515151515152,0.015151515151515152,True
117,LLM,É permitida a compensação entre acréscimos e supressões nos contratos administrativos?,6,18359,,False,False,0.02877846790890269,9,0.8671806454658508,10,113.73398058386736,0.014492753623188406,0.014285714285714285,True
117,LLM,É permitida a compensação entre acréscimos e supressões nos contratos administrativos?,7,18936,,False,False,0.02817460317460317,10,0.8666637539863586,12,112.90821929696432,0.014285714285714285,0.013888888888888888,True
117,LLM,É permitida a compensação entre acréscimos e supressões nos contratos administrativos?,8,18019,3.0,True,True,0.027783137179239824,13,0.8650463223457336,11,113.51641404061282,0.0136986301369863,0.014084507042253521,False
117,LLM,É permitida a compensação entre acréscimos e supressões nos contratos administrativos?,9,18018,,False,False,0.02749266862170088,28,0.8545960187911987,2,120.1154691474117,0.011363636363636364,0.016129032258064516,False
117,LLM,É permitida a compensação entre acréscimos e supressões nos contratos administrativos?,10,17249,3.0,True,True,0.02684684684684685,15,0.8644895553588867,14,112.17727000784649,0.013333333333333334,0.013513513513513514,False
118,LLM,Quais são as condições para que o restabelecimento total ou parcial de quantitativo de item anteriormente suprimido por aditivo contratual não configure compensação vedada pela jurisprudência do TCU?,1,104455,3.0,True,True,0.03252247488101534,1,0.8986005783081055,2,94.9465607846085,0.01639344262295082,0.016129032258064516,True
118,LLM,Quais são as condições para que o restabelecimento total ou parcial de quantitativo de item anteriormente suprimido por aditivo contratual não configure compensação vedada pela jurisprudência do TCU?,2,17206,2.0,True,True,0.03128054740957967,2,0.8895716667175293,6,89.78936191790137,0.016129032258064516,0.015151515151515152,True
118,LLM,Quais são as condições para que o restabelecimento total ou parcial de quantitativo de item anteriormente suprimido por aditivo contratual não configure compensação vedada pela jurisprudência do TCU?,3,17209,,False,False,0.03125763125763126,5,0.8781927227973938,3,91.92101516344607,0.015384615384615385,0.015873015873015872,True
118,LLM,Quais são as condições para que o restabelecimento total ou parcial de quantitativo de item anteriormente suprimido por aditivo contratual não configure compensação vedada pela jurisprudência do TCU?,4,10089,2.0,True,True,0.03028233151183971,12,0.8758630156517029,1,95.13263406841567,0.013888888888888888,0.01639344262295082,False
118,LLM,Quais são as condições para que o restabelecimento total ou parcial de quantitativo de item anteriormente suprimido por aditivo contratual não configure compensação vedada pela jurisprudência do TCU?,5,15532,1.0,True,True,0.03007688828584351,6,0.878132164478302,7,89.78241430508682,0.015151515151515152,0.014925373134328358,True
118,LLM,Quais são as condições para que o restabelecimento total ou parcial de quantitativo de item anteriormente suprimido por aditivo contratual não configure compensação vedada pela jurisprudência do TCU?,6,17207,,False,False,0.029910714285714284,4,0.8807005286216736,10,89.24672577607367,0.015625,0.014285714285714285,True
118,LLM,Quais são as condições para que o restabelecimento total ou parcial de quantitativo de item anteriormente suprimido por aditivo contratual não configure compensação vedada pela jurisprudência do TCU?,7,18359,,False,False,0.02976190476190476,3,0.880748450756073,12,87.44853080506553,0.015873015873015872,0.013888888888888888,True
118,LLM,Quais são as condições para que o restabelecimento total ou parcial de quantitativo de item anteriormente suprimido por aditivo contratual não configure compensação vedada pela jurisprudência do TCU?,8,18019,2.0,True,True,0.027242401779095628,11,0.8758820295333862,16,87.00437602552036,0.014084507042253521,0.013157894736842105,False
118,LLM,Quais são as condições para que o restabelecimento total ou parcial de quantitativo de item anteriormente suprimido por aditivo contratual não configure compensação vedada pela jurisprudência do TCU?,9,122672,,False,False,0.025914384123339348,7,0.8775966763496399,31,60.035393768734664,0.014925373134328358,0.01098901098901099,True
118,LLM,Quais são as condições para que o restabelecimento total ou parcial de quantitativo de item anteriormente suprimido por aditivo contratual não configure compensação vedada pela jurisprudência do TCU?,10,18018,,False,False,0.025603392041748205,24,0.873839259147644,13,87.24721188059799,0.011904761904761904,0.0136986301369863,False
119,LLM,A Administração pode indicar preferência por marcas em licitações para aquisição de cartuchos de tinta?,1,34132,3.0,True,True,0.03252247488101534,1,0.8783004879951477,2,50.927411030121014,0.01639344262295082,0.016129032258064516,True
119,LLM,A Administração pode indicar preferência por marcas em licitações para aquisição de cartuchos de tinta?,2,22172,,False,False,0.031746031746031744,3,0.860697865486145,3,48.22507170353573,0.015873015873015872,0.015873015873015872,True
119,LLM,A Administração pode indicar preferência por marcas em licitações para aquisição de cartuchos de tinta?,3,21867,2.0,True,True,0.030886196246139225,9,0.856589674949646,1,54.171837593824925,0.014492753623188406,0.01639344262295082,True
119,LLM,A Administração pode indicar preferência por marcas em licitações para aquisição de cartuchos de tinta?,4,34146,3.0,True,True,0.03076923076923077,5,0.859417736530304,5,43.18019512471821,0.015384615384615385,0.015384615384615385,True
119,LLM,A Administração pode indicar preferência por marcas em licitações para aquisição de cartuchos de tinta?,5,22124,,False,False,0.029857397504456328,8,0.8570001125335693,6,41.91569760018759,0.014705882352941176,0.015151515151515152,True
119,LLM,A Administração pode indicar preferência por marcas em licitações para aquisição de cartuchos de tinta?,6,21814,,False,False,0.029631255487269532,7,0.8584403991699219,8,40.869899883416494,0.014925373134328358,0.014705882352941176,True
119,LLM,A Administração pode indicar preferência por marcas em licitações para aquisição de cartuchos de tinta?,7,22196,,False,False,0.029437229437229435,6,0.8590090870857239,10,37.84103916819696,0.015151515151515152,0.014285714285714285,True
119,LLM,A Administração pode indicar preferência por marcas em licitações para aquisição de cartuchos de tinta?,8,21815,,False,False,0.029211087420042643,10,0.856528639793396,7,41.418048741365,0.014285714285714285,0.014925373134328358,True
119,LLM,A Administração pode indicar preferência por marcas em licitações para aquisição de cartuchos de tinta?,9,33054,3.0,True,True,0.028949545078577336,2,0.8614953756332397,18,33.4311782821935,0.016129032258064516,0.01282051282051282,True
119,LLM,A Administração pode indicar preferência por marcas em licitações para aquisição de cartuchos de tinta?,10,33056,,False,False,0.028577260665441927,11,0.856085479259491,9,40.346701182030245,0.014084507042253521,0.014492753623188406,False
120,LLM,O TCU é responsável pela fiscalização das ações e serviços de saúde pagos com recursos repassados pela União no âmbito do Sistema Único de Saúde?,1,18900,3.0,True,True,0.03177805800756621,5,0.8624246120452881,1,35.83989894000261,0.015384615384615385,0.01639344262295082,True
120,LLM,O TCU é responsável pela fiscalização das ações e serviços de saúde pagos com recursos repassados pela União no âmbito do Sistema Único de Saúde?,2,25448,,False,False,0.03125,4,0.8637831211090088,4,30.65573626975674,0.015625,0.015625,True
120,LLM,O TCU é responsável pela fiscalização das ações e serviços de saúde pagos com recursos repassados pela União no âmbito do Sistema Único de Saúde?,3,15255,,False,False,0.031054405392392875,2,0.865416407585144,7,27.639853306421898,0.016129032258064516,0.014925373134328358,True
120,LLM,O TCU é responsável pela fiscalização das ações e serviços de saúde pagos com recursos repassados pela União no âmbito do Sistema Único de Saúde?,4,6549,,False,False,0.02964426877470356,9,0.8598634004592896,6,28.278666462859807,0.014492753623188406,0.015151515151515152,True
120,LLM,O TCU é responsável pela fiscalização das ações e serviços de saúde pagos com recursos repassados pela União no âmbito do Sistema Único de Saúde?,5,31004,,False,False,0.029206349206349208,3,0.8648554086685181,15,23.54426773192192,0.015873015873015872,0.013333333333333334,True
120,LLM,O TCU é responsável pela fiscalização das ações e serviços de saúde pagos com recursos repassados pela União no âmbito do Sistema Único de Saúde?,6,17012,3.0,True,True,0.02788769549651404,1,0.8654375672340393,27,18.035175219810963,0.01639344262295082,0.011494252873563218,True
120,LLM,O TCU é responsável pela fiscalização das ações e serviços de saúde pagos com recursos repassados pela União no âmbito do Sistema Único de Saúde?,7,41628,,False,False,0.02712049508554787,7,0.8619099855422974,22,21.45665803325545,0.014925373134328358,0.012195121951219513,True
120,LLM,O TCU é responsável pela fiscalização das ações e serviços de saúde pagos com recursos repassados pela União no âmbito do Sistema Único de Saúde?,8,52566,,False,False,0.02625418060200669,32,0.853934109210968,5,28.52831008354002,0.010869565217391304,0.015384615384615385,False
120,LLM,O TCU é responsável pela fiscalização das ações e serviços de saúde pagos com recursos repassados pela União no âmbito do Sistema Único de Saúde?,9,25569,,False,False,0.026050420168067225,10,0.8595719933509827,25,18.16263805088926,0.014285714285714285,0.011764705882352941,True
120,LLM,O TCU é responsável pela fiscalização das ações e serviços de saúde pagos com recursos repassados pela União no âmbito do Sistema Único de Saúde?,10,25605,,False,False,0.0259915611814346,15,0.8573513627052307,19,22.602299435035192,0.013333333333333334,0.012658227848101266,False
121,LLM,O que deve ser feito se não for possível obter preços referenciais nos sistemas oficiais para estimativa de custos em processos licitatórios?,1,22170,3.0,True,True,0.03278688524590164,1,0.870881199836731,1,51.1457764887375,0.01639344262295082,0.01639344262295082,True
121,LLM,O que deve ser feito se não for possível obter preços referenciais nos sistemas oficiais para estimativa de custos em processos licitatórios?,2,22164,3.0,True,True,0.0315136476426799,5,0.8630146980285645,2,50.988305490474865,0.015384615384615385,0.016129032258064516,True
121,LLM,O que deve ser feito se não for possível obter preços referenciais nos sistemas oficiais para estimativa de custos em processos licitatórios?,3,69161,,False,False,0.027809742999616416,6,0.8629403710365295,19,34.71919639649179,0.015151515151515152,0.012658227848101266,True
121,LLM,O que deve ser feito se não for possível obter preços referenciais nos sistemas oficiais para estimativa de custos em processos licitatórios?,4,22812,,False,False,0.027526395173453996,18,0.8594920039176941,8,35.35123088246427,0.01282051282051282,0.014705882352941176,False
121,LLM,O que deve ser feito se não for possível obter preços referenciais nos sistemas oficiais para estimativa de custos em processos licitatórios?,5,21827,,False,False,0.026013513513513515,20,0.8591853976249695,14,35.02903813786936,0.0125,0.013513513513513514,False
121,LLM,O que deve ser feito se não for possível obter preços referenciais nos sistemas oficiais para estimativa de custos em processos licitatórios?,6,33046,,False,False,0.02523465148484382,7,0.8627419471740723,37,29.31789754415556,0.014925373134328358,0.010309278350515464,True
121,LLM,O que deve ser feito se não for possível obter preços referenciais nos sistemas oficiais para estimativa de custos em processos licitatórios?,7,117370,3.0,True,True,0.025124843945068663,12,0.8608018755912781,29,30.601499548354,0.013888888888888888,0.011235955056179775,False
121,LLM,O que deve ser feito se não for possível obter preços referenciais nos sistemas oficiais para estimativa de custos em processos licitatórios?,8,22166,,False,False,0.024696969696969696,28,0.8578498363494873,15,35.02903813786936,0.011363636363636364,0.013333333333333334,False
121,LLM,O que deve ser feito se não for possível obter preços referenciais nos sistemas oficiais para estimativa de custos em processos licitatórios?,9,15725,,False,False,0.024553571428571428,4,0.8635806441307068,52,26.639234489519275,0.015625,0.008928571428571428,True
121,LLM,O que deve ser feito se não for possível obter preços referenciais nos sistemas oficiais para estimativa de custos em processos licitatórios?,10,136013,1.0,True,True,0.0233423111453123,9,0.8610955476760864,53,26.40996018048946,0.014492753623188406,0.008849557522123894,True
122,LLM,É necessária ponderação entre a pontuação técnica e a de preço em uma licitação do tipo técnica e preço?,1,20506,3.0,True,True,0.03252247488101534,2,0.8875737190246582,1,89.57628077126132,0.016129032258064516,0.01639344262295082,True
122,LLM,É necessária ponderação entre a pontuação técnica e a de preço em uma licitação do tipo técnica e preço?,2,20970,3.0,True,True,0.03252247488101534,1,0.8901004791259766,2,83.1458813962759,0.01639344262295082,0.016129032258064516,True
122,LLM,É necessária ponderação entre a pontuação técnica e a de preço em uma licitação do tipo técnica e preço?,3,34126,3.0,True,True,0.03057889822595705,3,0.8857764005661011,8,71.91134346416527,0.015873015873015872,0.014705882352941176,True
122,LLM,É necessária ponderação entre a pontuação técnica e a de preço em uma licitação do tipo técnica e preço?,4,20969,,False,False,0.03036576949620428,9,0.8813369870185852,3,83.1458813962759,0.014492753623188406,0.015873015873015872,True
122,LLM,É necessária ponderação entre a pontuação técnica e a de preço em uma licitação do tipo técnica e preço?,5,21207,,False,False,0.029418126757516764,7,0.8816866874694824,9,69.14845284819967,0.014925373134328358,0.014492753623188406,True
122,LLM,É necessária ponderação entre a pontuação técnica e a de preço em uma licitação do tipo técnica e preço?,6,53641,3.0,True,True,0.027579737335834898,5,0.8834425806999207,22,48.101804367558536,0.015384615384615385,0.012195121951219513,True
122,LLM,É necessária ponderação entre a pontuação técnica e a de preço em uma licitação do tipo técnica e preço?,7,20586,,False,False,0.027364110201042444,8,0.8814762234687805,19,56.39125167767406,0.014705882352941176,0.012658227848101266,True
122,LLM,É necessária ponderação entre a pontuação técnica e a de preço em uma licitação do tipo técnica e preço?,8,15740,3.0,True,True,0.026988636363636364,4,0.8837917447090149,28,44.75142049634284,0.015625,0.011363636363636364,True
122,LLM,É necessária ponderação entre a pontuação técnica e a de preço em uma licitação do tipo técnica e preço?,9,54860,,False,False,0.026779422128259338,6,0.8820875883102417,26,45.20907953549906,0.015151515151515152,0.011627906976744186,True
122,LLM,É necessária ponderação entre a pontuação técnica e a de preço em uma licitação do tipo técnica e preço?,10,32994,,False,False,0.026631393298059962,10,0.8807024359703064,21,49.19986531605933,0.014285714285714285,0.012345679012345678,True
123,LLM,Como a pontuação desarrazoada pode limitar a competitividade nas licitações do tipo técnica e preço?,1,31593,,False,False,0.0315136476426799,5,0.873201310634613,2,49.16782176635694,0.015384615384615385,0.016129032258064516,True
123,LLM,Como a pontuação desarrazoada pode limitar a competitividade nas licitações do tipo técnica e preço?,2,20970,,False,False,0.03149801587301587,4,0.8740018606185913,3,47.60812105598237,0.015625,0.015873015873015872,True
123,LLM,Como a pontuação desarrazoada pode limitar a competitividade nas licitações do tipo técnica e preço?,3,31669,,False,False,0.028665028665028666,6,0.8729666471481323,14,45.82924391754773,0.015151515151515152,0.013513513513513514,True
123,LLM,Como a pontuação desarrazoada pode limitar a competitividade nas licitações do tipo técnica e preço?,4,20506,3.0,True,True,0.027432808155699723,23,0.8675987720489502,5,47.32667230494878,0.012048192771084338,0.015384615384615385,False
123,LLM,Como a pontuação desarrazoada pode limitar a competitividade nas licitações do tipo técnica e preço?,5,20871,2.0,True,True,0.02724014336917563,2,0.8803136348724365,30,39.54984205974824,0.016129032258064516,0.011111111111111112,True
123,LLM,Como a pontuação desarrazoada pode limitar a competitividade nas licitações do tipo técnica e preço?,6,33082,3.0,True,True,0.026597524255603883,1,0.88570237159729,38,37.29388004043206,0.01639344262295082,0.01020408163265306,True
123,LLM,Como a pontuação desarrazoada pode limitar a competitividade nas licitações do tipo técnica e preço?,7,133563,3.0,True,True,0.026470588235294117,25,0.8673608899116516,8,46.77824809264948,0.011764705882352941,0.014705882352941176,False
123,LLM,Como a pontuação desarrazoada pode limitar a competitividade nas licitações do tipo técnica e preço?,8,34211,,False,False,0.025974025974025976,17,0.8693222999572754,17,45.317950477836916,0.012987012987012988,0.012987012987012988,False
123,LLM,Como a pontuação desarrazoada pode limitar a competitividade nas licitações do tipo técnica e preço?,9,31526,,False,False,0.02532051282051282,20,0.8684365749359131,18,44.929539937257175,0.0125,0.01282051282051282,False
123,LLM,Como a pontuação desarrazoada pode limitar a competitividade nas licitações do tipo técnica e preço?,10,20586,,False,False,0.025306978137166813,3,0.8761798143386841,46,33.82899040086657,0.015873015873015872,0.009433962264150943,True
124,LLM,É possível prorrogar um contrato administrativo fora do término do prazo de vigência?,1,18409,,False,False,0.03252247488101534,1,0.8874662518501282,2,60.26956337695554,0.01639344262295082,0.016129032258064516,True
124,LLM,É possível prorrogar um contrato administrativo fora do término do prazo de vigência?,2,18954,,False,False,0.031544957774465976,6,0.8823748826980591,1,60.68140072159642,0.015151515151515152,0.01639344262295082,True
124,LLM,É possível prorrogar um contrato administrativo fora do término do prazo de vigência?,3,31061,2.0,True,True,0.031024531024531024,3,0.884824275970459,6,49.61899697993934,0.015873015873015872,0.015151515151515152,True
124,LLM,É possível prorrogar um contrato administrativo fora do término do prazo de vigência?,4,34096,,False,False,0.0304147465437788,2,0.8858585953712463,10,41.78527302033848,0.016129032258064516,0.014285714285714285,True
124,LLM,É possível prorrogar um contrato administrativo fora do término do prazo de vigência?,5,18028,,False,False,0.02900988017658188,7,0.8816168904304504,11,41.4886896931825,0.014925373134328358,0.014084507042253521,True
124,LLM,É possível prorrogar um contrato administrativo fora do término do prazo de vigência?,6,17231,,False,False,0.028612012987012988,4,0.8841224312782288,17,35.88657103441946,0.015625,0.012987012987012988,True
124,LLM,É possível prorrogar um contrato administrativo fora do término do prazo de vigência?,7,34194,,False,False,0.028594771241830064,8,0.8805673122406006,12,41.04928976958319,0.014705882352941176,0.013888888888888888,True
124,LLM,É possível prorrogar um contrato administrativo fora do término do prazo de vigência?,8,31060,,False,False,0.028125,20,0.8720738887786865,4,49.66701417382724,0.0125,0.015625,False
124,LLM,É possível prorrogar um contrato administrativo fora do término do prazo de vigência?,9,31101,,False,False,0.028068137824235385,22,0.8717426061630249,3,59.776773009489546,0.012195121951219513,0.015873015873015872,False
124,LLM,É possível prorrogar um contrato administrativo fora do término do prazo de vigência?,10,14508,2.0,True,True,0.027579737335834898,5,0.8824299573898315,22,33.023161575891415,0.015384615384615385,0.012195121951219513,True
125,LLM,Qual é o problema na exigência de atestado de capacidade técnica para contratação de serviços advocatícios por conselho de fiscalização profissional?,1,79794,,False,False,0.031544957774465976,6,0.8697017431259155,1,67.06725668987701,0.015151515151515152,0.01639344262295082,True
125,LLM,Qual é o problema na exigência de atestado de capacidade técnica para contratação de serviços advocatícios por conselho de fiscalização profissional?,2,135758,,False,False,0.031054405392392875,7,0.8689912557601929,2,64.09647611843211,0.014925373134328358,0.016129032258064516,True
125,LLM,Qual é o problema na exigência de atestado de capacidade técnica para contratação de serviços advocatícios por conselho de fiscalização profissional?,3,128212,,False,False,0.029910714285714284,10,0.8673569560050964,4,54.314235068494064,0.014285714285714285,0.015625,True
125,LLM,Qual é o problema na exigência de atestado de capacidade técnica para contratação de serviços advocatícios por conselho de fiscalização profissional?,4,25628,,False,False,0.02821869488536155,3,0.8779334425926208,21,35.97679376667298,0.015873015873015872,0.012345679012345678,True
125,LLM,Qual é o problema na exigência de atestado de capacidade técnica para contratação de serviços advocatícios por conselho de fiscalização profissional?,5,17017,2.0,True,True,0.02749266862170088,2,0.8797604441642761,28,34.787715715610794,0.016129032258064516,0.011363636363636364,True
125,LLM,Qual é o problema na exigência de atestado de capacidade técnica para contratação de serviços advocatícios por conselho de fiscalização profissional?,6,18291,,False,False,0.026333789329685362,8,0.8683203458786011,26,35.30354322050208,0.014705882352941176,0.011627906976744186,True
125,LLM,Qual é o problema na exigência de atestado de capacidade técnica para contratação de serviços advocatícios por conselho de fiscalização profissional?,7,33095,,False,False,0.026151315789473682,4,0.8733553886413574,35,32.76379152862742,0.015625,0.010526315789473684,True
125,LLM,Qual é o problema na exigência de atestado de capacidade técnica para contratação de serviços advocatícios por conselho de fiscalização profissional?,8,9884,1.0,True,True,0.025245441795231416,33,0.862849235534668,9,44.535029714094165,0.010752688172043012,0.014492753623188406,False
125,LLM,Qual é o problema na exigência de atestado de capacidade técnica para contratação de serviços advocatícios por conselho de fiscalização profissional?,9,59935,,False,False,0.0236985236985237,57,0.860001266002655,6,54.038511798372426,0.008547008547008548,0.015151515151515152,False
125,LLM,Qual é o problema na exigência de atestado de capacidade técnica para contratação de serviços advocatícios por conselho de fiscalização profissional?,10,115733,,False,False,0.023697302958889763,54,0.8601343035697937,7,53.51492185848482,0.008771929824561403,0.014925373134328358,False
126,LLM,"É necessária reposição de importâncias indevidamente percebidas, de boa-fé, por servidores, em virtude de erro escusável de interpretação de lei por parte do órgão/entidade?",1,33621,3.0,True,True,0.03177805800756621,5,0.8508273363113403,1,98.82846863287674,0.015384615384615385,0.01639344262295082,True
126,LLM,"É necessária reposição de importâncias indevidamente percebidas, de boa-fé, por servidores, em virtude de erro escusável de interpretação de lei por parte do órgão/entidade?",2,32035,,False,False,0.03128054740957967,2,0.8556369543075562,6,85.678256461227,0.016129032258064516,0.015151515151515152,True
126,LLM,"É necessária reposição de importâncias indevidamente percebidas, de boa-fé, por servidores, em virtude de erro escusável de interpretação de lei por parte do órgão/entidade?",3,32034,3.0,True,True,0.030309988518943745,7,0.8498624563217163,5,85.78064544639156,0.014925373134328358,0.015384615384615385,True
126,LLM,"É necessária reposição de importâncias indevidamente percebidas, de boa-fé, por servidores, em virtude de erro escusável de interpretação de lei por parte do órgão/entidade?",4,41098,,False,False,0.03009207275993712,1,0.8581746816635132,13,78.57540598592824,0.01639344262295082,0.0136986301369863,True
126,LLM,"É necessária reposição de importâncias indevidamente percebidas, de boa-fé, por servidores, em virtude de erro escusável de interpretação de lei por parte do órgão/entidade?",5,29832,3.0,True,True,0.029211087420042643,10,0.8484104871749878,7,85.5033517531368,0.014285714285714285,0.014925373134328358,True
126,LLM,"É necessária reposição de importâncias indevidamente percebidas, de boa-fé, por servidores, em virtude de erro escusável de interpretação de lei por parte do órgão/entidade?",6,32020,,False,False,0.02919863597612958,9,0.8487251400947571,8,85.36586489444389,0.014492753623188406,0.014705882352941176,True
126,LLM,"É necessária reposição de importâncias indevidamente percebidas, de boa-fé, por servidores, em virtude de erro escusável de interpretação de lei por parte do órgão/entidade?",7,1846,3.0,True,True,0.028958333333333336,4,0.8518878221511841,15,76.17615310277064,0.015625,0.013333333333333334,True
126,LLM,"É necessária reposição de importâncias indevidamente percebidas, de boa-fé, por servidores, em virtude de erro escusável de interpretação de lei por parte do órgão/entidade?",8,93703,,False,False,0.028665028665028666,6,0.8499845862388611,14,76.30828642107736,0.015151515151515152,0.013513513513513514,True
126,LLM,"É necessária reposição de importâncias indevidamente percebidas, de boa-fé, por servidores, em virtude de erro escusável de interpretação de lei por parte do órgão/entidade?",9,32033,,False,False,0.026992753623188405,20,0.845651388168335,9,85.36586489444389,0.0125,0.014492753623188406,False
126,LLM,"É necessária reposição de importâncias indevidamente percebidas, de boa-fé, por servidores, em virtude de erro escusável de interpretação de lei por parte do órgão/entidade?",10,29883,,False,False,0.02571241401899771,26,0.8440909385681152,11,84.24868444325841,0.011627906976744186,0.014084507042253521,False
127,LLM,É possível aquisição direta quando a falta de produto ou serviço pode colocar em risco a saúde das pessoas?,1,116893,,False,False,0.032018442622950824,4,0.8468371629714966,1,39.41239760702177,0.015625,0.01639344262295082,True
127,LLM,É possível aquisição direta quando a falta de produto ou serviço pode colocar em risco a saúde das pessoas?,2,60328,,False,False,0.031024531024531024,6,0.8452593088150024,3,31.872393862938374,0.015151515151515152,0.015873015873015872,True
127,LLM,É possível aquisição direta quando a falta de produto ou serviço pode colocar em risco a saúde das pessoas?,3,17137,3.0,True,True,0.03055037313432836,7,0.8448697924613953,4,22.24883671313058,0.014925373134328358,0.015625,True
127,LLM,É possível aquisição direta quando a falta de produto ou serviço pode colocar em risco a saúde das pessoas?,4,92043,,False,False,0.0304147465437788,10,0.8437546491622925,2,33.99310001899349,0.014285714285714285,0.016129032258064516,True
127,LLM,É possível aquisição direta quando a falta de produto ou serviço pode colocar em risco a saúde das pessoas?,5,107859,1.0,True,True,0.029631255487269532,8,0.8442615270614624,7,20.630549121288652,0.014705882352941176,0.014925373134328358,True
127,LLM,É possível aquisição direta quando a falta de produto ou serviço pode colocar em risco a saúde das pessoas?,6,18187,,False,False,0.02946912242686891,11,0.843682587146759,5,20.80565557456205,0.014084507042253521,0.015384615384615385,False
127,LLM,É possível aquisição direta quando a falta de produto ou serviço pode colocar em risco a saúde das pessoas?,7,18816,,False,False,0.028371628371628373,5,0.8454070091247559,17,17.202443427044223,0.015384615384615385,0.012987012987012988,True
127,LLM,É possível aquisição direta quando a falta de produto ou serviço pode colocar em risco a saúde das pessoas?,8,141129,,False,False,0.02557544757033248,32,0.8399426341056824,8,19.553382215486888,0.010869565217391304,0.014705882352941176,False
127,LLM,É possível aquisição direta quando a falta de produto ou serviço pode colocar em risco a saúde das pessoas?,9,44829,,False,False,0.025252525252525252,12,0.8434193134307861,28,15.52213973483023,0.013888888888888888,0.011363636363636364,False
127,LLM,É possível aquisição direta quando a falta de produto ou serviço pode colocar em risco a saúde das pessoas?,10,18012,,False,False,0.025243000145074714,1,0.8496928215026855,53,14.053922089080714,0.01639344262295082,0.008849557522123894,True
128,LLM,É obrigatória a divulgação dos preços estimados no edital nos pregões para aquisição de medicamentos?,1,18241,,False,False,0.03252247488101534,2,0.8690876960754395,1,48.59278455743046,0.016129032258064516,0.01639344262295082,True
128,LLM,É obrigatória a divulgação dos preços estimados no edital nos pregões para aquisição de medicamentos?,2,14895,2.0,True,True,0.03177805800756621,1,0.8708584308624268,5,45.94912621523917,0.01639344262295082,0.015384615384615385,True
128,LLM,É obrigatória a divulgação dos preços estimados no edital nos pregões para aquisição de medicamentos?,3,71456,2.0,True,True,0.030536130536130537,5,0.8673095107078552,6,43.93492947010748,0.015384615384615385,0.015151515151515152,True
128,LLM,É obrigatória a divulgação dos preços estimados no edital nos pregões para aquisição de medicamentos?,4,14555,,False,False,0.030158730158730156,3,0.8686946034431458,10,39.934866001711875,0.015873015873015872,0.014285714285714285,True
128,LLM,É obrigatória a divulgação dos preços estimados no edital nos pregões para aquisição de medicamentos?,5,19398,2.0,True,True,0.029138513513513514,14,0.8605592250823975,4,46.71373077967017,0.013513513513513514,0.015625,False
128,LLM,É obrigatória a divulgação dos preços estimados no edital nos pregões para aquisição de medicamentos?,6,13226,,False,False,0.02900988017658188,7,0.8647313117980957,11,38.842877870879626,0.014925373134328358,0.014084507042253521,True
128,LLM,É obrigatória a divulgação dos preços estimados no edital nos pregões para aquisição de medicamentos?,7,17173,,False,False,0.028474711270410194,21,0.8572525978088379,2,46.945005734184065,0.012345679012345678,0.016129032258064516,False
128,LLM,É obrigatória a divulgação dos preços estimados no edital nos pregões para aquisição de medicamentos?,8,67011,3.0,True,True,0.02817460317460317,10,0.8621366024017334,12,36.979548307486574,0.014285714285714285,0.013888888888888888,True
128,LLM,É obrigatória a divulgação dos preços estimados no edital nos pregões para aquisição de medicamentos?,9,19410,2.0,True,True,0.027242401779095628,11,0.8614675402641296,16,28.762983487056616,0.014084507042253521,0.013157894736842105,False
128,LLM,É obrigatória a divulgação dos preços estimados no edital nos pregões para aquisição de medicamentos?,10,35620,1.0,True,True,0.026860955056179775,4,0.8677517771720886,29,20.675935227778545,0.015625,0.011235955056179775,True
129,LLM,"A contratação de professores, conferencistas ou instrutores para ministrar cursos de treinamento ou aperfeiçoamento de pessoal se enquadra na inexigibilidade de licitação?",1,31507,3.0,True,True,0.03278688524590164,1,0.8702103495597839,1,56.169376430568576,0.01639344262295082,0.01639344262295082,True
129,LLM,"A contratação de professores, conferencistas ou instrutores para ministrar cursos de treinamento ou aperfeiçoamento de pessoal se enquadra na inexigibilidade de licitação?",2,34290,3.0,True,True,0.03225806451612903,2,0.8670099973678589,2,51.245386288458434,0.016129032258064516,0.016129032258064516,True
129,LLM,"A contratação de professores, conferencistas ou instrutores para ministrar cursos de treinamento ou aperfeiçoamento de pessoal se enquadra na inexigibilidade de licitação?",3,32925,2.0,True,True,0.031746031746031744,3,0.8628547191619873,3,41.772891830768906,0.015873015873015872,0.015873015873015872,True
129,LLM,"A contratação de professores, conferencistas ou instrutores para ministrar cursos de treinamento ou aperfeiçoamento de pessoal se enquadra na inexigibilidade de licitação?",4,18218,,False,False,0.03055037313432836,7,0.8550232648849487,4,34.06765551175748,0.014925373134328358,0.015625,True
129,LLM,"A contratação de professores, conferencistas ou instrutores para ministrar cursos de treinamento ou aperfeiçoamento de pessoal se enquadra na inexigibilidade de licitação?",5,18191,,False,False,0.02964426877470356,6,0.8566099405288696,9,30.116020335002737,0.015151515151515152,0.014492753623188406,True
129,LLM,"A contratação de professores, conferencistas ou instrutores para ministrar cursos de treinamento ou aperfeiçoamento de pessoal se enquadra na inexigibilidade de licitação?",6,18217,,False,False,0.027692895339954164,17,0.8521371483802795,8,31.787422057050527,0.012987012987012988,0.014705882352941176,False
129,LLM,"A contratação de professores, conferencistas ou instrutores para ministrar cursos de treinamento ou aperfeiçoamento de pessoal se enquadra na inexigibilidade de licitação?",7,39676,,False,False,0.026878868258178604,5,0.8570181131362915,27,25.761555734103638,0.015384615384615385,0.011494252873563218,True
129,LLM,"A contratação de professores, conferencistas ou instrutores para ministrar cursos de treinamento ou aperfeiçoamento de pessoal se enquadra na inexigibilidade de licitação?",8,18818,,False,False,0.026779422128259338,26,0.8506560325622559,6,32.06079402642975,0.011627906976744186,0.015151515151515152,False
129,LLM,"A contratação de professores, conferencistas ou instrutores para ministrar cursos de treinamento ou aperfeiçoamento de pessoal se enquadra na inexigibilidade de licitação?",9,18844,,False,False,0.0260840108401084,22,0.8508874177932739,12,28.02704908412906,0.012195121951219513,0.013888888888888888,False
129,LLM,"A contratação de professores, conferencistas ou instrutores para ministrar cursos de treinamento ou aperfeiçoamento de pessoal se enquadra na inexigibilidade de licitação?",10,18820,2.0,True,True,0.025989268947015427,24,0.8507725596427917,11,28.908706423287537,0.011904761904761904,0.014084507042253521,False
130,LLM,Qual é a diferença entre reajuste de preços e repactuação?,1,17262,2.0,True,True,0.03252247488101534,1,0.8673921823501587,2,59.79828655105807,0.01639344262295082,0.016129032258064516,True
130,LLM,Qual é a diferença entre reajuste de preços e repactuação?,2,31105,,False,False,0.03131881575727918,7,0.8533151149749756,1,70.22423196194917,0.014925373134328358,0.01639344262295082,True
130,LLM,Qual é a diferença entre reajuste de preços e repactuação?,3,34213,,False,False,0.03125,4,0.8577247262001038,4,55.36049261444713,0.015625,0.015625,True
130,LLM,Qual é a diferença entre reajuste de preços e repactuação?,4,18080,,False,False,0.029877369007803793,9,0.8462940454483032,5,54.980412720738805,0.014492753623188406,0.015384615384615385,True
130,LLM,Qual é a diferença entre reajuste de preços e repactuação?,5,18416,,False,False,0.029857397504456328,8,0.8468134999275208,6,54.97955515965745,0.014705882352941176,0.015151515151515152,True
130,LLM,Qual é a diferença entre reajuste de preços e repactuação?,6,31104,3.0,True,True,0.02964254577157803,2,0.8672803640365601,14,36.276897486461635,0.016129032258064516,0.013513513513513514,True
130,LLM,Qual é a diferença entre reajuste de preços e repactuação?,7,9751,2.0,True,True,0.029273504273504274,5,0.8537415266036987,12,38.87772250640371,0.015384615384615385,0.013888888888888888,True
130,LLM,Qual é a diferença entre reajuste de preços e repactuação?,8,31108,3.0,True,True,0.02886002886002886,3,0.862705647945404,17,29.8314830923835,0.015873015873015872,0.012987012987012988,True
130,LLM,Qual é a diferença entre reajuste de preços e repactuação?,9,19353,,False,False,0.028850145288501453,6,0.8533244132995605,13,36.585241351352025,0.015151515151515152,0.0136986301369863,True
130,LLM,Qual é a diferença entre reajuste de preços e repactuação?,10,31080,1.0,True,True,0.028790389395194696,11,0.84233558177948,8,53.928802680075506,0.014084507042253521,0.014705882352941176,False
131,LLM,É possível a aplicação da recomposição mesmo após a aplicação do reajuste previsto no contrato?,1,42820,3.0,True,True,0.03278688524590164,1,0.8708619475364685,1,60.698942512653915,0.01639344262295082,0.01639344262295082,True
131,LLM,É possível a aplicação da recomposição mesmo após a aplicação do reajuste previsto no contrato?,2,42822,,False,False,0.03225806451612903,2,0.8687421083450317,2,54.71491561944027,0.016129032258064516,0.016129032258064516,True
131,LLM,É possível a aplicação da recomposição mesmo após a aplicação do reajuste previsto no contrato?,3,42821,3.0,True,True,0.03125763125763126,3,0.8662809133529663,5,47.47894646644966,0.015873015873015872,0.015384615384615385,True
131,LLM,É possível a aplicação da recomposição mesmo após a aplicação do reajuste previsto no contrato?,4,42819,,False,False,0.03125,4,0.8591588735580444,4,47.69013664087598,0.015625,0.015625,True
131,LLM,É possível a aplicação da recomposição mesmo após a aplicação do reajuste previsto no contrato?,5,42659,,False,False,0.030798389007344232,7,0.8545514345169067,3,51.05708921067058,0.014925373134328358,0.015873015873015872,True
131,LLM,É possível a aplicação da recomposição mesmo após a aplicação do reajuste previsto no contrato?,6,83622,,False,False,0.02871794871794872,5,0.857951819896698,15,35.540560440065285,0.015384615384615385,0.013333333333333334,True
131,LLM,É possível a aplicação da recomposição mesmo após a aplicação do reajuste previsto no contrato?,7,104189,,False,False,0.027272727272727275,10,0.8522255420684814,17,34.11232616988117,0.014285714285714285,0.012987012987012988,True
131,LLM,É possível a aplicação da recomposição mesmo após a aplicação do reajuste previsto no contrato?,8,97730,,False,False,0.025528455284552845,15,0.8502169847488403,22,31.976977942107133,0.013333333333333334,0.012195121951219513,False
131,LLM,É possível a aplicação da recomposição mesmo após a aplicação do reajuste previsto no contrato?,9,34116,,False,False,0.02532051282051282,18,0.8494569063186646,20,32.68134881203799,0.01282051282051282,0.0125,False
131,LLM,É possível a aplicação da recomposição mesmo após a aplicação do reajuste previsto no contrato?,10,34097,,False,False,0.0251661918328585,21,0.8486765623092651,18,33.15948054978468,0.012345679012345678,0.01282051282051282,False
132,LLM,A retenção de pagamentos é permitida em caso de perda da regularidade fiscal?,1,97198,,False,False,0.032018442622950824,4,0.8584835529327393,1,46.6442433045455,0.015625,0.01639344262295082,True
132,LLM,A retenção de pagamentos é permitida em caso de perda da regularidade fiscal?,2,17220,3.0,True,True,0.03200204813108039,2,0.8659955859184265,3,36.176103498654335,0.016129032258064516,0.015873015873015872,True
132,LLM,A retenção de pagamentos é permitida em caso de perda da regularidade fiscal?,3,18386,2.0,True,True,0.031544957774465976,1,0.8720762133598328,6,29.056770432916025,0.01639344262295082,0.015151515151515152,True
132,LLM,A retenção de pagamentos é permitida em caso de perda da regularidade fiscal?,4,17213,,False,False,0.0315136476426799,5,0.8582412004470825,2,38.64792715591337,0.015384615384615385,0.016129032258064516,True
132,LLM,A retenção de pagamentos é permitida em caso de perda da regularidade fiscal?,5,17258,,False,False,0.030798389007344232,3,0.8598020672798157,7,28.47587421186971,0.015873015873015872,0.014925373134328358,True
132,LLM,A retenção de pagamentos é permitida em caso de perda da regularidade fiscal?,6,122652,,False,False,0.030330882352941176,8,0.8538058400154114,4,33.23942417013705,0.014705882352941176,0.015625,True
132,LLM,A retenção de pagamentos é permitida em caso de perda da regularidade fiscal?,7,43957,,False,False,0.02964426877470356,6,0.8556867837905884,9,26.032322007905133,0.015151515151515152,0.014492753623188406,True
132,LLM,A retenção de pagamentos é permitida em caso de perda da regularidade fiscal?,8,126940,,False,False,0.02877846790890269,9,0.8535962104797363,10,23.667334201047122,0.014492753623188406,0.014285714285714285,True
132,LLM,A retenção de pagamentos é permitida em caso de perda da regularidade fiscal?,9,97654,,False,False,0.02871794871794872,15,0.8515402674674988,5,29.135602726949546,0.013333333333333334,0.015384615384615385,False
132,LLM,A retenção de pagamentos é permitida em caso de perda da regularidade fiscal?,10,28869,1.0,True,True,0.02702702702702703,14,0.8517959713935852,14,21.79936102698533,0.013513513513513514,0.013513513513513514,False
133,LLM,Por que despesas desnecessárias e anteriores à celebração do contrato são consideradas irregulares?,1,31071,,False,False,0.03278688524590164,1,0.8715160489082336,1,22.943494211601507,0.01639344262295082,0.01639344262295082,True
133,LLM,Por que despesas desnecessárias e anteriores à celebração do contrato são consideradas irregulares?,2,15413,,False,False,0.03149801587301587,4,0.8644067049026489,3,21.009784788501797,0.015625,0.015873015873015872,True
133,LLM,Por que despesas desnecessárias e anteriores à celebração do contrato são consideradas irregulares?,3,62634,,False,False,0.031024531024531024,3,0.8645250797271729,6,16.476365399123505,0.015873015873015872,0.015151515151515152,True
133,LLM,Por que despesas desnecessárias e anteriores à celebração do contrato são consideradas irregulares?,4,16124,,False,False,0.031009615384615385,5,0.8642939329147339,4,19.820408407687047,0.015384615384615385,0.015625,True
133,LLM,Por que despesas desnecessárias e anteriores à celebração do contrato são consideradas irregulares?,5,19450,,False,False,0.030621785881252923,2,0.8654465675354004,9,15.23947814266903,0.016129032258064516,0.014492753623188406,True
133,LLM,Por que despesas desnecessárias e anteriores à celebração do contrato são consideradas irregulares?,6,18412,,False,False,0.030309988518943745,7,0.8630195260047913,5,18.118223619263603,0.014925373134328358,0.015384615384615385,True
133,LLM,Por que despesas desnecessárias e anteriores à celebração do contrato são consideradas irregulares?,7,75821,,False,False,0.029411764705882353,8,0.8628013134002686,8,15.323376815045592,0.014705882352941176,0.014705882352941176,True
133,LLM,Por que despesas desnecessárias e anteriores à celebração do contrato são consideradas irregulares?,8,17215,,False,False,0.02904040404040404,6,0.8632784485816956,12,13.714673579854061,0.015151515151515152,0.013888888888888888,True
133,LLM,Por que despesas desnecessárias e anteriores à celebração do contrato são consideradas irregulares?,9,15042,,False,False,0.027984344422700584,10,0.8624907732009888,13,13.196520582585945,0.014285714285714285,0.0136986301369863,True
133,LLM,Por que despesas desnecessárias e anteriores à celebração do contrato são consideradas irregulares?,10,31075,,False,False,0.02724014336917563,30,0.8594244718551636,2,22.327156070186415,0.011111111111111112,0.016129032258064516,False
134,LLM,Como o vínculo trabalhista ou societário pré-existente afeta a competitividade das licitantes no certame licitatório?,1,26874,2.0,True,True,0.032018442622950824,4,0.8678094744682312,1,55.29215058367481,0.015625,0.01639344262295082,True
134,LLM,Como o vínculo trabalhista ou societário pré-existente afeta a competitividade das licitantes no certame licitatório?,2,80979,3.0,True,True,0.03057889822595705,8,0.8660525679588318,3,54.8728877454051,0.014705882352941176,0.015873015873015872,True
134,LLM,Como o vínculo trabalhista ou societário pré-existente afeta a competitividade das licitantes no certame licitatório?,3,22116,,False,False,0.029957522915269395,3,0.8681089282035828,11,42.24086930238614,0.015873015873015872,0.014084507042253521,True
134,LLM,Como o vínculo trabalhista ou societário pré-existente afeta a competitividade das licitantes no certame licitatório?,4,25267,,False,False,0.02871794871794872,15,0.8650718927383423,5,46.34643274040697,0.013333333333333334,0.015384615384615385,False
134,LLM,Como o vínculo trabalhista ou societário pré-existente afeta a competitividade das licitantes no certame licitatório?,5,85539,2.0,True,True,0.028665028665028666,6,0.8665652275085449,14,42.05885135788101,0.015151515151515152,0.013513513513513514,True
134,LLM,Como o vínculo trabalhista ou societário pré-existente afeta a competitividade das licitantes no certame licitatório?,6,22827,,False,False,0.028381642512077296,12,0.8654173016548157,9,44.54009332999645,0.013888888888888888,0.014492753623188406,False
134,LLM,Como o vínculo trabalhista ou societário pré-existente afeta a competitividade das licitantes no certame licitatório?,7,31683,,False,False,0.02819138376017471,9,0.8658584952354431,13,42.20914893951693,0.014492753623188406,0.0136986301369863,True
134,LLM,Como o vínculo trabalhista ou societário pré-existente afeta a competitividade das licitantes no certame licitatório?,8,22108,3.0,True,True,0.027271052146674038,7,0.866351842880249,21,39.4344766893989,0.014925373134328358,0.012345679012345678,True
134,LLM,Como o vínculo trabalhista ou societário pré-existente afeta a competitividade das licitantes no certame licitatório?,9,22115,,False,False,0.0251821349382325,22,0.863430380821228,17,41.97695710976543,0.012195121951219513,0.012987012987012988,False
134,LLM,Como o vínculo trabalhista ou societário pré-existente afeta a competitividade das licitantes no certame licitatório?,10,33936,,False,False,0.024796803967488637,1,0.8716892004013062,59,20.374337703821084,0.01639344262295082,0.008403361344537815,True
135,LLM,É permitido atribuir pontuação a uma empresa licitante nas licitações de técnica e preço com base na posse de determinados tipos de profissionais em seu quadro permanente?,1,31669,3.0,True,True,0.030303030303030304,6,0.8774222731590271,6,66.09127557527954,0.015151515151515152,0.015151515151515152,True
135,LLM,É permitido atribuir pontuação a uma empresa licitante nas licitações de técnica e preço com base na posse de determinados tipos de profissionais em seu quadro permanente?,2,33937,,False,False,0.02976190476190476,3,0.8809850215911865,12,64.11040041406211,0.015873015873015872,0.013888888888888888,True
135,LLM,É permitido atribuir pontuação a uma empresa licitante nas licitações de técnica e preço com base na posse de determinados tipos de profissionais em seu quadro permanente?,3,34211,,False,False,0.02967032967032967,5,0.8777408003807068,10,65.93620254970212,0.015384615384615385,0.014285714285714285,True
135,LLM,É permitido atribuir pontuação a uma empresa licitante nas licitações de técnica e preço com base na posse de determinados tipos de profissionais em seu quadro permanente?,4,22781,3.0,True,True,0.029051670471052088,1,0.8911608457565308,19,61.09194485843687,0.01639344262295082,0.012658227848101266,True
135,LLM,É permitido atribuir pontuação a uma empresa licitante nas licitações de técnica e preço com base na posse de determinados tipos de profissionais em seu quadro permanente?,5,33083,3.0,True,True,0.028782894736842105,4,0.8802957534790039,16,61.37626417791753,0.015625,0.013157894736842105,True
135,LLM,É permitido atribuir pontuação a uma empresa licitante nas licitações de técnica e preço com base na posse de determinados tipos de profissionais em seu quadro permanente?,6,34134,,False,False,0.028438886647841874,14,0.8742258548736572,7,66.02449618660808,0.013513513513513514,0.014925373134328358,False
135,LLM,É permitido atribuir pontuação a uma empresa licitante nas licitações de técnica e preço com base na posse de determinados tipos de profissionais em seu quadro permanente?,7,33082,,False,False,0.027623285131627734,2,0.8815802335739136,27,54.92275903378942,0.016129032258064516,0.011494252873563218,True
135,LLM,É permitido atribuir pontuação a uma empresa licitante nas licitações de técnica e preço com base na posse de determinados tipos de profissionais em seu quadro permanente?,8,22854,2.0,True,True,0.02750455373406193,30,0.8694792985916138,1,70.9822196684503,0.011111111111111112,0.01639344262295082,False
135,LLM,É permitido atribuir pontuação a uma empresa licitante nas licitações de técnica e preço com base na posse de determinados tipos de profissionais em seu quadro permanente?,9,33936,,False,False,0.02690501986276634,11,0.8749948740005493,18,61.18555741811158,0.014084507042253521,0.01282051282051282,False
135,LLM,É permitido atribuir pontuação a uma empresa licitante nas licitações de técnica e preço com base na posse de determinados tipos de profissionais em seu quadro permanente?,10,33918,,False,False,0.02651914295749912,18,0.8730806112289429,13,63.45244440644245,0.01282051282051282,0.0136986301369863,False
136,LLM,Um erro material deve levar à desclassificação antecipada da proposta?,1,17180,,False,False,0.030679156908665108,10,0.8653162717819214,1,53.7534423212282,0.014285714285714285,0.01639344262295082,True
136,LLM,Um erro material deve levar à desclassificação antecipada da proposta?,2,54797,,False,False,0.030117753623188408,4,0.8680113554000854,9,49.369883323747494,0.015625,0.014492753623188406,True
136,LLM,Um erro material deve levar à desclassificação antecipada da proposta?,3,40621,,False,False,0.02928692699490662,2,0.8695423603057861,16,44.12790731489022,0.016129032258064516,0.013157894736842105,True
136,LLM,Um erro material deve levar à desclassificação antecipada da proposta?,4,23590,,False,False,0.029051670471052088,1,0.8743107318878174,19,39.904196914926246,0.01639344262295082,0.012658227848101266,True
136,LLM,Um erro material deve levar à desclassificação antecipada da proposta?,5,74550,,False,False,0.028665028665028666,6,0.8668760061264038,14,46.24867103041426,0.015151515151515152,0.013513513513513514,True
136,LLM,Um erro material deve levar à desclassificação antecipada da proposta?,6,17181,,False,False,0.027479766610201392,9,0.8659154176712036,17,43.81085633860552,0.014492753623188406,0.012987012987012988,True
136,LLM,Um erro material deve levar à desclassificação antecipada da proposta?,7,18892,,False,False,0.02690501986276634,18,0.8620281219482422,11,48.99600197670475,0.01282051282051282,0.014084507042253521,False
136,LLM,Um erro material deve levar à desclassificação antecipada da proposta?,8,18309,,False,False,0.026625704045058884,3,0.8686944842338562,33,33.391865575223356,0.015873015873015872,0.010752688172043012,True
136,LLM,Um erro material deve levar à desclassificação antecipada da proposta?,9,54796,,False,False,0.025833333333333333,15,0.8621807098388672,20,39.18016891996385,0.013333333333333334,0.0125,False
136,LLM,Um erro material deve levar à desclassificação antecipada da proposta?,10,17963,,False,False,0.025816993464052286,8,0.8666489124298096,30,35.0405114394609,0.014705882352941176,0.011111111111111112,True
137,LLM,Há vedação à inclusão de novo documento destinado a atestar condição de habilitação preexistente em sede de diligência?,1,131507,,False,False,0.03252247488101534,2,0.8638646602630615,1,32.41004389832365,0.016129032258064516,0.01639344262295082,True
137,LLM,Há vedação à inclusão de novo documento destinado a atestar condição de habilitação preexistente em sede de diligência?,2,113541,3.0,True,True,0.03252247488101534,1,0.8687261343002319,2,31.65284343713442,0.01639344262295082,0.016129032258064516,True
137,LLM,Há vedação à inclusão de novo documento destinado a atestar condição de habilitação preexistente em sede de diligência?,3,102918,,False,False,0.03125,4,0.8559479713439941,4,30.353904043753502,0.015625,0.015625,True
137,LLM,Há vedação à inclusão de novo documento destinado a atestar condição de habilitação preexistente em sede de diligência?,4,63706,,False,False,0.030536130536130537,5,0.8548405170440674,6,28.926136103360825,0.015384615384615385,0.015151515151515152,True
137,LLM,Há vedação à inclusão de novo documento destinado a atestar condição de habilitação preexistente em sede de diligência?,5,131880,3.0,True,True,0.028531243721117136,3,0.8561644554138184,19,22.88735871400783,0.015873015873015872,0.012658227848101266,True
137,LLM,Há vedação à inclusão de novo documento destinado a atestar condição de habilitação preexistente em sede de diligência?,6,48260,,False,False,0.028404512489927477,8,0.8527796268463135,13,25.002337591871278,0.014705882352941176,0.0136986301369863,True
137,LLM,Há vedação à inclusão de novo documento destinado a atestar condição de habilitação preexistente em sede de diligência?,7,18301,,False,False,0.028309409888357256,6,0.8531785607337952,16,23.843978330178853,0.015151515151515152,0.013157894736842105,True
137,LLM,Há vedação à inclusão de novo documento destinado a atestar condição de habilitação preexistente em sede de diligência?,8,22147,,False,False,0.02429667519181586,9,0.8527390956878662,42,18.361957714250913,0.014492753623188406,0.00980392156862745,True
137,LLM,Há vedação à inclusão de novo documento destinado a atestar condição de habilitação preexistente em sede de diligência?,9,17017,,False,False,0.02292537313432836,7,0.8530030250549316,65,16.886081541286742,0.014925373134328358,0.008,True
137,LLM,Há vedação à inclusão de novo documento destinado a atestar condição de habilitação preexistente em sede de diligência?,10,17947,,False,False,0.02188995215311005,35,0.8497945666313171,28,19.42302948393751,0.010526315789473684,0.011363636363636364,False
138,LLM,A exigência de comprovação de quantitativos mínimos em obras ou serviços com características semelhantes é legal?,1,22780,3.0,True,True,0.03278688524590164,1,0.8867262601852417,1,75.79523659077988,0.01639344262295082,0.01639344262295082,True
138,LLM,A exigência de comprovação de quantitativos mínimos em obras ou serviços com características semelhantes é legal?,2,21939,3.0,True,True,0.031054405392392875,7,0.860549807548523,2,74.46058875746535,0.014925373134328358,0.016129032258064516,True
138,LLM,A exigência de comprovação de quantitativos mínimos em obras ou serviços com características semelhantes é legal?,3,22149,3.0,True,True,0.03057889822595705,3,0.8652830719947815,8,59.53262199440016,0.015873015873015872,0.014705882352941176,True
138,LLM,A exigência de comprovação de quantitativos mínimos em obras ou serviços com características semelhantes é legal?,4,128556,,False,False,0.030117753623188408,9,0.8592506647109985,4,65.4551255519184,0.014492753623188406,0.015625,True
138,LLM,A exigência de comprovação de quantitativos mínimos em obras ou serviços com características semelhantes é legal?,5,80316,,False,False,0.027479766610201392,17,0.8573630452156067,9,59.1930276356803,0.012987012987012988,0.014492753623188406,False
138,LLM,A exigência de comprovação de quantitativos mínimos em obras ou serviços com características semelhantes é legal?,6,21822,,False,False,0.026862026862026864,31,0.8542864322662354,3,73.91780543317701,0.01098901098901099,0.015873015873015872,False
138,LLM,A exigência de comprovação de quantitativos mínimos em obras ou serviços com características semelhantes é legal?,7,111333,,False,False,0.026779422128259338,6,0.8617787957191467,26,51.697791309181916,0.015151515151515152,0.011627906976744186,True
138,LLM,A exigência de comprovação de quantitativos mínimos em obras ou serviços com características semelhantes é legal?,8,14495,,False,False,0.02661064425770308,8,0.8595896363258362,24,51.79247381254648,0.014705882352941176,0.011904761904761904,True
138,LLM,A exigência de comprovação de quantitativos mínimos em obras ou serviços com características semelhantes é legal?,9,33077,,False,False,0.026137303556658397,33,0.8540680408477783,5,60.56767755914553,0.010752688172043012,0.015384615384615385,False
138,LLM,A exigência de comprovação de quantitativos mínimos em obras ou serviços com características semelhantes é legal?,10,96554,3.0,True,True,0.025124843945068663,29,0.8546627759933472,12,55.628585591546994,0.011235955056179775,0.013888888888888888,False
139,LLM,Qual a extensão da sanção de impedimento de licitar e contratar?,1,11624,,False,False,0.03278688524590164,1,0.8675756454467773,1,100.14663204970367,0.01639344262295082,0.01639344262295082,True
139,LLM,Qual a extensão da sanção de impedimento de licitar e contratar?,2,68667,3.0,True,True,0.031024531024531024,3,0.8648396730422974,6,85.40413122356478,0.015873015873015872,0.015151515151515152,True
139,LLM,Qual a extensão da sanção de impedimento de licitar e contratar?,3,34773,,False,False,0.030834914611005692,8,0.8600757122039795,2,99.85088144259434,0.014705882352941176,0.016129032258064516,True
139,LLM,Qual a extensão da sanção de impedimento de licitar e contratar?,4,34633,,False,False,0.03036576949620428,9,0.8597780466079712,3,99.81231824649136,0.014492753623188406,0.015873015873015872,True
139,LLM,Qual a extensão da sanção de impedimento de licitar e contratar?,5,34995,3.0,True,True,0.029857397504456328,6,0.860599160194397,8,80.7801398786465,0.015151515151515152,0.014705882352941176,True
139,LLM,Qual a extensão da sanção de impedimento de licitar e contratar?,6,34726,3.0,True,True,0.028958333333333336,15,0.8581108450889587,4,91.62321026908104,0.013333333333333334,0.015625,False
139,LLM,Qual a extensão da sanção de impedimento de licitar e contratar?,7,68687,,False,False,0.02797067901234568,4,0.8638797998428345,21,78.2354207594328,0.015625,0.012345679012345678,True
139,LLM,Qual a extensão da sanção de impedimento de licitar e contratar?,8,16918,,False,False,0.02749266862170088,2,0.8657021522521973,28,51.69050439612008,0.016129032258064516,0.011363636363636364,True
139,LLM,Qual a extensão da sanção de impedimento de licitar e contratar?,9,34776,,False,False,0.026742734890354787,11,0.859268307685852,19,80.25476064641994,0.014084507042253521,0.012658227848101266,False
139,LLM,Qual a extensão da sanção de impedimento de licitar e contratar?,10,34929,2.0,True,True,0.02631578947368421,16,0.857807993888855,16,80.25476064641994,0.013157894736842105,0.013157894736842105,False
140,LLM,Quais documentos são exigidos para habilitação técnico-operacional em certames de obras e serviços de engenharia?,1,79794,3.0,True,True,0.03252247488101534,2,0.8718892931938171,1,64.10879278227367,0.016129032258064516,0.01639344262295082,True
140,LLM,Quais documentos são exigidos para habilitação técnico-operacional em certames de obras e serviços de engenharia?,2,135758,3.0,True,True,0.032266458495966696,1,0.8802409768104553,3,60.75171597609243,0.01639344262295082,0.015873015873015872,True
140,LLM,Quais documentos são exigidos para habilitação técnico-operacional em certames de obras e serviços de engenharia?,3,128212,,False,False,0.03076923076923077,5,0.8684982657432556,5,51.788936857225686,0.015384615384615385,0.015384615384615385,True
140,LLM,Quais documentos são exigidos para habilitação técnico-operacional em certames de obras e serviços de engenharia?,4,111333,,False,False,0.029631255487269532,7,0.8663350343704224,8,49.74170645613796,0.014925373134328358,0.014705882352941176,True
140,LLM,Quais documentos são exigidos para habilitação técnico-operacional em certames de obras e serviços de engenharia?,5,22773,,False,False,0.0293236301369863,4,0.8709629774093628,13,37.75875584355773,0.015625,0.0136986301369863,True
140,LLM,Quais documentos são exigidos para habilitação técnico-operacional em certames de obras e serviços de engenharia?,6,59935,,False,False,0.027673192771084338,23,0.861138641834259,4,51.97744430408214,0.012048192771084338,0.015625,False
140,LLM,Quais documentos são exigidos para habilitação técnico-operacional em certames de obras e serviços de engenharia?,7,22779,,False,False,0.026515151515151516,6,0.8666483759880066,28,33.88333403337777,0.015151515151515152,0.011363636363636364,True
140,LLM,Quais documentos são exigidos para habilitação técnico-operacional em certames de obras e serviços de engenharia?,8,31672,,False,False,0.025774005972025775,3,0.8710758686065674,41,30.48401175922877,0.015873015873015872,0.009900990099009901,True
140,LLM,Quais documentos são exigidos para habilitação técnico-operacional em certames de obras e serviços de engenharia?,9,115733,,False,False,0.02512945476698142,38,0.859691858291626,7,50.41271409185135,0.01020408163265306,0.014925373134328358,False
140,LLM,Quais documentos são exigidos para habilitação técnico-operacional em certames de obras e serviços de engenharia?,10,31683,,False,False,0.024806892453951276,8,0.8661645650863647,39,30.632784005278026,0.014705882352941176,0.010101010101010102,True
141,LLM,Qual a finalidade do controle das autorizações de adesão?,1,29414,,False,False,0.030886196246139225,9,0.831371009349823,1,23.626143555070446,0.014492753623188406,0.01639344262295082,True
141,LLM,Qual a finalidade do controle das autorizações de adesão?,2,77927,,False,False,0.03057889822595705,8,0.8313739895820618,3,22.907062796638655,0.014705882352941176,0.015873015873015872,True
141,LLM,Qual a finalidade do controle das autorizações de adesão?,3,28965,,False,False,0.030330882352941176,4,0.8327135443687439,8,20.183140664543732,0.015625,0.014705882352941176,True
141,LLM,Qual a finalidade do controle das autorizações de adesão?,4,14280,,False,False,0.029906956136464335,1,0.8425157070159912,14,18.799956453993374,0.01639344262295082,0.013513513513513514,True
141,LLM,Qual a finalidade do controle das autorizações de adesão?,5,31482,,False,False,0.029827662395050816,13,0.8300843834877014,2,23.626143555070446,0.0136986301369863,0.016129032258064516,False
141,LLM,Qual a finalidade do controle das autorizações de adesão?,6,20840,,False,False,0.029571646010002173,3,0.8347568511962891,13,18.830576146156854,0.015873015873015872,0.0136986301369863,True
141,LLM,Qual a finalidade do controle das autorizações de adesão?,7,14254,,False,False,0.02928692699490662,2,0.8378611207008362,16,16.768659319663573,0.016129032258064516,0.013157894736842105,True
141,LLM,Qual a finalidade do controle das autorizações de adesão?,8,42169,,False,False,0.02904040404040404,6,0.8320827484130859,12,18.962689755129276,0.015151515151515152,0.013888888888888888,True
141,LLM,Qual a finalidade do controle das autorizações de adesão?,9,29413,,False,False,0.028612012987012988,17,0.828872561454773,4,22.28162411381203,0.012987012987012988,0.015625,False
141,LLM,Qual a finalidade do controle das autorizações de adesão?,10,28901,,False,False,0.028309409888357256,16,0.8289647102355957,6,21.828217064163457,0.013157894736842105,0.015151515151515152,False
142,LLM,Em que situações a apresentação do alvará de funcionamento é permitida na habilitação jurídica?,1,40328,3.0,True,True,0.03252247488101534,1,0.8674167394638062,2,28.995257204467322,0.01639344262295082,0.016129032258064516,True
142,LLM,Em que situações a apresentação do alvará de funcionamento é permitida na habilitação jurídica?,2,45379,3.0,True,True,0.03252247488101534,2,0.8633174896240234,1,30.585433272040532,0.016129032258064516,0.01639344262295082,True
142,LLM,Em que situações a apresentação do alvará de funcionamento é permitida na habilitação jurídica?,3,131507,,False,False,0.031746031746031744,3,0.8513568639755249,3,27.977023874472245,0.015873015873015872,0.015873015873015872,True
142,LLM,Em que situações a apresentação do alvará de funcionamento é permitida na habilitação jurídica?,4,21908,,False,False,0.031009615384615385,4,0.8506319522857666,5,27.73665808693554,0.015625,0.015384615384615385,True
142,LLM,Em que situações a apresentação do alvará de funcionamento é permitida na habilitação jurídica?,5,113541,,False,False,0.029910714285714284,10,0.8484928607940674,4,27.943805964742726,0.014285714285714285,0.015625,True
142,LLM,Em que situações a apresentação do alvará de funcionamento é permitida na habilitação jurídica?,6,22833,,False,False,0.02919863597612958,9,0.8487529754638672,8,26.63689109849591,0.014492753623188406,0.014705882352941176,True
142,LLM,Em que situações a apresentação do alvará de funcionamento é permitida na habilitação jurídica?,7,128212,,False,False,0.02862400327131466,7,0.8489061594009399,13,22.8930626878139,0.014925373134328358,0.0136986301369863,True
142,LLM,Em que situações a apresentação do alvará de funcionamento é permitida na habilitação jurídica?,8,22773,,False,False,0.02664576802507837,6,0.8495767116546631,27,20.898407521821227,0.015151515151515152,0.011494252873563218,True
142,LLM,Em que situações a apresentação do alvará de funcionamento é permitida na habilitação jurídica?,9,25615,,False,False,0.024955436720142603,42,0.8419350385665894,6,27.59426973640668,0.00980392156862745,0.015151515151515152,False
142,LLM,Em que situações a apresentação do alvará de funcionamento é permitida na habilitação jurídica?,10,31357,,False,False,0.024080267558528427,5,0.8502177000045776,55,17.780707969243046,0.015384615384615385,0.008695652173913044,True
143,LLM,É permitida a acumulação do cargo de secretário municipal com o cargo de professor?,1,20797,3.0,True,True,0.03278688524590164,1,0.8755595684051514,1,49.527413815537464,0.01639344262295082,0.01639344262295082,True
143,LLM,É permitida a acumulação do cargo de secretário municipal com o cargo de professor?,2,19506,2.0,True,True,0.0315136476426799,2,0.8645830750465393,5,39.83911530387593,0.016129032258064516,0.015384615384615385,True
143,LLM,É permitida a acumulação do cargo de secretário municipal com o cargo de professor?,3,147869,,False,False,0.03125,4,0.8594741821289062,4,40.04435413685129,0.015625,0.015625,True
143,LLM,É permitida a acumulação do cargo de secretário municipal com o cargo de professor?,4,33448,,False,False,0.0304147465437788,10,0.8559008836746216,2,47.56193729876148,0.014285714285714285,0.016129032258064516,True
143,LLM,É permitida a acumulação do cargo de secretário municipal com o cargo de professor?,5,19553,2.0,True,True,0.02967032967032967,5,0.8592567443847656,10,34.911623112274036,0.015384615384615385,0.014285714285714285,True
143,LLM,É permitida a acumulação do cargo de secretário municipal com o cargo de professor?,6,19582,,False,False,0.02904040404040404,6,0.8590277433395386,12,34.163913157646014,0.015151515151515152,0.013888888888888888,True
143,LLM,É permitida a acumulação do cargo de secretário municipal com o cargo de professor?,7,19539,2.0,True,True,0.027479766610201392,17,0.8545998334884644,9,34.911623112274036,0.012987012987012988,0.014492753623188406,False
143,LLM,É permitida a acumulação do cargo de secretário municipal com o cargo de professor?,8,19593,,False,False,0.0273972602739726,13,0.8551188707351685,13,33.0810760628114,0.0136986301369863,0.0136986301369863,False
143,LLM,É permitida a acumulação do cargo de secretário municipal com o cargo de professor?,9,59282,,False,False,0.027205882352941177,8,0.8561326861381531,20,30.051296385087973,0.014705882352941176,0.0125,True
143,LLM,É permitida a acumulação do cargo de secretário municipal com o cargo de professor?,10,19586,2.0,True,True,0.026132699813337858,23,0.852878749370575,11,34.911623112274036,0.012048192771084338,0.014084507042253521,False
144,LLM,A prescrição da pretensão punitiva do TCU afeta o julgamento das contas?,1,138140,,False,False,0.03225806451612903,2,0.8901176452636719,2,47.87537773348703,0.016129032258064516,0.016129032258064516,True
144,LLM,A prescrição da pretensão punitiva do TCU afeta o julgamento das contas?,2,11469,,False,False,0.03149801587301587,3,0.8892875909805298,4,40.374598158985314,0.015873015873015872,0.015625,True
144,LLM,A prescrição da pretensão punitiva do TCU afeta o julgamento das contas?,3,37772,,False,False,0.030536130536130537,5,0.8878981471061707,6,40.1626680111081,0.015384615384615385,0.015151515151515152,True
144,LLM,A prescrição da pretensão punitiva do TCU afeta o julgamento das contas?,4,87667,,False,False,0.029631255487269532,7,0.887376070022583,8,39.744183519122714,0.014925373134328358,0.014705882352941176,True
144,LLM,A prescrição da pretensão punitiva do TCU afeta o julgamento das contas?,5,26480,,False,False,0.028790389395194696,8,0.8869943022727966,11,38.27190405727494,0.014705882352941176,0.014084507042253521,True
144,LLM,A prescrição da pretensão punitiva do TCU afeta o julgamento das contas?,6,26585,,False,False,0.027212143650499815,14,0.8848400712013245,13,37.87876663129821,0.013513513513513514,0.0136986301369863,False
144,LLM,A prescrição da pretensão punitiva do TCU afeta o julgamento das contas?,7,40133,,False,False,0.027146130794993832,1,0.8990554809570312,33,29.7803373318662,0.01639344262295082,0.010752688172043012,True
144,LLM,A prescrição da pretensão punitiva do TCU afeta o julgamento das contas?,8,26553,,False,False,0.026875901875901876,17,0.8845372200012207,12,38.14372932936113,0.012987012987012988,0.013888888888888888,False
144,LLM,A prescrição da pretensão punitiva do TCU afeta o julgamento das contas?,9,135564,3.0,True,True,0.026151315789473682,4,0.8886860013008118,35,29.407467214819313,0.015625,0.010526315789473684,True
144,LLM,A prescrição da pretensão punitiva do TCU afeta o julgamento das contas?,10,26478,,False,False,0.025833333333333333,20,0.8843533992767334,15,35.69608359238467,0.0125,0.013333333333333334,False
145,LLM,O Banco de Preços em Saúde é uma referência de preços válida para a aquisição de medicamentos?,1,86727,3.0,True,True,0.03252247488101534,2,0.8783539533615112,1,76.98881685485819,0.016129032258064516,0.01639344262295082,True
145,LLM,O Banco de Preços em Saúde é uma referência de preços válida para a aquisição de medicamentos?,2,20581,3.0,True,True,0.032266458495966696,1,0.8838840126991272,3,62.72213351662424,0.01639344262295082,0.015873015873015872,True
145,LLM,O Banco de Preços em Saúde é uma referência de preços válida para a aquisição de medicamentos?,3,85914,3.0,True,True,0.03128054740957967,6,0.8729504346847534,2,62.98770937350133,0.015151515151515152,0.016129032258064516,True
145,LLM,O Banco de Preços em Saúde é uma referência de preços válida para a aquisição de medicamentos?,4,61975,3.0,True,True,0.030798389007344232,3,0.8778791427612305,7,59.64999653097806,0.015873015873015872,0.014925373134328358,True
145,LLM,O Banco de Preços em Saúde é uma referência de preços válida para a aquisição de medicamentos?,5,27209,3.0,True,True,0.030776515151515152,4,0.8778738379478455,6,59.64999653097806,0.015625,0.015151515151515152,True
145,LLM,O Banco de Preços em Saúde é uma referência de preços válida para a aquisição de medicamentos?,6,28030,1.0,True,True,0.03076923076923077,5,0.8739047050476074,5,59.64999653097806,0.015384615384615385,0.015384615384615385,True
145,LLM,O Banco de Preços em Saúde é uma referência de preços válida para a aquisição de medicamentos?,7,17306,3.0,True,True,0.029709507042253523,11,0.8668396472930908,4,60.67251445537214,0.014084507042253521,0.015625,False
145,LLM,O Banco de Preços em Saúde é uma referência de preços válida para a aquisição de medicamentos?,8,21291,,False,False,0.02900988017658188,7,0.8693710565567017,11,42.78994565210816,0.014925373134328358,0.014084507042253521,True
145,LLM,O Banco de Preços em Saúde é uma referência de preços válida para a aquisição de medicamentos?,9,43507,3.0,True,True,0.028985507246376812,9,0.8679224848747253,9,59.64999653097806,0.014492753623188406,0.014492753623188406,True
145,LLM,O Banco de Preços em Saúde é uma referência de preços válida para a aquisição de medicamentos?,10,47183,1.0,True,True,0.028594771241830064,12,0.8665088415145874,8,59.64999653097806,0.013888888888888888,0.014705882352941176,False
146,LLM,É possível a inclusão de serviços já previstos no edital em uma alteração contratual,1,81554,,False,False,0.031099324975891997,8,0.8425447940826416,1,48.12095469066255,0.014705882352941176,0.01639344262295082,True
146,LLM,É possível a inclusão de serviços já previstos no edital em uma alteração contratual,2,17331,,False,False,0.030158730158730156,10,0.8413681983947754,3,39.39762276646557,0.014285714285714285,0.015873015873015872,True
146,LLM,É possível a inclusão de serviços já previstos no edital em uma alteração contratual,3,20512,,False,False,0.03007688828584351,7,0.8427273035049438,6,36.30608337688206,0.014925373134328358,0.015151515151515152,True
146,LLM,É possível a inclusão de serviços já previstos no edital em uma alteração contratual,4,18367,,False,False,0.02964426877470356,6,0.8434724807739258,9,34.809715819607376,0.015151515151515152,0.014492753623188406,True
146,LLM,É possível a inclusão de serviços já previstos no edital em uma alteração contratual,5,20511,2.0,True,True,0.028125,20,0.8389136791229248,4,38.38606614729686,0.0125,0.015625,False
146,LLM,É possível a inclusão de serviços já previstos no edital em uma alteração contratual,6,34297,,False,False,0.028083267871170464,16,0.8395588397979736,7,35.92164859156634,0.013157894736842105,0.014925373134328358,False
146,LLM,É possível a inclusão de serviços já previstos no edital em uma alteração contratual,7,34197,,False,False,0.02797067901234568,4,0.8444265723228455,21,27.842608673302166,0.015625,0.012345679012345678,True
146,LLM,É possível a inclusão de serviços já previstos no edital em uma alteração contratual,8,18057,,False,False,0.02750455373406193,1,0.8466265201568604,30,22.94831315556535,0.01639344262295082,0.011111111111111112,True
146,LLM,É possível a inclusão de serviços já previstos no edital em uma alteração contratual,9,83622,,False,False,0.026655348047538198,2,0.8458549380302429,35,20.619215402161956,0.016129032258064516,0.010526315789473684,True
146,LLM,É possível a inclusão de serviços já previstos no edital em uma alteração contratual,10,21089,,False,False,0.026153846153846153,18,0.8394119143486023,15,32.944516483545996,0.01282051282051282,0.013333333333333334,False
147,LLM,O princípio da legalidade estrita pode ser afastado em favor de outros princípios no procedimento licitatório?,1,26915,,False,False,0.03252247488101534,1,0.8630157709121704,2,26.674590405579607,0.01639344262295082,0.016129032258064516,True
147,LLM,O princípio da legalidade estrita pode ser afastado em favor de outros princípios no procedimento licitatório?,2,68513,,False,False,0.032018442622950824,4,0.856959342956543,1,33.794208286979064,0.015625,0.01639344262295082,True
147,LLM,O princípio da legalidade estrita pode ser afastado em favor de outros princípios no procedimento licitatório?,3,33040,,False,False,0.030776515151515152,6,0.8565917015075684,4,22.321800115973858,0.015151515151515152,0.015625,True
147,LLM,O princípio da legalidade estrita pode ser afastado em favor de outros princípios no procedimento licitatório?,4,452,3.0,True,True,0.030621785881252923,2,0.8607867956161499,9,17.32626174503132,0.016129032258064516,0.014492753623188406,True
147,LLM,O princípio da legalidade estrita pode ser afastado em favor de outros princípios no procedimento licitatório?,5,143281,,False,False,0.030309988518943745,7,0.856343150138855,5,20.460445292502683,0.014925373134328358,0.015384615384615385,True
147,LLM,O princípio da legalidade estrita pode ser afastado em favor de outros princípios no procedimento licitatório?,6,20551,,False,False,0.030158730158730156,10,0.8549259901046753,3,24.832364636127643,0.014285714285714285,0.015873015873015872,True
147,LLM,O princípio da legalidade estrita pode ser afastado em favor de outros princípios no procedimento licitatório?,7,39805,,False,False,0.030090497737556562,5,0.8569574356079102,8,18.1660304148402,0.015384615384615385,0.014705882352941176,True
147,LLM,O princípio da legalidade estrita pode ser afastado em favor de outros princípios no procedimento licitatório?,8,31619,,False,False,0.029418126757516764,9,0.855241060256958,7,18.47284688850668,0.014492753623188406,0.014925373134328358,True
147,LLM,O princípio da legalidade estrita pode ser afastado em favor de outros princípios no procedimento licitatório?,9,20859,,False,False,0.029030910609857977,3,0.8603681921958923,16,15.123171733843717,0.015873015873015872,0.013157894736842105,True
147,LLM,O princípio da legalidade estrita pode ser afastado em favor de outros princípios no procedimento licitatório?,10,137717,,False,False,0.023306233062330622,22,0.8525876402854919,30,12.568792398014322,0.012195121951219513,0.011111111111111112,False
148,LLM,Quais fontes devem ser prioritárias na pesquisa de preços para a renovação do contrato de serviços de natureza continuada?,1,20532,,False,False,0.032018442622950824,4,0.8561777472496033,1,38.46558757654594,0.015625,0.01639344262295082,True
148,LLM,Quais fontes devem ser prioritárias na pesquisa de preços para a renovação do contrato de serviços de natureza continuada?,2,43880,3.0,True,True,0.03036576949620428,3,0.8571826219558716,9,31.27674868034111,0.015873015873015872,0.014492753623188406,True
148,LLM,Quais fontes devem ser prioritárias na pesquisa de preços para a renovação do contrato de serviços de natureza continuada?,3,139562,2.0,True,True,0.029437229437229435,10,0.8529244661331177,6,33.2868193784186,0.014285714285714285,0.015151515151515152,True
148,LLM,Quais fontes devem ser prioritárias na pesquisa de preços para a renovação do contrato de serviços de natureza continuada?,4,142364,,False,False,0.028438886647841874,7,0.8536676168441772,14,29.280180031771415,0.014925373134328358,0.013513513513513514,True
148,LLM,Quais fontes devem ser prioritárias na pesquisa de preços para a renovação do contrato de serviços de natureza continuada?,5,117370,2.0,True,True,0.028169014084507043,11,0.8527928590774536,11,30.377520982201087,0.014084507042253521,0.014084507042253521,False
148,LLM,Quais fontes devem ser prioritárias na pesquisa de preços para a renovação do contrato de serviços de natureza continuada?,6,43879,,False,False,0.027146130794993832,1,0.8591210246086121,33,27.259450535577432,0.01639344262295082,0.010752688172043012,True
148,LLM,Quais fontes devem ser prioritárias na pesquisa de preços para a renovação do contrato de serviços de natureza continuada?,7,17124,2.0,True,True,0.026022913256955812,5,0.855686604976654,34,26.92729752274831,0.015384615384615385,0.010638297872340425,True
148,LLM,Quais fontes devem ser prioritárias na pesquisa de preços para a renovação do contrato de serviços de natureza continuada?,8,21789,2.0,True,True,0.02490096208262592,54,0.8459716439247131,2,37.010885608034414,0.008771929824561403,0.016129032258064516,False
148,LLM,Quais fontes devem ser prioritárias na pesquisa de preços para a renovação do contrato de serviços de natureza continuada?,9,18410,2.0,True,True,0.024606872451951076,8,0.8535840511322021,41,24.678330289404585,0.014705882352941176,0.009900990099009901,True
148,LLM,Quais fontes devem ser prioritárias na pesquisa de preços para a renovação do contrato de serviços de natureza continuada?,10,22836,,False,False,0.024444444444444446,15,0.8520045280456543,30,27.890337005069284,0.013333333333333334,0.011111111111111112,False
149,LLM,Devem ser aceitas nas contratações de software as cartas de exclusividade emitidas pelos próprios fabricantes?,1,64928,3.0,True,True,0.03278688524590164,1,0.8899351358413696,1,57.40344431149633,0.01639344262295082,0.01639344262295082,True
149,LLM,Devem ser aceitas nas contratações de software as cartas de exclusividade emitidas pelos próprios fabricantes?,2,32920,3.0,True,True,0.031024531024531024,6,0.8537787199020386,3,53.145461120957705,0.015151515151515152,0.015873015873015872,True
149,LLM,Devem ser aceitas nas contratações de software as cartas de exclusividade emitidas pelos próprios fabricantes?,3,34108,3.0,True,True,0.0304147465437788,10,0.8501852750778198,2,53.740604069487446,0.014285714285714285,0.016129032258064516,True
149,LLM,Devem ser aceitas nas contratações de software as cartas de exclusividade emitidas pelos próprios fabricantes?,4,17353,,False,False,0.028438886647841874,7,0.8528330326080322,14,37.64010460131912,0.014925373134328358,0.013513513513513514,True
149,LLM,Devem ser aceitas nas contratações de software as cartas de exclusividade emitidas pelos próprios fabricantes?,5,17291,,False,False,0.027783137179239824,11,0.8500716686248779,13,37.64010460131912,0.014084507042253521,0.0136986301369863,False
149,LLM,Devem ser aceitas nas contratações de software as cartas de exclusividade emitidas pelos próprios fabricantes?,6,76208,,False,False,0.027745885954841176,18,0.8483928442001343,7,40.887322251051245,0.01282051282051282,0.014925373134328358,False
149,LLM,Devem ser aceitas nas contratações de software as cartas de exclusividade emitidas pelos próprios fabricantes?,7,129558,,False,False,0.026860955056179775,4,0.8547636270523071,29,34.158713246885455,0.015625,0.011235955056179775,True
149,LLM,Devem ser aceitas nas contratações de software as cartas de exclusividade emitidas pelos próprios fabricantes?,8,19383,,False,False,0.026333907056798625,23,0.8465126752853394,10,38.15248354940796,0.012048192771084338,0.014285714285714285,False
149,LLM,Devem ser aceitas nas contratações de software as cartas de exclusividade emitidas pelos próprios fabricantes?,9,34143,1.0,True,True,0.026333113890717574,2,0.8582876324653625,38,30.118285854548375,0.016129032258064516,0.01020408163265306,True
149,LLM,Devem ser aceitas nas contratações de software as cartas de exclusividade emitidas pelos próprios fabricantes?,10,18212,,False,False,0.026013513513513515,14,0.8493747711181641,20,36.711960463718555,0.013513513513513514,0.0125,False
150,LLM,Qual é a regra geral para a contratação de entidade para prestação de serviços de assistência médica a servidores?,1,91254,,False,False,0.032266458495966696,3,0.859121561050415,1,38.68389515553448,0.015873015873015872,0.01639344262295082,True
150,LLM,Qual é a regra geral para a contratação de entidade para prestação de serviços de assistência médica a servidores?,2,16358,,False,False,0.031099324975891997,1,0.8626358509063721,8,25.08226805408883,0.01639344262295082,0.014705882352941176,True
150,LLM,Qual é a regra geral para a contratação de entidade para prestação de serviços de assistência médica a servidores?,3,39040,2.0,True,True,0.031024531024531024,6,0.8568447828292847,3,30.109679966259893,0.015151515151515152,0.015873015873015872,True
150,LLM,Qual é a regra geral para a contratação de entidade para prestação de serviços de assistência médica a servidores?,4,34244,,False,False,0.030621785881252923,9,0.8555566668510437,2,32.61047700641006,0.014492753623188406,0.016129032258064516,True
150,LLM,Qual é a regra geral para a contratação de entidade para prestação de serviços de assistência médica a servidores?,5,17892,3.0,True,True,0.03055037313432836,4,0.8588237166404724,7,25.535438363130947,0.015625,0.014925373134328358,True
150,LLM,Qual é a regra geral para a contratação de entidade para prestação de serviços de assistência médica a servidores?,6,34219,2.0,True,True,0.030536130536130537,5,0.8577532172203064,6,26.700503125543676,0.015384615384615385,0.015151515151515152,True
150,LLM,Qual é a regra geral para a contratação de entidade para prestação de serviços de assistência médica a servidores?,7,39043,3.0,True,True,0.030309988518943745,7,0.856536328792572,5,27.505353298924533,0.014925373134328358,0.015384615384615385,True
150,LLM,Qual é a regra geral para a contratação de entidade para prestação de serviços de assistência médica a servidores?,8,18234,3.0,True,True,0.029910714285714284,10,0.8548880815505981,4,29.718731740382317,0.014285714285714285,0.015625,True
150,LLM,Qual é a regra geral para a contratação de entidade para prestação de serviços de assistência médica a servidores?,9,31239,2.0,True,True,0.027106227106227107,18,0.8526138067245483,10,21.314921251932166,0.01282051282051282,0.014285714285714285,False
150,LLM,Qual é a regra geral para a contratação de entidade para prestação de serviços de assistência médica a servidores?,10,39056,,False,False,0.026838432635534086,21,0.8522452116012573,9,24.940687573927434,0.012345679012345678,0.014492753623188406,False
